Order_ID,Order_Date,Customer_ID,Customer_Name,Customer_Segment,City,Region,Category,Product,Lead_Channel,Sales_Rep,Order_Status,Quantity,Unit_Price,Discount,Gross_Sales,Net_Sales,Cost,Profit,Month,Quarter,Year,Lead_ID,Lead_Status,Sales_Cycle_Days,Customer_Type
ORD-00001,2025-04-13,CUST-0378,Business Client 0378,Interior Designer,Pune,West,Clothing & Fashion,Lifestyle,Trade Show,Kabir,Lost,57,4085.59,0.05,232878.64,221234.71,168662.09,52572.62,2025-04,Q2,2025,LEAD-00001,Lost,58,New
ORD-00002,2026-03-12,CUST-0395,Business Client 0395,Retailer,Surat,West,Gifts,Corporate Gifts,Sales Call,Anaya,Won,88,394.47,0.05,34713.37,32977.7,24387.4,8590.3,2026-03,Q1,2026,LEAD-00002,Converted,35,Existing
ORD-00003,2025-09-28,CUST-0041,Business Client 0041,Retailer,Kolkata,East,Home Textiles,Bedsheets,Website,Aarav,Won,99,2665.66,0.1,263900.63,237510.56,173342.89,64167.67,2025-09,Q3,2025,LEAD-00003,Converted,25,New
ORD-00004,2025-04-17,CUST-0154,Business Client 0154,Distributor,Kochi,South,Clothing & Fashion,Lifestyle,Sales Call,Ishita,Won,78,4471.4,0.0,348769.25,348769.25,259799.2,88970.05,2025-04,Q2,2025,LEAD-00004,Converted,45,Existing
ORD-00005,2025-03-13,CUST-0370,Business Client 0370,Retailer,Jaipur,North,Home Textiles,Towels,Sales Call,Meera,Lost,48,813.7,0.0,39057.77,39057.77,26881.87,12175.9,2025-03,Q1,2025,LEAD-00005,Lost,25,New
ORD-00006,2025-01-21,CUST-0012,Business Client 0012,Institutional Buyer,Lucknow,North,Clothing & Fashion,Fashion Accessories,Sales Call,Arjun,Won,79,3396.1,0.1,268291.87,241462.68,175378.67,66084.01,2025-01,Q1,2025,LEAD-00006,Converted,41,New
ORD-00007,2026-09-07,CUST-0352,Business Client 0352,Manufacturer,Kochi,South,Home Textiles,Bedsheets,Website,Anaya,Won,49,1046.35,0.1,51271.33,46144.2,28872.01,17272.19,2026-09,Q3,2026,LEAD-00007,Converted,22,New
ORD-00008,2025-05-02,CUST-0220,Business Client 0220,Retailer,Bengaluru,South,Home Decor,Vases,Sales Call,Meera,Won,67,6010.8,0.15,402723.93,342315.34,241590.07,100725.27,2025-05,Q2,2025,LEAD-00008,Converted,34,New
ORD-00009,2026-04-12,CUST-0018,Business Client 0018,Institutional Buyer,Bhubaneswar,East,Clothing & Fashion,Fashion Accessories,Sales Call,Anaya,Won,70,1777.35,0.05,124414.18,118193.47,77625.86,40567.61,2026-04,Q2,2026,LEAD-00009,Converted,29,Existing
ORD-00010,2025-08-03,CUST-0111,Business Client 0111,Institutional Buyer,Delhi,North,Gifts,Festive Gifts,Email Campaign,Ishita,Won,46,2172.37,0.0,99928.86,99928.86,75361.35,24567.51,2025-08,Q3,2025,LEAD-00010,Converted,8,Existing
ORD-00011,2025-11-27,CUST-0395,Business Client 0395,Distributor,Lucknow,North,Houseware,Utility,Trade Show,Diya,Won,32,1178.01,0.2,37696.42,30157.14,20228.14,9929.0,2025-11,Q4,2025,LEAD-00011,Converted,23,Existing
ORD-00012,2026-04-04,CUST-0175,Business Client 0175,Distributor,Ahmedabad,West,Home Decor,Vases,Website,Rohan,Lost,5,4444.88,0.05,22224.42,21113.19,14802.62,6310.57,2026-04,Q2,2026,LEAD-00012,Lost,31,Existing
ORD-00013,2025-03-29,CUST-0119,Business Client 0119,Manufacturer,Kochi,South,Home Decor,Wall Decor,Email Campaign,Kabir,Lost,10,1493.9,0.2,14939.02,11951.21,7025.74,4925.47,2025-03,Q1,2025,LEAD-00013,Lost,22,Existing
ORD-00014,2026-01-08,CUST-0178,Business Client 0178,Importer,Gurugram,North,Home Textiles,Towels,Email Campaign,Arjun,Won,24,3459.89,0.15,83037.37,70581.76,47356.69,23225.07,2026-01,Q1,2026,LEAD-00014,Converted,39,Existing
ORD-00015,2025-04-10,CUST-0311,Business Client 0311,Retailer,Kochi,South,Houseware,Tableware,Website,Arjun,Won,12,2116.03,0.0,25392.31,25392.31,18245.01,7147.3,2025-04,Q2,2025,LEAD-00015,Converted,31,Existing
ORD-00016,2025-05-11,CUST-0361,Business Client 0361,Distributor,Chennai,South,Home Decor,Decorative Lamps,Sales Call,Diya,Lost,80,5732.16,0.15,458573.14,389787.17,278071.95,111715.22,2025-05,Q2,2025,LEAD-00016,Lost,46,New
ORD-00017,2025-11-05,CUST-0102,Business Client 0102,Manufacturer,Bhubaneswar,East,Houseware,Storage,Website,Kabir,Lost,93,1830.94,0.05,170277.78,161763.89,104403.49,57360.4,2025-11,Q4,2025,LEAD-00017,Lost,31,Existing
ORD-00018,2025-12-10,CUST-0093,Business Client 0093,Institutional Buyer,Gurugram,North,Clothing & Fashion,Apparel,Email Campaign,Aarav,Lost,92,3244.24,0.1,298470.37,268623.33,176239.45,92383.88,2025-12,Q4,2025,LEAD-00018,Lost,7,Existing
ORD-00019,2026-05-07,CUST-0117,Business Client 0117,Distributor,Mumbai,West,Home Textiles,Bedsheets,Trade Show,Rohan,Won,76,2504.64,0.1,190352.52,171317.27,115782.44,55534.83,2026-05,Q2,2026,LEAD-00019,Converted,39,Existing
ORD-00020,2026-02-18,CUST-0336,Business Client 0336,Importer,Chennai,South,Home Textiles,Bedsheets,Sales Call,Arjun,Won,19,1683.1,0.15,31978.82,27182.0,18107.9,9074.1,2026-02,Q1,2026,LEAD-00020,Converted,14,Existing
ORD-00021,2026-01-21,CUST-0291,Business Client 0291,Manufacturer,Delhi,North,Clothing & Fashion,Apparel,Website,Anaya,Won,17,1781.93,0.05,30292.78,28778.14,21313.24,7464.9,2026-01,Q1,2026,LEAD-00021,Converted,6,Existing
ORD-00022,2025-07-11,CUST-0298,Business Client 0298,Manufacturer,Nagpur,Central,Home Textiles,Curtains,Website,Anaya,Won,93,2067.44,0.05,192272.21,182658.6,134926.52,47732.08,2025-07,Q3,2025,LEAD-00022,Converted,40,Existing
ORD-00023,2025-10-04,CUST-0378,Business Client 0378,Institutional Buyer,Surat,West,Home Decor,Decorative Lamps,Sales Call,Aarav,Won,51,4529.99,0.0,231029.66,231029.66,162228.15,68801.51,2025-10,Q4,2025,LEAD-00023,Converted,23,Existing
ORD-00024,2025-06-10,CUST-0049,Business Client 0049,Retailer,Kolkata,East,Clothing & Fashion,Apparel,Referral,Kabir,Won,23,1173.67,0.05,26994.36,25644.64,15658.54,9986.1,2025-06,Q2,2025,LEAD-00024,Converted,35,New
ORD-00025,2026-04-05,CUST-0291,Business Client 0291,Distributor,Kochi,South,Clothing & Fashion,Lifestyle,Trade Show,Arjun,Won,39,3175.14,0.05,123830.6,117639.07,91471.09,26167.98,2026-04,Q2,2026,LEAD-00025,Converted,28,Existing
ORD-00026,2025-11-10,CUST-0353,Business Client 0353,Distributor,Delhi,North,Houseware,Storage,Sales Call,Meera,Won,28,2255.71,0.0,63160.01,63160.01,37714.84,25445.17,2025-11,Q4,2025,LEAD-00026,Converted,24,Existing
ORD-00027,2025-01-22,CUST-0300,Business Client 0300,Retailer,Ahmedabad,West,Home Decor,Wall Decor,Website,Rohan,Won,53,4951.54,0.1,262431.42,236188.28,169117.04,67071.24,2025-01,Q1,2025,LEAD-00027,Converted,19,New
ORD-00028,2025-09-10,CUST-0311,Business Client 0311,Retailer,Chennai,South,Home Decor,Decorative Lamps,Website,Anaya,Won,39,3684.27,0.0,143686.72,143686.72,103167.2,40519.52,2025-09,Q3,2025,LEAD-00028,Converted,45,Existing
ORD-00029,2026-07-15,CUST-0364,Business Client 0364,Institutional Buyer,Chennai,South,Home Textiles,Bedsheets,Trade Show,Aarav,Won,12,2886.35,0.2,34636.2,27708.96,21208.44,6500.52,2026-07,Q3,2026,LEAD-00029,Converted,4,Existing
ORD-00030,2026-04-20,CUST-0361,Business Client 0361,Manufacturer,Bengaluru,South,Houseware,Utility,Trade Show,Rohan,Won,37,730.12,0.0,27014.47,27014.47,17514.42,9500.05,2026-04,Q2,2026,LEAD-00030,Converted,26,Existing
ORD-00031,2025-02-28,CUST-0239,Business Client 0239,Distributor,Pune,West,Clothing & Fashion,Apparel,Referral,Aarav,Won,30,4964.71,0.15,148941.33,126600.13,78707.57,47892.56,2025-02,Q1,2025,LEAD-00031,Converted,27,New
ORD-00032,2026-05-26,CUST-0206,Business Client 0206,Importer,Chennai,South,Houseware,Kitchenware,Field Visit,Meera,Lost,10,2510.58,0.0,25105.85,25105.85,15684.2,9421.65,2026-05,Q2,2026,LEAD-00032,Lost,22,Existing
ORD-00033,2026-04-21,CUST-0117,Business Client 0117,Distributor,Pune,West,Houseware,Kitchenware,Email Campaign,Diya,Won,99,2364.99,0.05,234133.66,222426.98,135519.15,86907.83,2026-04,Q2,2026,LEAD-00033,Converted,10,Existing
ORD-00034,2025-07-09,CUST-0043,Business Client 0043,Retailer,Lucknow,North,Home Decor,Vases,Field Visit,Ishita,Won,36,4484.6,0.15,161445.7,137228.84,79601.85,57626.99,2025-07,Q3,2025,LEAD-00034,Converted,41,New
ORD-00035,2026-07-17,CUST-0329,Business Client 0329,Importer,Pune,West,Houseware,Tableware,Sales Call,Meera,Won,93,456.01,0.0,42408.7,42408.7,25803.57,16605.13,2026-07,Q3,2026,LEAD-00035,Converted,42,Existing
ORD-00036,2026-07-21,CUST-0116,Business Client 0116,Manufacturer,Bhubaneswar,East,Home Textiles,Towels,Trade Show,Arjun,Won,44,2941.91,0.05,129444.08,122971.87,74538.43,48433.44,2026-07,Q3,2026,LEAD-00036,Converted,38,Existing
ORD-00037,2025-09-01,CUST-0376,Business Client 0376,Importer,Bhubaneswar,East,Houseware,Tableware,Email Campaign,Arjun,Lost,90,661.27,0.1,59514.31,53562.88,38361.46,15201.42,2025-09,Q3,2025,LEAD-00037,Lost,37,Existing
ORD-00038,2026-05-20,CUST-0196,Business Client 0196,Institutional Buyer,Delhi,North,Home Textiles,Bedsheets,Sales Call,Diya,Won,49,627.9,0.05,30767.08,29228.73,17825.07,11403.66,2026-05,Q2,2026,LEAD-00038,Converted,12,Existing
ORD-00039,2025-05-11,CUST-0048,Business Client 0048,Distributor,Surat,West,Home Textiles,Curtains,Website,Rohan,Won,42,1677.18,0.2,70441.61,56353.29,41801.55,14551.74,2025-05,Q2,2025,LEAD-00039,Converted,6,New
ORD-00040,2026-04-30,CUST-0087,Business Client 0087,Retailer,Mumbai,West,Clothing & Fashion,Fashion Accessories,Referral,Rohan,Lost,38,2527.79,0.15,96055.96,81647.57,49081.51,32566.06,2026-04,Q2,2026,LEAD-00040,Lost,30,Existing
ORD-00041,2025-01-21,CUST-0028,Business Client 0028,Manufacturer,Lucknow,North,Home Textiles,Bedsheets,Sales Call,Kabir,Lost,28,606.71,0.2,16987.95,13590.36,10443.69,3146.67,2025-01,Q1,2025,LEAD-00041,Lost,43,New
ORD-00042,2025-06-16,CUST-0049,Business Client 0049,Manufacturer,Hyderabad,South,Home Decor,Wall Decor,Referral,Meera,Won,42,3990.88,0.2,167616.84,134093.47,95671.68,38421.79,2025-06,Q2,2025,LEAD-00042,Converted,44,Existing
ORD-00043,2025-10-01,CUST-0380,Business Client 0380,Manufacturer,Bhubaneswar,East,Home Textiles,Bedsheets,Email Campaign,Diya,Won,14,2896.14,0.1,40546.0,36491.4,27089.53,9401.87,2025-10,Q4,2025,LEAD-00043,Converted,36,Existing
ORD-00044,2026-01-23,CUST-0113,Business Client 0113,Interior Designer,Hyderabad,South,Home Textiles,Bedsheets,Trade Show,Anaya,Won,63,2150.28,0.1,135467.38,121920.64,82809.66,39110.98,2026-01,Q1,2026,LEAD-00044,Converted,44,Existing
ORD-00045,2026-08-24,CUST-0203,Business Client 0203,Importer,Delhi,North,Home Textiles,Cushion Covers,Field Visit,Anaya,Won,51,1256.72,0.15,64092.88,54478.94,38747.19,15731.75,2026-08,Q3,2026,LEAD-00045,Converted,35,Existing
ORD-00046,2025-11-12,CUST-0189,Business Client 0189,Interior Designer,Gurugram,North,Gifts,Corporate Gifts,Trade Show,Aarav,Won,33,1348.89,0.05,44513.26,42287.6,28023.29,14264.31,2025-11,Q4,2025,LEAD-00046,Converted,39,Existing
ORD-00047,2025-01-14,CUST-0104,Business Client 0104,Distributor,Lucknow,North,Houseware,Storage,Sales Call,Kabir,Lost,29,1546.21,0.1,44839.95,40355.96,31411.54,8944.42,2025-01,Q1,2025,LEAD-00047,Lost,31,New
ORD-00048,2025-08-30,CUST-0209,Business Client 0209,Retailer,Nagpur,Central,Clothing & Fashion,Fashion Accessories,Sales Call,Ishita,Won,95,523.53,0.15,49735.66,42275.31,24818.24,17457.07,2025-08,Q3,2025,LEAD-00048,Converted,8,Existing
ORD-00049,2025-12-12,CUST-0293,Business Client 0293,Importer,Bhubaneswar,East,Gifts,Corporate Gifts,Website,Ishita,Won,74,1259.37,0.15,93193.67,79214.62,55340.04,23874.58,2025-12,Q4,2025,LEAD-00049,Converted,33,Existing
ORD-00050,2026-07-19,CUST-0388,Business Client 0388,Retailer,Delhi,North,Home Textiles,Towels,Sales Call,Anaya,Won,61,1663.02,0.0,101444.27,101444.27,63411.57,38032.7,2026-07,Q3,2026,LEAD-00050,Converted,20,Existing
ORD-00051,2025-12-06,CUST-0019,Business Client 0019,Institutional Buyer,Bhubaneswar,East,Home Decor,Decorative Lamps,Website,Anaya,Lost,53,1723.8,0.0,91361.31,91361.31,68066.57,23294.74,2025-12,Q4,2025,LEAD-00051,Lost,60,Existing
ORD-00052,2025-04-02,CUST-0399,Business Client 0399,Manufacturer,Kolkata,East,Home Textiles,Towels,Trade Show,Ishita,Won,96,2706.99,0.1,259870.98,233883.88,172402.9,61480.98,2025-04,Q2,2025,LEAD-00052,Converted,18,Existing
ORD-00053,2026-01-02,CUST-0051,Business Client 0051,Manufacturer,Guwahati,East,Gifts,Festive Gifts,Field Visit,Rohan,Won,65,1568.07,0.1,101924.73,91732.26,70259.88,21472.38,2026-01,Q1,2026,LEAD-00053,Converted,4,New
ORD-00054,2026-03-31,CUST-0129,Business Client 0129,Retailer,Ahmedabad,West,Home Textiles,Curtains,Website,Anaya,Won,88,2907.93,0.1,255897.83,230308.05,156446.47,73861.58,2026-03,Q1,2026,LEAD-00054,Converted,16,Existing
ORD-00055,2026-03-04,CUST-0220,Business Client 0220,Retailer,Bengaluru,South,Home Textiles,Bedsheets,Sales Call,Ishita,Won,35,3267.87,0.0,114375.42,114375.42,72644.86,41730.56,2026-03,Q1,2026,LEAD-00055,Converted,37,Existing
ORD-00056,2026-05-24,CUST-0007,Business Client 0007,Distributor,Lucknow,North,Clothing & Fashion,Fashion Accessories,Referral,Ishita,Won,77,1126.6,0.1,86748.52,78073.67,51701.88,26371.79,2026-05,Q2,2026,LEAD-00056,Converted,33,Existing
ORD-00057,2025-02-04,CUST-0087,Business Client 0087,Manufacturer,Guwahati,East,Home Textiles,Cushion Covers,Field Visit,Diya,Won,75,1680.34,0.2,126025.77,100820.61,61399.05,39421.56,2025-02,Q1,2025,LEAD-00057,Converted,22,New
ORD-00058,2025-07-25,CUST-0061,Business Client 0061,Importer,Delhi,North,Houseware,Tableware,Field Visit,Rohan,Pending,65,908.36,0.1,59043.12,53138.81,36382.98,16755.83,2025-07,Q3,2025,LEAD-00058,Open,38,Existing
ORD-00059,2025-03-22,CUST-0144,Business Client 0144,Retailer,Pune,West,Home Decor,Rugs,Sales Call,Anaya,Won,74,6050.9,0.0,447766.31,447766.31,268441.5,179324.81,2025-03,Q1,2025,LEAD-00059,Converted,15,New
ORD-00060,2026-07-16,CUST-0366,Business Client 0366,Importer,Ahmedabad,West,Houseware,Storage,Referral,Meera,Won,63,2422.95,0.0,152645.92,152645.92,98615.83,54030.09,2026-07,Q3,2026,LEAD-00060,Converted,43,Existing
ORD-00061,2026-01-23,CUST-0044,Business Client 0044,Institutional Buyer,Gurugram,North,Home Textiles,Cushion Covers,Field Visit,Aarav,Lost,31,3339.91,0.0,103537.33,103537.33,67168.05,36369.28,2026-01,Q1,2026,LEAD-00061,Lost,55,Existing
ORD-00062,2025-01-02,CUST-0085,Business Client 0085,Importer,Chennai,South,Home Decor,Decorative Lamps,Email Campaign,Anaya,Won,47,6779.76,0.15,318648.5,270851.22,188382.08,82469.14,2025-01,Q1,2025,LEAD-00062,Converted,14,New
ORD-00063,2026-01-25,CUST-0220,Business Client 0220,Interior Designer,Jaipur,North,Houseware,Tableware,Email Campaign,Aarav,Won,88,1956.38,0.0,172161.22,172161.22,117312.41,54848.81,2026-01,Q1,2026,LEAD-00063,Converted,5,Existing
ORD-00064,2026-07-20,CUST-0375,Business Client 0375,Manufacturer,Jaipur,North,Home Textiles,Bedsheets,Referral,Rohan,Won,98,2345.89,0.2,229897.62,183918.1,122039.26,61878.84,2026-07,Q3,2026,LEAD-00064,Converted,4,Existing
ORD-00065,2025-04-16,CUST-0265,Business Client 0265,Retailer,Delhi,North,Gifts,Gift Sets,Field Visit,Meera,Won,31,2101.66,0.05,65151.35,61893.78,47948.59,13945.19,2025-04,Q2,2025,LEAD-00065,Converted,31,New
ORD-00066,2026-04-22,CUST-0190,Business Client 0190,Manufacturer,Gurugram,North,Houseware,Tableware,Field Visit,Aarav,Pending,77,2536.27,0.1,195293.02,175763.72,130978.36,44785.36,2026-04,Q2,2026,LEAD-00066,Open,49,Existing
ORD-00067,2026-02-06,CUST-0381,Business Client 0381,Importer,Delhi,North,Home Decor,Decorative Lamps,Email Campaign,Anaya,Won,61,4378.95,0.05,267115.85,253760.06,148760.01,105000.05,2026-02,Q1,2026,LEAD-00067,Converted,44,Existing
ORD-00068,2026-07-10,CUST-0191,Business Client 0191,Retailer,Pune,West,Home Decor,Vases,Sales Call,Rohan,Won,24,5989.65,0.1,143751.72,129376.55,82938.41,46438.14,2026-07,Q3,2026,LEAD-00068,Converted,33,Existing
ORD-00069,2025-06-11,CUST-0354,Business Client 0354,Manufacturer,Ahmedabad,West,Gifts,Corporate Gifts,Field Visit,Anaya,Lost,43,1714.23,0.0,73711.86,73711.86,45245.53,28466.33,2025-06,Q2,2025,LEAD-00069,Lost,5,New
ORD-00070,2025-07-21,CUST-0110,Business Client 0110,Importer,Bhubaneswar,East,Home Decor,Vases,Trade Show,Kabir,Won,82,911.6,0.0,74751.25,74751.25,53935.84,20815.41,2025-07,Q3,2025,LEAD-00070,Converted,25,Existing
ORD-00071,2025-09-27,CUST-0286,Business Client 0286,Institutional Buyer,Ahmedabad,West,Gifts,Corporate Gifts,Field Visit,Aarav,Won,77,2213.7,0.1,170454.6,153409.14,105566.92,47842.22,2025-09,Q3,2025,LEAD-00071,Converted,29,New
ORD-00072,2025-09-28,CUST-0120,Business Client 0120,Importer,Nagpur,Central,Houseware,Utility,Sales Call,Arjun,Won,63,474.13,0.05,29869.97,28376.47,18390.25,9986.22,2025-09,Q3,2025,LEAD-00072,Converted,32,Existing
ORD-00073,2026-04-01,CUST-0201,Business Client 0201,Institutional Buyer,Guwahati,East,Home Textiles,Bedsheets,Website,Rohan,Won,15,3486.31,0.1,52294.69,47065.22,28379.7,18685.52,2026-04,Q2,2026,LEAD-00073,Converted,28,Existing
ORD-00074,2026-04-07,CUST-0232,Business Client 0232,Retailer,Bengaluru,South,Houseware,Kitchenware,Field Visit,Rohan,Won,91,1473.41,0.15,134080.23,113968.19,76207.8,37760.39,2026-04,Q2,2026,LEAD-00074,Converted,13,Existing
ORD-00075,2025-09-09,CUST-0072,Business Client 0072,Manufacturer,Ahmedabad,West,Home Decor,Wall Decor,Trade Show,Arjun,Won,32,5677.85,0.05,181691.27,172606.7,134075.37,38531.33,2025-09,Q3,2025,LEAD-00075,Converted,23,Existing
ORD-00076,2025-10-23,CUST-0237,Business Client 0237,Retailer,Gurugram,North,Home Textiles,Bedsheets,Trade Show,Meera,Won,31,920.07,0.0,28522.24,28522.24,20027.06,8495.18,2025-10,Q4,2025,LEAD-00076,Converted,17,Existing
ORD-00077,2025-12-04,CUST-0233,Business Client 0233,Retailer,Lucknow,North,Houseware,Kitchenware,Trade Show,Aarav,Won,47,1549.7,0.05,72835.91,69194.12,40746.86,28447.26,2025-12,Q4,2025,LEAD-00077,Converted,36,Existing
ORD-00078,2025-02-22,CUST-0108,Business Client 0108,Institutional Buyer,Lucknow,North,Home Textiles,Bedsheets,Email Campaign,Kabir,Lost,59,3122.67,0.05,184237.39,175025.52,115326.98,59698.54,2025-02,Q1,2025,LEAD-00078,Lost,10,New
ORD-00079,2025-08-05,CUST-0177,Business Client 0177,Manufacturer,Kochi,South,Clothing & Fashion,Apparel,Sales Call,Arjun,Won,49,509.47,0.1,24963.9,22467.51,16758.91,5708.6,2025-08,Q3,2025,LEAD-00079,Converted,9,New
ORD-00080,2025-07-07,CUST-0285,Business Client 0285,Manufacturer,Surat,West,Houseware,Storage,Referral,Aarav,Won,23,2730.87,0.1,62809.95,56528.96,37452.42,19076.54,2025-07,Q3,2025,LEAD-00080,Converted,25,Existing
ORD-00081,2026-01-15,CUST-0296,Business Client 0296,Distributor,Chennai,South,Home Decor,Rugs,Email Campaign,Diya,Won,77,6216.93,0.0,478703.71,478703.71,328770.59,149933.12,2026-01,Q1,2026,LEAD-00081,Converted,20,Existing
ORD-00082,2026-05-08,CUST-0107,Business Client 0107,Importer,Mumbai,West,Houseware,Utility,Email Campaign,Diya,Won,94,883.34,0.0,83033.84,83033.84,54592.96,28440.88,2026-05,Q2,2026,LEAD-00082,Converted,18,Existing
ORD-00083,2025-02-10,CUST-0313,Business Client 0313,Distributor,Surat,West,Houseware,Tableware,Field Visit,Ishita,Won,36,2774.92,0.1,99896.94,89907.25,58820.42,31086.83,2025-02,Q1,2025,LEAD-00083,Converted,42,New
ORD-00084,2025-06-06,CUST-0126,Business Client 0126,Importer,Surat,West,Home Decor,Vases,Trade Show,Kabir,Won,72,5523.82,0.05,397715.2,377829.44,219648.15,158181.29,2025-06,Q2,2025,LEAD-00084,Converted,43,Existing
ORD-00085,2025-01-15,CUST-0045,Business Client 0045,Manufacturer,Mumbai,West,Home Textiles,Cushion Covers,Website,Meera,Won,80,2179.07,0.2,174325.23,139460.18,95723.03,43737.15,2025-01,Q1,2025,LEAD-00085,Converted,31,New
ORD-00086,2025-03-06,CUST-0087,Business Client 0087,Interior Designer,Chennai,South,Home Textiles,Curtains,Email Campaign,Ishita,Won,10,2768.64,0.2,27686.41,22149.13,14237.31,7911.82,2025-03,Q1,2025,LEAD-00086,Converted,5,Existing
ORD-00087,2026-06-05,CUST-0379,Business Client 0379,Interior Designer,Surat,West,Clothing & Fashion,Apparel,Website,Arjun,Pending,21,2991.7,0.1,62825.74,56543.16,41411.1,15132.06,2026-06,Q2,2026,LEAD-00087,Open,27,Existing
ORD-00088,2025-12-10,CUST-0397,Business Client 0397,Retailer,Ahmedabad,West,Home Decor,Decorative Lamps,Trade Show,Arjun,Won,50,2257.23,0.1,112861.54,101575.38,79222.98,22352.4,2025-12,Q4,2025,LEAD-00088,Converted,30,Existing
ORD-00089,2025-05-09,CUST-0147,Business Client 0147,Institutional Buyer,Pune,West,Home Decor,Rugs,Referral,Arjun,Won,90,4648.09,0.05,418328.55,397412.12,273659.94,123752.18,2025-05,Q2,2025,LEAD-00089,Converted,24,Existing
ORD-00090,2026-04-17,CUST-0371,Business Client 0371,Manufacturer,Nagpur,Central,Houseware,Storage,Email Campaign,Kabir,Lost,25,455.9,0.0,11397.52,11397.52,8820.79,2576.73,2026-04,Q2,2026,LEAD-00090,Lost,38,Existing
ORD-00091,2025-03-04,CUST-0219,Business Client 0219,Distributor,Chennai,South,Clothing & Fashion,Fashion Accessories,Website,Diya,Won,37,2130.21,0.1,78817.64,70935.87,53832.56,17103.31,2025-03,Q1,2025,LEAD-00091,Converted,10,Existing
ORD-00092,2025-05-19,CUST-0325,Business Client 0325,Distributor,Kochi,South,Gifts,Festive Gifts,Referral,Rohan,Won,77,921.48,0.05,70953.85,67406.16,42547.41,24858.75,2025-05,Q2,2025,LEAD-00092,Converted,22,Existing
ORD-00093,2026-05-14,CUST-0184,Business Client 0184,Manufacturer,Guwahati,East,Houseware,Tableware,Referral,Ishita,Pending,90,662.97,0.15,59667.74,50717.58,32243.8,18473.78,2026-05,Q2,2026,LEAD-00093,Open,12,Existing
ORD-00094,2026-08-16,CUST-0188,Business Client 0188,Interior Designer,Bengaluru,South,Gifts,Festive Gifts,Sales Call,Anaya,Lost,75,1674.04,0.0,125552.94,125552.94,96351.61,29201.33,2026-08,Q3,2026,LEAD-00094,Lost,51,Existing
ORD-00095,2026-01-27,CUST-0290,Business Client 0290,Manufacturer,Bengaluru,South,Gifts,Festive Gifts,Trade Show,Rohan,Won,50,938.81,0.1,46940.45,42246.41,29378.49,12867.92,2026-01,Q1,2026,LEAD-00095,Converted,33,Existing
ORD-00096,2026-02-23,CUST-0215,Business Client 0215,Importer,Kolkata,East,Home Textiles,Curtains,Trade Show,Ishita,Won,20,1934.78,0.15,38695.59,32891.25,21716.82,11174.43,2026-02,Q1,2026,LEAD-00096,Converted,10,Existing
ORD-00097,2025-10-16,CUST-0023,Business Client 0023,Retailer,Lucknow,North,Home Decor,Rugs,Sales Call,Anaya,Lost,21,6869.68,0.0,144263.34,144263.34,109312.92,34950.42,2025-10,Q4,2025,LEAD-00097,Lost,21,Existing
ORD-00098,2026-01-14,CUST-0264,Business Client 0264,Manufacturer,Bhubaneswar,East,Home Decor,Vases,Trade Show,Diya,Won,18,2254.85,0.0,40587.32,40587.32,30982.67,9604.65,2026-01,Q1,2026,LEAD-00098,Converted,20,Existing
ORD-00099,2026-05-05,CUST-0088,Business Client 0088,Interior Designer,Kochi,South,Home Decor,Decorative Lamps,Referral,Diya,Won,80,1437.04,0.1,114963.13,103466.82,78546.35,24920.47,2026-05,Q2,2026,LEAD-00099,Converted,14,Existing
ORD-00100,2025-08-19,CUST-0198,Business Client 0198,Interior Designer,Lucknow,North,Home Textiles,Bedsheets,Trade Show,Anaya,Pending,69,889.79,0.2,61395.49,49116.4,32636.71,16479.69,2025-08,Q3,2025,LEAD-00100,Open,56,Existing
ORD-00101,2025-02-10,CUST-0364,Business Client 0364,Retailer,Lucknow,North,Clothing & Fashion,Apparel,Trade Show,Kabir,Won,64,3708.71,0.1,237357.26,213621.54,165174.2,48447.34,2025-02,Q1,2025,LEAD-00101,Converted,6,New
ORD-00102,2025-01-28,CUST-0256,Business Client 0256,Importer,Mumbai,West,Houseware,Kitchenware,Trade Show,Ishita,Lost,16,1646.14,0.05,26338.26,25021.35,15067.74,9953.61,2025-01,Q1,2025,LEAD-00102,Lost,53,New
ORD-00103,2025-05-15,CUST-0237,Business Client 0237,Institutional Buyer,Ahmedabad,West,Home Decor,Vases,Trade Show,Diya,Won,35,3101.2,0.15,108542.07,92260.76,67424.59,24836.17,2025-05,Q2,2025,LEAD-00103,Converted,17,Existing
ORD-00104,2025-07-20,CUST-0118,Business Client 0118,Retailer,Bengaluru,South,Home Textiles,Towels,Referral,Ishita,Pending,48,1685.39,0.05,80898.85,76853.91,45468.19,31385.72,2025-07,Q3,2025,LEAD-00104,Open,27,New
ORD-00105,2025-02-02,CUST-0372,Business Client 0372,Institutional Buyer,Chennai,South,Houseware,Tableware,Trade Show,Anaya,Won,28,2861.88,0.05,80132.75,76126.12,57948.2,18177.92,2025-02,Q1,2025,LEAD-00105,Converted,45,New
ORD-00106,2025-02-17,CUST-0233,Business Client 0233,Retailer,Kolkata,East,Home Decor,Vases,Website,Diya,Won,32,2162.79,0.0,69209.38,69209.38,45437.07,23772.31,2025-02,Q1,2025,LEAD-00106,Converted,44,New
ORD-00107,2026-05-18,CUST-0160,Business Client 0160,Importer,Delhi,North,Home Textiles,Cushion Covers,Website,Kabir,Won,11,1544.29,0.2,16987.15,13589.72,10184.3,3405.42,2026-05,Q2,2026,LEAD-00107,Converted,13,Existing
ORD-00108,2026-02-11,CUST-0104,Business Client 0104,Importer,Lucknow,North,Gifts,Corporate Gifts,Trade Show,Aarav,Won,71,1315.15,0.1,93375.79,84038.21,58527.72,25510.49,2026-02,Q1,2026,LEAD-00108,Converted,39,Existing
ORD-00109,2026-07-28,CUST-0181,Business Client 0181,Manufacturer,Jaipur,North,Gifts,Gift Sets,Sales Call,Anaya,Won,21,1650.43,0.1,34659.04,31193.14,19008.87,12184.27,2026-07,Q3,2026,LEAD-00109,Converted,13,Existing
ORD-00110,2025-04-09,CUST-0084,Business Client 0084,Manufacturer,Lucknow,North,Clothing & Fashion,Lifestyle,Website,Meera,Won,56,3605.0,0.1,201879.93,181691.94,139198.08,42493.86,2025-04,Q2,2025,LEAD-00110,Converted,20,Existing
ORD-00111,2026-07-01,CUST-0397,Business Client 0397,Importer,Bengaluru,South,Home Decor,Decorative Lamps,Website,Arjun,Won,100,5013.65,0.05,501364.61,476296.38,328318.44,147977.94,2026-07,Q3,2026,LEAD-00111,Converted,28,Existing
ORD-00112,2026-09-05,CUST-0252,Business Client 0252,Distributor,Bhubaneswar,East,Houseware,Storage,Trade Show,Anaya,Won,37,1723.53,0.0,63770.54,63770.54,45105.4,18665.14,2026-09,Q3,2026,LEAD-00112,Converted,30,Existing
ORD-00113,2026-04-07,CUST-0354,Business Client 0354,Distributor,Lucknow,North,Houseware,Storage,Trade Show,Aarav,Won,22,1980.33,0.15,43567.19,37032.11,28202.91,8829.2,2026-04,Q2,2026,LEAD-00113,Converted,36,Existing
ORD-00114,2025-01-05,CUST-0093,Business Client 0093,Interior Designer,Hyderabad,South,Home Decor,Vases,Referral,Ishita,Won,12,2722.0,0.2,32664.0,26131.2,19146.74,6984.46,2025-01,Q1,2025,LEAD-00114,Converted,14,New
ORD-00115,2025-08-06,CUST-0349,Business Client 0349,Institutional Buyer,Kochi,South,Home Textiles,Curtains,Website,Kabir,Won,47,638.17,0.05,29994.0,28494.3,17927.52,10566.78,2025-08,Q3,2025,LEAD-00115,Converted,16,Existing
ORD-00116,2026-05-18,CUST-0113,Business Client 0113,Interior Designer,Kochi,South,Houseware,Storage,Trade Show,Arjun,Pending,38,2354.72,0.15,89479.41,76057.5,58083.99,17973.51,2026-05,Q2,2026,LEAD-00116,Open,42,Existing
ORD-00117,2026-02-02,CUST-0041,Business Client 0041,Institutional Buyer,Hyderabad,South,Home Textiles,Bedsheets,Website,Aarav,Won,95,1746.81,0.0,165947.11,165947.11,124122.34,41824.77,2026-02,Q1,2026,LEAD-00117,Converted,34,Existing
ORD-00118,2026-01-28,CUST-0303,Business Client 0303,Retailer,Delhi,North,Home Textiles,Bedsheets,Sales Call,Arjun,Won,72,2244.87,0.05,161630.42,153548.89,99900.46,53648.43,2026-01,Q1,2026,LEAD-00118,Converted,36,Existing
ORD-00119,2025-07-26,CUST-0324,Business Client 0324,Importer,Jaipur,North,Clothing & Fashion,Apparel,Referral,Diya,Won,19,3172.11,0.0,60270.11,60270.11,42623.54,17646.57,2025-07,Q3,2025,LEAD-00119,Converted,24,Existing
ORD-00120,2025-01-15,CUST-0116,Business Client 0116,Importer,Guwahati,East,Clothing & Fashion,Apparel,Referral,Arjun,Lost,65,2820.47,0.05,183330.38,174163.86,102596.56,71567.3,2025-01,Q1,2025,LEAD-00120,Lost,10,New
ORD-00121,2026-07-08,CUST-0179,Business Client 0179,Distributor,Kolkata,East,Home Textiles,Curtains,Email Campaign,Ishita,Won,64,2067.53,0.05,132321.95,125705.86,78702.34,47003.52,2026-07,Q3,2026,LEAD-00121,Converted,42,Existing
ORD-00122,2026-04-06,CUST-0379,Business Client 0379,Retailer,Guwahati,East,Home Textiles,Cushion Covers,Sales Call,Arjun,Won,73,2777.21,0.05,202736.1,192599.29,116536.3,76062.99,2026-04,Q2,2026,LEAD-00122,Converted,26,Existing
ORD-00123,2026-07-29,CUST-0010,Business Client 0010,Manufacturer,Gurugram,North,Home Decor,Vases,Website,Ishita,Won,20,4175.88,0.1,83517.62,75165.86,57911.11,17254.75,2026-07,Q3,2026,LEAD-00123,Converted,13,Existing
ORD-00124,2025-08-29,CUST-0198,Business Client 0198,Importer,Bengaluru,South,Home Decor,Vases,Sales Call,Aarav,Won,69,1866.95,0.0,128819.77,128819.77,77246.39,51573.38,2025-08,Q3,2025,LEAD-00124,Converted,36,Existing
ORD-00125,2026-07-18,CUST-0175,Business Client 0175,Institutional Buyer,Guwahati,East,Houseware,Tableware,Website,Rohan,Won,45,1206.15,0.1,54276.67,48849.0,35435.62,13413.38,2026-07,Q3,2026,LEAD-00125,Converted,25,Existing
ORD-00126,2025-04-06,CUST-0388,Business Client 0388,Importer,Jaipur,North,Houseware,Kitchenware,Trade Show,Anaya,Lost,72,2565.29,0.2,184701.08,147760.86,98635.14,49125.72,2025-04,Q2,2025,LEAD-00126,Lost,55,Existing
ORD-00127,2026-04-30,CUST-0043,Business Client 0043,Distributor,Hyderabad,South,Home Decor,Decorative Lamps,Field Visit,Diya,Won,69,3790.04,0.2,261512.69,209210.15,130828.62,78381.53,2026-04,Q2,2026,LEAD-00127,Converted,9,Existing
ORD-00128,2026-02-11,CUST-0328,Business Client 0328,Manufacturer,Bengaluru,South,Home Textiles,Cushion Covers,Website,Meera,Lost,61,2890.04,0.2,176292.7,141034.16,82142.71,58891.45,2026-02,Q1,2026,LEAD-00128,Lost,38,Existing
ORD-00129,2025-08-19,CUST-0019,Business Client 0019,Importer,Mumbai,West,Houseware,Storage,Trade Show,Ishita,Won,10,1392.22,0.05,13922.24,13226.13,8815.92,4410.21,2025-08,Q3,2025,LEAD-00129,Converted,13,Existing
ORD-00130,2025-06-20,CUST-0319,Business Client 0319,Importer,Delhi,North,Home Textiles,Curtains,Field Visit,Diya,Won,58,2700.46,0.2,156626.69,125301.36,80825.74,44475.62,2025-06,Q2,2025,LEAD-00130,Converted,19,Existing
ORD-00131,2026-06-25,CUST-0387,Business Client 0387,Distributor,Bengaluru,South,Clothing & Fashion,Fashion Accessories,Field Visit,Diya,Won,62,2402.28,0.05,148941.29,141494.23,93318.62,48175.61,2026-06,Q2,2026,LEAD-00131,Converted,16,Existing
ORD-00132,2025-02-05,CUST-0084,Business Client 0084,Manufacturer,Pune,West,Home Decor,Vases,Email Campaign,Kabir,Won,30,1277.27,0.0,38318.18,38318.18,26815.4,11502.78,2025-02,Q1,2025,LEAD-00132,Converted,23,New
ORD-00133,2026-06-09,CUST-0083,Business Client 0083,Retailer,Guwahati,East,Houseware,Kitchenware,Field Visit,Diya,Won,14,1875.6,0.0,26258.45,26258.45,16144.13,10114.32,2026-06,Q2,2026,LEAD-00133,Converted,7,Existing
ORD-00134,2025-06-09,CUST-0083,Business Client 0083,Retailer,Bengaluru,South,Home Textiles,Towels,Field Visit,Aarav,Won,26,2375.61,0.2,61765.97,49412.78,34015.66,15397.12,2025-06,Q2,2025,LEAD-00134,Converted,23,Existing
ORD-00135,2025-08-31,CUST-0271,Business Client 0271,Manufacturer,Chennai,South,Home Decor,Wall Decor,Referral,Meera,Won,42,851.58,0.2,35766.51,28613.21,19079.41,9533.8,2025-08,Q3,2025,LEAD-00135,Converted,25,Existing
ORD-00136,2025-03-27,CUST-0063,Business Client 0063,Retailer,Kolkata,East,Home Decor,Rugs,Sales Call,Aarav,Won,45,5227.13,0.1,235220.71,211698.64,123367.19,88331.45,2025-03,Q1,2025,LEAD-00136,Converted,32,Existing
ORD-00137,2026-08-01,CUST-0164,Business Client 0164,Retailer,Bengaluru,South,Home Textiles,Towels,Trade Show,Kabir,Won,71,1146.03,0.15,81368.35,69163.1,45416.42,23746.68,2026-08,Q3,2026,LEAD-00137,Converted,19,Existing
ORD-00138,2026-07-11,CUST-0284,Business Client 0284,Importer,Guwahati,East,Houseware,Storage,Email Campaign,Aarav,Won,95,1302.0,0.1,123690.47,111321.42,70552.26,40769.16,2026-07,Q3,2026,LEAD-00138,Converted,26,Existing
ORD-00139,2026-07-28,CUST-0139,Business Client 0139,Institutional Buyer,Gurugram,North,Clothing & Fashion,Fashion Accessories,Email Campaign,Diya,Won,64,4027.94,0.05,257788.36,244898.94,166535.2,78363.74,2026-07,Q3,2026,LEAD-00139,Converted,33,Existing
ORD-00140,2025-01-28,CUST-0133,Business Client 0133,Distributor,Bengaluru,South,Home Textiles,Curtains,Trade Show,Aarav,Won,72,1130.09,0.2,81366.34,65093.07,39210.51,25882.56,2025-01,Q1,2025,LEAD-00140,Converted,33,New
ORD-00141,2026-09-12,CUST-0378,Business Client 0378,Interior Designer,Chennai,South,Clothing & Fashion,Fashion Accessories,Referral,Meera,Won,39,2990.21,0.05,116618.22,110787.31,80709.24,30078.07,2026-09,Q3,2026,LEAD-00141,Converted,6,Existing
ORD-00142,2026-07-10,CUST-0150,Business Client 0150,Retailer,Lucknow,North,Gifts,Festive Gifts,Referral,Aarav,Lost,53,480.78,0.1,25481.23,22933.11,15608.88,7324.23,2026-07,Q3,2026,LEAD-00142,Lost,35,Existing
ORD-00143,2025-12-06,CUST-0045,Business Client 0045,Institutional Buyer,Gurugram,North,Gifts,Festive Gifts,Field Visit,Aarav,Won,61,1174.96,0.05,71672.6,68088.97,46155.83,21933.14,2025-12,Q4,2025,LEAD-00143,Converted,40,Existing
ORD-00144,2025-11-27,CUST-0162,Business Client 0162,Distributor,Jaipur,North,Home Textiles,Curtains,Referral,Aarav,Won,37,1535.69,0.1,56820.52,51138.47,35614.3,15524.17,2025-11,Q4,2025,LEAD-00144,Converted,16,Existing
ORD-00145,2026-05-21,CUST-0175,Business Client 0175,Retailer,Chennai,South,Houseware,Storage,Website,Diya,Won,19,2962.87,0.15,56294.45,47850.29,34251.03,13599.26,2026-05,Q2,2026,LEAD-00145,Converted,45,Existing
ORD-00146,2025-12-14,CUST-0269,Business Client 0269,Importer,Mumbai,West,Home Textiles,Curtains,Field Visit,Rohan,Won,52,3335.34,0.2,173437.81,138750.25,94691.07,44059.18,2025-12,Q4,2025,LEAD-00146,Converted,35,Existing
ORD-00147,2026-04-18,CUST-0025,Business Client 0025,Institutional Buyer,Chennai,South,Clothing & Fashion,Lifestyle,Field Visit,Ishita,Won,66,3327.92,0.1,219642.66,197678.39,124666.76,73011.63,2026-04,Q2,2026,LEAD-00147,Converted,40,Existing
ORD-00148,2025-08-19,CUST-0030,Business Client 0030,Institutional Buyer,Kochi,South,Houseware,Utility,Referral,Aarav,Lost,55,1678.52,0.05,92318.43,87702.51,51101.93,36600.58,2025-08,Q3,2025,LEAD-00148,Lost,27,Existing
ORD-00149,2025-07-09,CUST-0335,Business Client 0335,Retailer,Lucknow,North,Home Textiles,Cushion Covers,Trade Show,Meera,Lost,80,1045.17,0.05,83613.59,79432.91,54226.75,25206.16,2025-07,Q3,2025,LEAD-00149,Lost,30,New
ORD-00150,2025-08-13,CUST-0235,Business Client 0235,Importer,Nagpur,Central,Clothing & Fashion,Fashion Accessories,Trade Show,Diya,Won,68,703.94,0.05,47867.7,45474.31,34826.85,10647.46,2025-08,Q3,2025,LEAD-00150,Converted,27,Existing
ORD-00151,2026-01-20,CUST-0209,Business Client 0209,Retailer,Bhubaneswar,East,Clothing & Fashion,Apparel,Referral,Kabir,Won,83,2844.83,0.05,236120.84,224314.79,160496.04,63818.75,2026-01,Q1,2026,LEAD-00151,Converted,19,Existing
ORD-00152,2026-01-12,CUST-0245,Business Client 0245,Manufacturer,Delhi,North,Home Textiles,Cushion Covers,Trade Show,Ishita,Won,96,1672.27,0.15,160537.48,136456.86,102413.19,34043.67,2026-01,Q1,2026,LEAD-00152,Converted,35,Existing
ORD-00153,2025-10-10,CUST-0218,Business Client 0218,Importer,Bhubaneswar,East,Home Textiles,Curtains,Sales Call,Diya,Won,63,1056.12,0.1,66535.46,59881.91,41413.46,18468.45,2025-10,Q4,2025,LEAD-00153,Converted,37,Existing
ORD-00154,2026-09-25,CUST-0378,Business Client 0378,Distributor,Pune,West,Home Decor,Decorative Lamps,Field Visit,Ishita,Won,66,2437.18,0.05,160854.16,152811.46,94465.8,58345.66,2026-09,Q3,2026,LEAD-00154,Converted,38,Existing
ORD-00155,2026-09-20,CUST-0165,Business Client 0165,Retailer,Kolkata,East,Houseware,Tableware,Sales Call,Arjun,Lost,8,2424.11,0.0,19392.9,19392.9,12090.43,7302.47,2026-09,Q3,2026,LEAD-00155,Lost,35,Existing
ORD-00156,2025-09-16,CUST-0230,Business Client 0230,Interior Designer,Gurugram,North,Home Textiles,Bedsheets,Referral,Diya,Won,50,2500.54,0.2,125027.11,100021.69,77940.05,22081.64,2025-09,Q3,2025,LEAD-00156,Converted,20,Existing
ORD-00157,2025-12-25,CUST-0400,Business Client 0400,Distributor,Pune,West,Gifts,Corporate Gifts,Trade Show,Rohan,Won,24,1767.08,0.05,42409.98,40289.48,27970.26,12319.22,2025-12,Q4,2025,LEAD-00157,Converted,5,Existing
ORD-00158,2026-04-01,CUST-0183,Business Client 0183,Interior Designer,Kolkata,East,Home Textiles,Cushion Covers,Referral,Arjun,Won,34,1438.33,0.1,48903.35,44013.02,32237.8,11775.22,2026-04,Q2,2026,LEAD-00158,Converted,29,New
ORD-00159,2026-02-15,CUST-0211,Business Client 0211,Interior Designer,Nagpur,Central,Houseware,Tableware,Email Campaign,Arjun,Won,87,2343.17,0.05,203855.92,193663.12,121189.56,72473.56,2026-02,Q1,2026,LEAD-00159,Converted,20,New
ORD-00160,2025-11-14,CUST-0189,Business Client 0189,Importer,Lucknow,North,Home Decor,Decorative Lamps,Email Campaign,Diya,Won,55,3863.72,0.1,212504.36,191253.92,147234.94,44018.98,2025-11,Q4,2025,LEAD-00160,Converted,41,Existing
ORD-00161,2025-08-13,CUST-0143,Business Client 0143,Retailer,Hyderabad,South,Houseware,Storage,Field Visit,Anaya,Won,91,2051.33,0.1,186670.59,168003.53,117579.02,50424.51,2025-08,Q3,2025,LEAD-00161,Converted,5,Existing
ORD-00162,2025-08-22,CUST-0156,Business Client 0156,Manufacturer,Kochi,South,Home Textiles,Curtains,Referral,Anaya,Won,24,2556.19,0.1,61348.46,55213.62,42075.13,13138.49,2025-08,Q3,2025,LEAD-00162,Converted,11,Existing
ORD-00163,2026-01-09,CUST-0128,Business Client 0128,Distributor,Chennai,South,Home Decor,Wall Decor,Referral,Meera,Won,58,4475.61,0.05,259585.33,246606.06,147202.38,99403.68,2026-01,Q1,2026,LEAD-00163,Converted,9,Existing
ORD-00164,2026-08-31,CUST-0239,Business Client 0239,Manufacturer,Surat,West,Home Textiles,Curtains,Trade Show,Arjun,Lost,60,1089.96,0.0,65397.65,65397.65,49667.76,15729.89,2026-08,Q3,2026,LEAD-00164,Lost,6,Existing
ORD-00165,2026-04-17,CUST-0364,Business Client 0364,Institutional Buyer,Jaipur,North,Houseware,Tableware,Trade Show,Diya,Won,57,2601.88,0.05,148307.05,140891.7,83718.83,57172.87,2026-04,Q2,2026,LEAD-00165,Converted,4,Existing
ORD-00166,2025-08-21,CUST-0392,Business Client 0392,Retailer,Pune,West,Home Decor,Decorative Lamps,Trade Show,Rohan,Won,88,5507.61,0.15,484669.99,411969.49,265823.64,146145.85,2025-08,Q3,2025,LEAD-00166,Converted,8,New
ORD-00167,2025-04-23,CUST-0278,Business Client 0278,Retailer,Bhubaneswar,East,Home Textiles,Curtains,Website,Diya,Won,100,3426.12,0.2,342611.98,274089.59,173847.68,100241.91,2025-04,Q2,2025,LEAD-00167,Converted,42,Existing
ORD-00168,2026-05-12,CUST-0313,Business Client 0313,Manufacturer,Guwahati,East,Home Decor,Vases,Trade Show,Arjun,Won,14,1693.29,0.0,23706.04,23706.04,15928.49,7777.55,2026-05,Q2,2026,LEAD-00168,Converted,12,Existing
ORD-00169,2026-03-18,CUST-0148,Business Client 0148,Distributor,Chennai,South,Home Textiles,Curtains,Sales Call,Diya,Won,80,2831.15,0.2,226491.83,181193.46,137327.23,43866.23,2026-03,Q1,2026,LEAD-00169,Converted,17,Existing
ORD-00170,2026-07-18,CUST-0397,Business Client 0397,Manufacturer,Hyderabad,South,Houseware,Kitchenware,Email Campaign,Rohan,Won,87,2459.24,0.05,213953.74,203256.05,138777.16,64478.89,2026-07,Q3,2026,LEAD-00170,Converted,30,Existing
ORD-00171,2025-09-25,CUST-0053,Business Client 0053,Distributor,Mumbai,West,Gifts,Gift Sets,Sales Call,Ishita,Won,99,1918.61,0.0,189941.98,189941.98,142635.16,47306.82,2025-09,Q3,2025,LEAD-00171,Converted,12,Existing
ORD-00172,2026-05-25,CUST-0177,Business Client 0177,Importer,Ahmedabad,West,Home Textiles,Bedsheets,Field Visit,Kabir,Won,42,3409.78,0.05,143210.74,136050.21,81276.86,54773.35,2026-05,Q2,2026,LEAD-00172,Converted,39,Existing
ORD-00173,2026-01-21,CUST-0205,Business Client 0205,Retailer,Guwahati,East,Houseware,Kitchenware,Sales Call,Aarav,Won,89,1010.77,0.15,89958.34,76464.59,53943.15,22521.44,2026-01,Q1,2026,LEAD-00173,Converted,32,Existing
ORD-00174,2026-01-22,CUST-0189,Business Client 0189,Importer,Gurugram,North,Home Textiles,Bedsheets,Trade Show,Anaya,Won,95,620.18,0.05,58916.85,55971.01,37683.03,18287.98,2026-01,Q1,2026,LEAD-00174,Converted,23,Existing
ORD-00175,2025-04-23,CUST-0143,Business Client 0143,Distributor,Jaipur,North,Home Decor,Decorative Lamps,Sales Call,Aarav,Pending,97,3749.26,0.1,363678.65,327310.79,204683.22,122627.57,2025-04,Q2,2025,LEAD-00175,Open,39,Existing
ORD-00176,2026-09-05,CUST-0237,Business Client 0237,Retailer,Surat,West,Home Decor,Rugs,Sales Call,Ishita,Won,61,6002.92,0.0,366178.03,366178.03,216016.79,150161.24,2026-09,Q3,2026,LEAD-00176,Converted,39,Existing
ORD-00177,2026-09-17,CUST-0056,Business Client 0056,Interior Designer,Bengaluru,South,Houseware,Utility,Sales Call,Ishita,Won,46,638.81,0.1,29385.4,26446.86,18331.81,8115.05,2026-09,Q3,2026,LEAD-00177,Converted,6,Existing
ORD-00178,2025-03-22,CUST-0273,Business Client 0273,Manufacturer,Gurugram,North,Home Textiles,Bedsheets,Email Campaign,Ishita,Won,53,1203.28,0.2,63773.67,51018.94,32300.05,18718.89,2025-03,Q1,2025,LEAD-00178,Converted,26,New
ORD-00179,2025-04-23,CUST-0188,Business Client 0188,Institutional Buyer,Ahmedabad,West,Home Textiles,Cushion Covers,Field Visit,Ishita,Pending,72,1551.24,0.1,111689.26,100520.34,65275.61,35244.73,2025-04,Q2,2025,LEAD-00179,Open,11,Existing
ORD-00180,2025-01-02,CUST-0137,Business Client 0137,Retailer,Ahmedabad,West,Home Decor,Rugs,Website,Arjun,Lost,46,5974.35,0.2,274819.87,219855.9,130234.21,89621.69,2025-01,Q1,2025,LEAD-00180,Lost,16,Existing
ORD-00181,2025-08-08,CUST-0152,Business Client 0152,Retailer,Nagpur,Central,Houseware,Tableware,Field Visit,Rohan,Won,38,462.26,0.05,17565.89,16687.6,10270.19,6417.41,2025-08,Q3,2025,LEAD-00181,Converted,22,Existing
ORD-00182,2026-07-20,CUST-0246,Business Client 0246,Retailer,Ahmedabad,West,Gifts,Corporate Gifts,Trade Show,Aarav,Won,30,1954.3,0.05,58628.85,55697.41,33497.06,22200.35,2026-07,Q3,2026,LEAD-00182,Converted,41,Existing
ORD-00183,2025-08-13,CUST-0277,Business Client 0277,Manufacturer,Pune,West,Home Textiles,Curtains,Field Visit,Anaya,Lost,89,2704.78,0.1,240725.2,216652.68,144457.24,72195.44,2025-08,Q3,2025,LEAD-00183,Lost,58,Existing
ORD-00184,2026-01-20,CUST-0180,Business Client 0180,Interior Designer,Bengaluru,South,Home Decor,Decorative Lamps,Website,Aarav,Won,72,1456.29,0.05,104852.88,99610.24,68941.84,30668.4,2026-01,Q1,2026,LEAD-00184,Converted,6,Existing
ORD-00185,2026-02-07,CUST-0030,Business Client 0030,Institutional Buyer,Lucknow,North,Gifts,Corporate Gifts,Trade Show,Kabir,Won,41,401.28,0.1,16452.35,14807.12,8684.21,6122.91,2026-02,Q1,2026,LEAD-00185,Converted,37,Existing
ORD-00186,2026-09-30,CUST-0031,Business Client 0031,Retailer,Kochi,South,Home Textiles,Towels,Sales Call,Meera,Won,65,1238.73,0.0,80517.61,80517.61,49024.1,31493.51,2026-09,Q3,2026,LEAD-00186,Converted,5,Existing
ORD-00187,2025-05-10,CUST-0273,Business Client 0273,Retailer,Bengaluru,South,Houseware,Tableware,Field Visit,Aarav,Won,67,2311.98,0.15,154902.97,131667.53,80535.86,51131.67,2025-05,Q2,2025,LEAD-00187,Converted,30,Existing
ORD-00188,2025-02-22,CUST-0163,Business Client 0163,Institutional Buyer,Gurugram,North,Home Textiles,Bedsheets,Website,Meera,Pending,39,1163.72,0.05,45384.93,43115.68,27622.37,15493.31,2025-02,Q1,2025,LEAD-00188,Open,40,New
ORD-00189,2026-02-20,CUST-0391,Business Client 0391,Manufacturer,Gurugram,North,Houseware,Storage,Email Campaign,Anaya,Won,9,2066.23,0.2,18596.09,14876.87,11142.37,3734.5,2026-02,Q1,2026,LEAD-00189,Converted,45,Existing
ORD-00190,2025-09-04,CUST-0363,Business Client 0363,Institutional Buyer,Kochi,South,Home Textiles,Towels,Trade Show,Diya,Won,39,1564.0,0.1,60995.95,54896.35,35940.18,18956.17,2025-09,Q3,2025,LEAD-00190,Converted,35,Existing
ORD-00191,2026-03-15,CUST-0237,Business Client 0237,Importer,Mumbai,West,Home Decor,Vases,Sales Call,Diya,Won,83,1927.03,0.05,159943.41,151946.23,93240.4,58705.83,2026-03,Q1,2026,LEAD-00191,Converted,38,Existing
ORD-00192,2025-07-22,CUST-0230,Business Client 0230,Distributor,Guwahati,East,Home Textiles,Cushion Covers,Referral,Diya,Pending,49,3009.5,0.05,147465.28,140092.01,83813.52,56278.49,2025-07,Q3,2025,LEAD-00192,Open,18,Existing
ORD-00193,2025-07-03,CUST-0146,Business Client 0146,Importer,Pune,West,Houseware,Kitchenware,Email Campaign,Arjun,Pending,27,2580.6,0.2,69676.14,55740.92,35129.81,20611.11,2025-07,Q3,2025,LEAD-00193,Open,42,Existing
ORD-00194,2025-05-03,CUST-0214,Business Client 0214,Importer,Lucknow,North,Houseware,Kitchenware,Sales Call,Anaya,Won,67,2941.56,0.1,197084.38,177375.94,115145.58,62230.36,2025-05,Q2,2025,LEAD-00194,Converted,30,Existing
ORD-00195,2026-02-05,CUST-0125,Business Client 0125,Importer,Gurugram,North,Home Decor,Wall Decor,Referral,Arjun,Won,7,1985.02,0.0,13895.13,13895.13,8241.74,5653.39,2026-02,Q1,2026,LEAD-00195,Converted,14,Existing
ORD-00196,2025-10-21,CUST-0048,Business Client 0048,Interior Designer,Delhi,North,Home Decor,Vases,Referral,Diya,Won,29,5290.24,0.0,153417.01,153417.01,93879.7,59537.31,2025-10,Q4,2025,LEAD-00196,Converted,42,Existing
ORD-00197,2025-10-07,CUST-0018,Business Client 0018,Institutional Buyer,Chennai,South,Home Textiles,Towels,Field Visit,Kabir,Won,85,1194.43,0.0,101526.18,101526.18,70539.37,30986.81,2025-10,Q4,2025,LEAD-00197,Converted,22,Existing
ORD-00198,2026-09-02,CUST-0263,Business Client 0263,Institutional Buyer,Delhi,North,Gifts,Gift Sets,Website,Arjun,Won,46,1474.45,0.1,67824.56,61042.11,38718.91,22323.2,2026-09,Q3,2026,LEAD-00198,Converted,28,Existing
ORD-00199,2025-07-17,CUST-0175,Business Client 0175,Retailer,Guwahati,East,Home Decor,Rugs,Email Campaign,Meera,Lost,21,2768.84,0.0,58145.61,58145.61,34312.41,23833.2,2025-07,Q3,2025,LEAD-00199,Lost,13,Existing
ORD-00200,2026-05-26,CUST-0311,Business Client 0311,Importer,Delhi,North,Home Textiles,Cushion Covers,Sales Call,Meera,Lost,41,2682.59,0.0,109986.1,109986.1,70311.74,39674.36,2026-05,Q2,2026,LEAD-00200,Lost,31,Existing
ORD-00201,2025-05-24,CUST-0022,Business Client 0022,Importer,Kolkata,East,Home Textiles,Curtains,Email Campaign,Meera,Won,22,670.04,0.1,14740.91,13266.82,8384.17,4882.65,2025-05,Q2,2025,LEAD-00201,Converted,5,New
ORD-00202,2026-09-01,CUST-0324,Business Client 0324,Retailer,Surat,West,Home Decor,Wall Decor,Email Campaign,Rohan,Won,83,4973.17,0.1,412773.21,371495.89,242250.58,129245.31,2026-09,Q3,2026,LEAD-00202,Converted,41,Existing
ORD-00203,2025-07-20,CUST-0138,Business Client 0138,Distributor,Kochi,South,Home Textiles,Curtains,Email Campaign,Diya,Won,98,1555.42,0.15,152430.67,129566.07,86404.02,43162.05,2025-07,Q3,2025,LEAD-00203,Converted,8,Existing
ORD-00204,2025-05-04,CUST-0225,Business Client 0225,Distributor,Pune,West,Home Decor,Wall Decor,Sales Call,Kabir,Won,35,5904.29,0.15,206650.29,175652.74,103288.69,72364.05,2025-05,Q2,2025,LEAD-00204,Converted,17,Existing
ORD-00205,2025-07-06,CUST-0283,Business Client 0283,Retailer,Kochi,South,Home Textiles,Towels,Referral,Aarav,Won,28,2034.92,0.0,56977.64,56977.64,34776.59,22201.05,2025-07,Q3,2025,LEAD-00205,Converted,21,Existing
ORD-00206,2025-11-22,CUST-0246,Business Client 0246,Retailer,Gurugram,North,Houseware,Utility,Trade Show,Anaya,Won,32,2169.36,0.1,69419.41,62477.47,38969.87,23507.6,2025-11,Q4,2025,LEAD-00206,Converted,39,Existing
ORD-00207,2026-04-09,CUST-0276,Business Client 0276,Manufacturer,Kolkata,East,Houseware,Utility,Trade Show,Arjun,Pending,36,1196.32,0.0,43067.63,43067.63,27206.61,15861.02,2026-04,Q2,2026,LEAD-00207,Open,43,Existing
ORD-00208,2025-12-15,CUST-0110,Business Client 0110,Distributor,Kochi,South,Gifts,Festive Gifts,Trade Show,Ishita,Won,35,1582.04,0.0,55371.33,55371.33,36132.6,19238.73,2025-12,Q4,2025,LEAD-00208,Converted,27,Existing
ORD-00209,2026-02-07,CUST-0164,Business Client 0164,Institutional Buyer,Delhi,North,Houseware,Storage,Field Visit,Meera,Won,74,1718.77,0.15,127188.97,108110.62,77328.52,30782.1,2026-02,Q1,2026,LEAD-00209,Converted,16,Existing
ORD-00210,2025-12-12,CUST-0317,Business Client 0317,Retailer,Pune,West,Houseware,Tableware,Website,Arjun,Won,72,1494.39,0.2,107596.05,86076.84,64338.36,21738.48,2025-12,Q4,2025,LEAD-00210,Converted,24,New
ORD-00211,2026-05-26,CUST-0273,Business Client 0273,Interior Designer,Bhubaneswar,East,Home Textiles,Cushion Covers,Email Campaign,Meera,Won,9,810.3,0.0,7292.72,7292.72,5268.46,2024.26,2026-05,Q2,2026,LEAD-00211,Converted,36,Existing
ORD-00212,2025-05-27,CUST-0072,Business Client 0072,Distributor,Ahmedabad,West,Home Textiles,Curtains,Field Visit,Arjun,Pending,39,3196.36,0.2,124658.18,99726.55,62343.61,37382.94,2025-05,Q2,2025,LEAD-00212,Open,53,New
ORD-00213,2025-05-28,CUST-0337,Business Client 0337,Retailer,Mumbai,West,Home Decor,Rugs,Referral,Diya,Pending,79,6216.43,0.05,491098.36,466543.44,299123.76,167419.68,2025-05,Q2,2025,LEAD-00213,Open,13,Existing
ORD-00214,2026-05-04,CUST-0173,Business Client 0173,Manufacturer,Kolkata,East,Clothing & Fashion,Apparel,Website,Kabir,Won,73,4427.87,0.05,323234.32,307072.6,222950.01,84122.59,2026-05,Q2,2026,LEAD-00214,Converted,27,Existing
ORD-00215,2026-07-05,CUST-0137,Business Client 0137,Importer,Kolkata,East,Houseware,Kitchenware,Email Campaign,Meera,Won,90,1787.84,0.05,160905.38,152860.11,97153.15,55706.96,2026-07,Q3,2026,LEAD-00215,Converted,38,Existing
ORD-00216,2025-12-04,CUST-0220,Business Client 0220,Interior Designer,Lucknow,North,Home Textiles,Towels,Email Campaign,Aarav,Won,15,2413.32,0.05,36199.84,34389.84,22062.95,12326.89,2025-12,Q4,2025,LEAD-00216,Converted,33,Existing
ORD-00217,2026-04-18,CUST-0208,Business Client 0208,Retailer,Ahmedabad,West,Gifts,Festive Gifts,Field Visit,Aarav,Won,65,1008.93,0.1,65580.54,59022.49,42878.52,16143.97,2026-04,Q2,2026,LEAD-00217,Converted,31,Existing
ORD-00218,2025-05-31,CUST-0367,Business Client 0367,Importer,Kolkata,East,Gifts,Gift Sets,Field Visit,Aarav,Won,100,2353.14,0.0,235314.23,235314.23,163992.52,71321.71,2025-05,Q2,2025,LEAD-00218,Converted,10,New
ORD-00219,2026-02-19,CUST-0358,Business Client 0358,Importer,Chennai,South,Gifts,Corporate Gifts,Email Campaign,Diya,Won,34,2367.36,0.05,80490.19,76465.68,59426.15,17039.53,2026-02,Q1,2026,LEAD-00219,Converted,45,Existing
ORD-00220,2025-10-25,CUST-0230,Business Client 0230,Distributor,Hyderabad,South,Houseware,Utility,Website,Kabir,Won,93,2877.33,0.1,267591.5,240832.35,167702.97,73129.38,2025-10,Q4,2025,LEAD-00220,Converted,38,Existing
ORD-00221,2026-09-03,CUST-0292,Business Client 0292,Importer,Surat,West,Home Textiles,Cushion Covers,Trade Show,Diya,Won,47,2594.6,0.0,121945.98,121945.98,76929.89,45016.09,2026-09,Q3,2026,LEAD-00221,Converted,33,Existing
ORD-00222,2025-09-20,CUST-0039,Business Client 0039,Distributor,Surat,West,Home Textiles,Towels,Trade Show,Aarav,Won,33,930.41,0.2,30703.48,24562.78,17956.05,6606.73,2025-09,Q3,2025,LEAD-00222,Converted,37,Existing
ORD-00223,2025-05-24,CUST-0044,Business Client 0044,Distributor,Surat,West,Home Textiles,Curtains,Sales Call,Anaya,Lost,22,1420.92,0.05,31260.17,29697.16,19565.3,10131.86,2025-05,Q2,2025,LEAD-00223,Lost,5,Existing
ORD-00224,2025-12-12,CUST-0161,Business Client 0161,Distributor,Lucknow,North,Home Decor,Wall Decor,Field Visit,Kabir,Won,46,5819.99,0.0,267719.32,267719.32,198882.62,68836.7,2025-12,Q4,2025,LEAD-00224,Converted,12,Existing
ORD-00225,2026-09-16,CUST-0379,Business Client 0379,Manufacturer,Bhubaneswar,East,Home Decor,Decorative Lamps,Website,Diya,Won,7,3647.85,0.0,25534.98,25534.98,17063.25,8471.73,2026-09,Q3,2026,LEAD-00225,Converted,15,Existing
ORD-00226,2026-07-26,CUST-0119,Business Client 0119,Retailer,Surat,West,Home Decor,Wall Decor,Trade Show,Aarav,Pending,46,4511.09,0.1,207510.17,186759.15,116555.92,70203.23,2026-07,Q3,2026,LEAD-00226,Open,52,Existing
ORD-00227,2025-01-02,CUST-0029,Business Client 0029,Retailer,Bengaluru,South,Home Textiles,Curtains,Sales Call,Arjun,Won,100,3011.71,0.0,301171.17,301171.17,219390.76,81780.41,2025-01,Q1,2025,LEAD-00227,Converted,13,New
ORD-00228,2025-10-31,CUST-0009,Business Client 0009,Institutional Buyer,Ahmedabad,West,Home Textiles,Towels,Field Visit,Meera,Pending,12,3017.44,0.1,36209.28,32588.35,22590.36,9997.99,2025-10,Q4,2025,LEAD-00228,Open,18,Existing
ORD-00229,2025-09-11,CUST-0012,Business Client 0012,Interior Designer,Bhubaneswar,East,Clothing & Fashion,Apparel,Referral,Aarav,Lost,26,4289.74,0.05,111533.35,105956.68,63090.58,42866.1,2025-09,Q3,2025,LEAD-00229,Lost,40,Existing
ORD-00230,2026-03-29,CUST-0319,Business Client 0319,Distributor,Mumbai,West,Gifts,Gift Sets,Website,Aarav,Won,47,2338.12,0.05,109891.47,104396.9,74589.28,29807.62,2026-03,Q1,2026,LEAD-00230,Converted,16,Existing
ORD-00231,2025-02-06,CUST-0094,Business Client 0094,Institutional Buyer,Kochi,South,Houseware,Tableware,Email Campaign,Rohan,Won,96,565.75,0.1,54311.55,48880.39,31433.65,17446.74,2025-02,Q1,2025,LEAD-00231,Converted,45,New
ORD-00232,2025-06-09,CUST-0309,Business Client 0309,Retailer,Kolkata,East,Home Textiles,Cushion Covers,Referral,Diya,Won,49,1925.27,0.15,94338.21,80187.48,62426.19,17761.29,2025-06,Q2,2025,LEAD-00232,Converted,40,Existing
ORD-00233,2025-01-09,CUST-0379,Business Client 0379,Retailer,Bhubaneswar,East,Clothing & Fashion,Apparel,Website,Meera,Won,90,2390.05,0.1,215104.46,193594.01,144522.26,49071.75,2025-01,Q1,2025,LEAD-00233,Converted,35,New
ORD-00234,2025-08-21,CUST-0328,Business Client 0328,Manufacturer,Kolkata,East,Home Textiles,Bedsheets,Trade Show,Meera,Won,84,2527.28,0.15,212291.85,180448.07,140535.9,39912.17,2025-08,Q3,2025,LEAD-00234,Converted,18,Existing
ORD-00235,2025-04-09,CUST-0225,Business Client 0225,Distributor,Jaipur,North,Clothing & Fashion,Apparel,Trade Show,Rohan,Won,10,2110.15,0.1,21101.51,18991.36,13201.25,5790.11,2025-04,Q2,2025,LEAD-00235,Converted,24,Existing
ORD-00236,2025-07-27,CUST-0021,Business Client 0021,Distributor,Bengaluru,South,Home Textiles,Towels,Trade Show,Diya,Won,44,1263.62,0.1,55599.35,50039.42,33150.14,16889.28,2025-07,Q3,2025,LEAD-00236,Converted,6,Existing
ORD-00237,2025-05-11,CUST-0075,Business Client 0075,Distributor,Lucknow,North,Houseware,Kitchenware,Website,Ishita,Pending,96,1078.1,0.05,103497.43,98322.56,71472.8,26849.76,2025-05,Q2,2025,LEAD-00237,Open,41,New
ORD-00238,2026-02-08,CUST-0345,Business Client 0345,Distributor,Pune,West,Clothing & Fashion,Lifestyle,Trade Show,Anaya,Won,68,1383.32,0.0,94066.06,94066.06,70769.0,23297.06,2026-02,Q1,2026,LEAD-00238,Converted,9,Existing
ORD-00239,2025-06-01,CUST-0021,Business Client 0021,Distributor,Pune,West,Houseware,Tableware,Referral,Diya,Pending,5,789.16,0.05,3945.82,3748.53,2619.51,1129.02,2025-06,Q2,2025,LEAD-00239,Open,12,New
ORD-00240,2025-02-23,CUST-0388,Business Client 0388,Retailer,Gurugram,North,Houseware,Utility,Sales Call,Aarav,Won,22,2492.04,0.1,54824.85,49342.36,36500.08,12842.28,2025-02,Q1,2025,LEAD-00240,Converted,22,New
ORD-00241,2025-04-30,CUST-0191,Business Client 0191,Interior Designer,Nagpur,Central,Home Decor,Wall Decor,Email Campaign,Ishita,Won,22,5859.69,0.0,128913.18,128913.18,91231.57,37681.61,2025-04,Q2,2025,LEAD-00241,Converted,20,New
ORD-00242,2026-09-20,CUST-0279,Business Client 0279,Retailer,Nagpur,Central,Clothing & Fashion,Apparel,Field Visit,Arjun,Won,40,3920.02,0.05,156801.0,148960.95,98632.48,50328.47,2026-09,Q3,2026,LEAD-00242,Converted,13,Existing
ORD-00243,2026-08-10,CUST-0106,Business Client 0106,Interior Designer,Lucknow,North,Gifts,Corporate Gifts,Website,Arjun,Lost,99,544.11,0.1,53867.28,48480.56,33694.57,14785.99,2026-08,Q3,2026,LEAD-00243,Lost,14,Existing
ORD-00244,2026-09-17,CUST-0035,Business Client 0035,Distributor,Gurugram,North,Home Decor,Rugs,Sales Call,Arjun,Won,87,842.25,0.15,73275.85,62284.47,46028.95,16255.52,2026-09,Q3,2026,LEAD-00244,Converted,16,Existing
ORD-00245,2026-02-24,CUST-0007,Business Client 0007,Manufacturer,Bhubaneswar,East,Home Textiles,Curtains,Trade Show,Kabir,Lost,20,1958.52,0.15,39170.42,33294.86,21325.13,11969.73,2026-02,Q1,2026,LEAD-00245,Lost,49,Existing
ORD-00246,2026-02-26,CUST-0189,Business Client 0189,Interior Designer,Chennai,South,Gifts,Corporate Gifts,Trade Show,Ishita,Lost,29,798.04,0.0,23143.02,23143.02,14242.8,8900.22,2026-02,Q1,2026,LEAD-00246,Lost,58,Existing
ORD-00247,2025-04-14,CUST-0196,Business Client 0196,Manufacturer,Ahmedabad,West,Clothing & Fashion,Apparel,Trade Show,Kabir,Pending,55,3672.68,0.1,201997.62,181797.86,130084.49,51713.37,2025-04,Q2,2025,LEAD-00247,Open,18,Existing
ORD-00248,2025-09-11,CUST-0383,Business Client 0383,Retailer,Hyderabad,South,Houseware,Kitchenware,Sales Call,Aarav,Won,75,2558.39,0.1,191879.54,172691.59,117814.13,54877.46,2025-09,Q3,2025,LEAD-00248,Converted,5,Existing
ORD-00249,2025-08-15,CUST-0335,Business Client 0335,Manufacturer,Ahmedabad,West,Gifts,Festive Gifts,Trade Show,Arjun,Lost,67,934.54,0.1,62614.46,56353.01,36136.95,20216.06,2025-08,Q3,2025,LEAD-00249,Lost,16,Existing
ORD-00250,2025-04-22,CUST-0034,Business Client 0034,Manufacturer,Gurugram,North,Home Decor,Decorative Lamps,Website,Ishita,Won,51,1620.19,0.2,82629.45,66103.56,41268.68,24834.88,2025-04,Q2,2025,LEAD-00250,Converted,24,Existing
ORD-00251,2026-05-25,CUST-0094,Business Client 0094,Retailer,Guwahati,East,Home Decor,Wall Decor,Trade Show,Rohan,Won,35,3378.34,0.05,118241.91,112329.82,84678.14,27651.68,2026-05,Q2,2026,LEAD-00251,Converted,26,Existing
ORD-00252,2026-04-18,CUST-0325,Business Client 0325,Institutional Buyer,Surat,West,Home Decor,Wall Decor,Field Visit,Rohan,Lost,47,2391.21,0.1,112387.0,101148.3,78809.38,22338.92,2026-04,Q2,2026,LEAD-00252,Lost,46,Existing
ORD-00253,2025-04-09,CUST-0097,Business Client 0097,Retailer,Surat,West,Home Textiles,Towels,Trade Show,Diya,Won,61,816.22,0.15,49789.17,42320.79,30749.1,11571.69,2025-04,Q2,2025,LEAD-00253,Converted,36,New
ORD-00254,2025-06-02,CUST-0087,Business Client 0087,Manufacturer,Jaipur,North,Clothing & Fashion,Apparel,Website,Diya,Won,31,660.16,0.2,20464.84,16371.87,10257.72,6114.15,2025-06,Q2,2025,LEAD-00254,Converted,29,Existing
ORD-00255,2025-12-04,CUST-0323,Business Client 0323,Importer,Chennai,South,Home Textiles,Bedsheets,Referral,Arjun,Won,47,2526.76,0.15,118757.74,100944.07,67849.23,33094.84,2025-12,Q4,2025,LEAD-00255,Converted,18,New
ORD-00256,2025-06-12,CUST-0179,Business Client 0179,Manufacturer,Lucknow,North,Home Decor,Rugs,Website,Ishita,Won,53,1403.67,0.05,74394.76,70675.02,44309.77,26365.25,2025-06,Q2,2025,LEAD-00256,Converted,25,New
ORD-00257,2025-06-10,CUST-0212,Business Client 0212,Retailer,Nagpur,Central,Clothing & Fashion,Lifestyle,Website,Ishita,Won,28,1507.66,0.05,42214.5,40103.77,26778.47,13325.3,2025-06,Q2,2025,LEAD-00257,Converted,28,New
ORD-00258,2026-08-03,CUST-0291,Business Client 0291,Retailer,Kolkata,East,Gifts,Gift Sets,Field Visit,Diya,Won,21,2310.57,0.05,48521.91,46095.81,29743.62,16352.19,2026-08,Q3,2026,LEAD-00258,Converted,4,Existing
ORD-00259,2026-02-02,CUST-0192,Business Client 0192,Distributor,Kolkata,East,Home Textiles,Bedsheets,Trade Show,Kabir,Pending,95,2713.64,0.0,257795.92,257795.92,192646.81,65149.11,2026-02,Q1,2026,LEAD-00259,Open,43,Existing
ORD-00260,2025-10-04,CUST-0140,Business Client 0140,Interior Designer,Mumbai,West,Gifts,Festive Gifts,Sales Call,Ishita,Won,38,609.73,0.0,23169.72,23169.72,14876.39,8293.33,2025-10,Q4,2025,LEAD-00260,Converted,24,Existing
ORD-00261,2026-05-19,CUST-0036,Business Client 0036,Retailer,Gurugram,North,Gifts,Corporate Gifts,Email Campaign,Rohan,Won,22,722.27,0.2,15889.93,12711.95,9240.84,3471.11,2026-05,Q2,2026,LEAD-00261,Converted,44,Existing
ORD-00262,2026-01-27,CUST-0169,Business Client 0169,Manufacturer,Jaipur,North,Home Decor,Wall Decor,Email Campaign,Aarav,Lost,84,3166.02,0.0,265945.87,265945.87,162015.34,103930.53,2026-01,Q1,2026,LEAD-00262,Lost,57,Existing
ORD-00263,2025-05-15,CUST-0209,Business Client 0209,Manufacturer,Jaipur,North,Gifts,Gift Sets,Referral,Aarav,Won,5,1643.13,0.1,8215.64,7394.08,5104.78,2289.3,2025-05,Q2,2025,LEAD-00263,Converted,42,New
ORD-00264,2025-07-14,CUST-0114,Business Client 0114,Importer,Chennai,South,Clothing & Fashion,Lifestyle,Sales Call,Arjun,Won,45,2620.89,0.05,117939.93,112042.93,73460.38,38582.55,2025-07,Q3,2025,LEAD-00264,Converted,19,New
ORD-00265,2026-02-05,CUST-0145,Business Client 0145,Importer,Kolkata,East,Home Decor,Rugs,Trade Show,Anaya,Won,79,4580.84,0.0,361886.29,361886.29,231460.82,130425.47,2026-02,Q1,2026,LEAD-00265,Converted,35,Existing
ORD-00266,2025-02-02,CUST-0365,Business Client 0365,Retailer,Delhi,North,Clothing & Fashion,Apparel,Referral,Aarav,Won,21,2960.05,0.15,62161.0,52836.85,36499.63,16337.22,2025-02,Q1,2025,LEAD-00266,Converted,19,New
ORD-00267,2026-04-05,CUST-0271,Business Client 0271,Distributor,Pune,West,Gifts,Corporate Gifts,Trade Show,Meera,Pending,33,1594.22,0.0,52609.12,52609.12,33218.06,19391.06,2026-04,Q2,2026,LEAD-00267,Open,39,Existing
ORD-00268,2026-04-15,CUST-0184,Business Client 0184,Interior Designer,Delhi,North,Clothing & Fashion,Fashion Accessories,Email Campaign,Arjun,Won,96,2991.01,0.05,287137.29,272780.42,181718.59,91061.83,2026-04,Q2,2026,LEAD-00268,Converted,45,Existing
ORD-00269,2026-01-10,CUST-0144,Business Client 0144,Institutional Buyer,Ahmedabad,West,Home Decor,Rugs,Field Visit,Diya,Lost,11,4176.49,0.0,45941.41,45941.41,27220.35,18721.06,2026-01,Q1,2026,LEAD-00269,Lost,21,Existing
ORD-00270,2025-01-22,CUST-0002,Business Client 0002,Manufacturer,Lucknow,North,Gifts,Gift Sets,Trade Show,Ishita,Won,47,310.45,0.0,14591.25,14591.25,10013.56,4577.69,2025-01,Q1,2025,LEAD-00270,Converted,44,New
ORD-00271,2025-02-07,CUST-0304,Business Client 0304,Interior Designer,Kochi,South,Home Decor,Vases,Email Campaign,Meera,Won,30,3458.34,0.05,103750.16,98562.65,64808.79,33753.86,2025-02,Q1,2025,LEAD-00271,Converted,27,Existing
ORD-00272,2025-08-18,CUST-0123,Business Client 0123,Interior Designer,Pune,West,Home Textiles,Towels,Email Campaign,Ishita,Won,82,2220.69,0.0,182096.57,182096.57,117555.82,64540.75,2025-08,Q3,2025,LEAD-00272,Converted,16,New
ORD-00273,2025-12-31,CUST-0181,Business Client 0181,Distributor,Bhubaneswar,East,Home Decor,Vases,Field Visit,Rohan,Won,31,1322.44,0.15,40995.61,34846.27,25367.16,9479.11,2025-12,Q4,2025,LEAD-00273,Converted,14,Existing
ORD-00274,2026-07-17,CUST-0119,Business Client 0119,Importer,Bengaluru,South,Houseware,Kitchenware,Email Campaign,Ishita,Won,15,2294.61,0.1,34419.11,30977.2,19161.69,11815.51,2026-07,Q3,2026,LEAD-00274,Converted,18,Existing
ORD-00275,2026-03-14,CUST-0130,Business Client 0130,Retailer,Pune,West,Home Textiles,Curtains,Referral,Meera,Lost,5,2193.25,0.2,10966.25,8773.0,6365.04,2407.96,2026-03,Q1,2026,LEAD-00275,Lost,60,Existing
ORD-00276,2025-10-10,CUST-0362,Business Client 0362,Retailer,Mumbai,West,Gifts,Gift Sets,Sales Call,Meera,Won,16,1418.45,0.15,22695.26,19290.97,11905.53,7385.44,2025-10,Q4,2025,LEAD-00276,Converted,45,New
ORD-00277,2025-01-27,CUST-0044,Business Client 0044,Manufacturer,Kolkata,East,Houseware,Storage,Referral,Diya,Won,98,1656.4,0.0,162327.58,162327.58,109563.62,52763.96,2025-01,Q1,2025,LEAD-00277,Converted,44,New
ORD-00278,2025-08-14,CUST-0220,Business Client 0220,Distributor,Jaipur,North,Home Textiles,Curtains,Referral,Aarav,Won,14,2518.27,0.05,35255.75,33492.96,24670.92,8822.04,2025-08,Q3,2025,LEAD-00278,Converted,6,Existing
ORD-00279,2025-10-04,CUST-0232,Business Client 0232,Retailer,Surat,West,Gifts,Gift Sets,Email Campaign,Aarav,Won,36,1155.19,0.05,41586.87,39507.53,28596.15,10911.38,2025-10,Q4,2025,LEAD-00279,Converted,19,Existing
ORD-00280,2026-09-01,CUST-0186,Business Client 0186,Distributor,Delhi,North,Home Textiles,Towels,Trade Show,Diya,Won,22,1497.28,0.15,32940.16,27999.14,21650.47,6348.67,2026-09,Q3,2026,LEAD-00280,Converted,20,New
ORD-00281,2025-10-11,CUST-0057,Business Client 0057,Manufacturer,Surat,West,Home Decor,Wall Decor,Website,Anaya,Won,98,5498.21,0.0,538825.04,538825.04,364852.91,173972.13,2025-10,Q4,2025,LEAD-00281,Converted,28,New
ORD-00282,2026-04-26,CUST-0391,Business Client 0391,Retailer,Delhi,North,Home Textiles,Curtains,Website,Diya,Lost,62,2044.23,0.1,126742.05,114067.84,67977.93,46089.91,2026-04,Q2,2026,LEAD-00282,Lost,48,Existing
ORD-00283,2026-03-29,CUST-0127,Business Client 0127,Retailer,Chennai,South,Houseware,Utility,Referral,Arjun,Lost,19,2727.97,0.05,51831.47,49239.9,30546.41,18693.49,2026-03,Q1,2026,LEAD-00283,Lost,54,Existing
ORD-00284,2026-05-31,CUST-0151,Business Client 0151,Importer,Lucknow,North,Home Decor,Rugs,Trade Show,Kabir,Won,69,5113.93,0.05,352861.09,335218.03,224115.34,111102.69,2026-05,Q2,2026,LEAD-00284,Converted,40,New
ORD-00285,2026-07-01,CUST-0284,Business Client 0284,Distributor,Nagpur,Central,Home Decor,Rugs,Sales Call,Anaya,Won,29,3169.22,0.05,91907.5,87312.12,61721.93,25590.19,2026-07,Q3,2026,LEAD-00285,Converted,16,Existing
ORD-00286,2025-07-11,CUST-0074,Business Client 0074,Retailer,Ahmedabad,West,Home Textiles,Curtains,Email Campaign,Kabir,Won,62,1590.21,0.15,98593.13,83804.16,64183.99,19620.17,2025-07,Q3,2025,LEAD-00286,Converted,27,Existing
ORD-00287,2025-02-18,CUST-0009,Business Client 0009,Retailer,Bengaluru,South,Home Textiles,Towels,Website,Rohan,Won,16,3363.66,0.0,53818.58,53818.58,37983.79,15834.79,2025-02,Q1,2025,LEAD-00287,Converted,41,New
ORD-00288,2026-05-27,CUST-0234,Business Client 0234,Distributor,Delhi,North,Home Textiles,Towels,Sales Call,Aarav,Won,82,1681.27,0.0,137863.76,137863.76,88230.86,49632.9,2026-05,Q2,2026,LEAD-00288,Converted,29,Existing
ORD-00289,2025-01-17,CUST-0215,Business Client 0215,Importer,Jaipur,North,Houseware,Kitchenware,Trade Show,Diya,Won,46,1215.15,0.05,55896.94,53102.09,37015.31,16086.78,2025-01,Q1,2025,LEAD-00289,Converted,12,New
ORD-00290,2025-06-21,CUST-0195,Business Client 0195,Institutional Buyer,Mumbai,West,Houseware,Tableware,Email Campaign,Ishita,Won,52,2756.81,0.15,143354.19,121851.07,91738.41,30112.66,2025-06,Q2,2025,LEAD-00290,Converted,22,Existing
ORD-00291,2025-08-08,CUST-0165,Business Client 0165,Interior Designer,Mumbai,West,Home Textiles,Bedsheets,Email Campaign,Rohan,Won,89,1751.49,0.0,155882.86,155882.86,120710.87,35171.99,2025-08,Q3,2025,LEAD-00291,Converted,31,New
ORD-00292,2025-06-07,CUST-0194,Business Client 0194,Institutional Buyer,Guwahati,East,Home Decor,Wall Decor,Website,Rohan,Won,66,5235.36,0.0,345533.91,345533.91,226383.62,119150.29,2025-06,Q2,2025,LEAD-00292,Converted,10,Existing
ORD-00293,2026-04-22,CUST-0213,Business Client 0213,Importer,Jaipur,North,Clothing & Fashion,Fashion Accessories,Trade Show,Aarav,Won,14,3742.06,0.05,52388.77,49769.34,30700.73,19068.61,2026-04,Q2,2026,LEAD-00293,Converted,25,Existing
ORD-00294,2025-02-15,CUST-0292,Business Client 0292,Retailer,Bengaluru,South,Home Textiles,Curtains,Email Campaign,Diya,Won,42,1871.18,0.1,78589.52,70730.57,52227.35,18503.22,2025-02,Q1,2025,LEAD-00294,Converted,33,New
ORD-00295,2026-01-08,CUST-0018,Business Client 0018,Interior Designer,Kochi,South,Home Decor,Decorative Lamps,Referral,Arjun,Won,96,6764.76,0.2,649417.22,519533.77,316168.96,203364.81,2026-01,Q1,2026,LEAD-00295,Converted,40,Existing
ORD-00296,2026-06-02,CUST-0354,Business Client 0354,Importer,Gurugram,North,Clothing & Fashion,Lifestyle,Field Visit,Rohan,Won,25,787.55,0.0,19688.86,19688.86,11873.81,7815.05,2026-06,Q2,2026,LEAD-00296,Converted,19,Existing
ORD-00297,2025-04-09,CUST-0017,Business Client 0017,Importer,Lucknow,North,Clothing & Fashion,Lifestyle,Website,Kabir,Won,77,1226.51,0.2,94441.62,75553.3,51943.5,23609.8,2025-04,Q2,2025,LEAD-00297,Converted,39,Existing
ORD-00298,2025-02-06,CUST-0196,Business Client 0196,Manufacturer,Guwahati,East,Houseware,Storage,Referral,Kabir,Pending,75,756.74,0.05,56755.28,53917.52,37777.26,16140.26,2025-02,Q1,2025,LEAD-00298,Open,5,New
ORD-00299,2025-10-07,CUST-0214,Business Client 0214,Retailer,Lucknow,North,Houseware,Storage,Sales Call,Kabir,Won,34,1338.19,0.15,45498.55,38673.77,26175.75,12498.02,2025-10,Q4,2025,LEAD-00299,Converted,32,Existing
ORD-00300,2025-12-15,CUST-0167,Business Client 0167,Retailer,Ahmedabad,West,Home Decor,Vases,Trade Show,Aarav,Won,51,1949.53,0.0,99426.28,99426.28,71725.25,27701.03,2025-12,Q4,2025,LEAD-00300,Converted,26,Existing
ORD-00301,2026-05-12,CUST-0398,Business Client 0398,Distributor,Kolkata,East,Home Textiles,Cushion Covers,Sales Call,Meera,Won,22,894.24,0.1,19673.22,17705.9,12218.31,5487.59,2026-05,Q2,2026,LEAD-00301,Converted,9,Existing
ORD-00302,2025-10-29,CUST-0140,Business Client 0140,Interior Designer,Bhubaneswar,East,Clothing & Fashion,Apparel,Trade Show,Diya,Won,35,2238.29,0.05,78340.31,74423.3,47863.61,26559.69,2025-10,Q4,2025,LEAD-00302,Converted,39,Existing
ORD-00303,2025-06-30,CUST-0119,Business Client 0119,Importer,Delhi,North,Houseware,Storage,Field Visit,Diya,Won,78,2423.1,0.15,189001.45,160651.23,105415.81,55235.42,2025-06,Q2,2025,LEAD-00303,Converted,36,Existing
ORD-00304,2026-08-30,CUST-0093,Business Client 0093,Manufacturer,Gurugram,North,Home Decor,Wall Decor,Trade Show,Anaya,Lost,82,3387.83,0.0,277801.9,277801.9,164954.76,112847.14,2026-08,Q3,2026,LEAD-00304,Lost,40,Existing
ORD-00305,2025-04-09,CUST-0259,Business Client 0259,Institutional Buyer,Mumbai,West,Houseware,Utility,Trade Show,Meera,Won,56,2200.88,0.05,123249.56,117087.08,90776.59,26310.49,2025-04,Q2,2025,LEAD-00305,Converted,19,Existing
ORD-00306,2025-04-26,CUST-0258,Business Client 0258,Importer,Bengaluru,South,Home Decor,Vases,Website,Aarav,Won,44,5428.94,0.0,238873.35,238873.35,168913.65,69959.7,2025-04,Q2,2025,LEAD-00306,Converted,37,Existing
ORD-00307,2025-07-10,CUST-0268,Business Client 0268,Retailer,Kolkata,East,Home Decor,Vases,Field Visit,Rohan,Won,59,5859.77,0.0,345726.58,345726.58,207741.25,137985.33,2025-07,Q3,2025,LEAD-00307,Converted,29,Existing
ORD-00308,2025-09-10,CUST-0031,Business Client 0031,Manufacturer,Lucknow,North,Home Decor,Wall Decor,Sales Call,Kabir,Won,7,4013.33,0.1,28093.34,25284.01,16913.12,8370.89,2025-09,Q3,2025,LEAD-00308,Converted,40,Existing
ORD-00309,2025-06-10,CUST-0166,Business Client 0166,Interior Designer,Kolkata,East,Home Decor,Decorative Lamps,Trade Show,Diya,Won,54,4234.67,0.05,228672.33,217238.72,152984.12,64254.6,2025-06,Q2,2025,LEAD-00309,Converted,16,New
ORD-00310,2025-09-13,CUST-0320,Business Client 0320,Distributor,Nagpur,Central,Gifts,Corporate Gifts,Trade Show,Diya,Won,53,327.35,0.0,17349.44,17349.44,11572.13,5777.31,2025-09,Q3,2025,LEAD-00310,Converted,20,Existing
ORD-00311,2025-11-19,CUST-0148,Business Client 0148,Interior Designer,Guwahati,East,Home Textiles,Cushion Covers,Trade Show,Anaya,Won,39,1965.63,0.05,76659.47,72826.5,44119.55,28706.95,2025-11,Q4,2025,LEAD-00311,Converted,35,Existing
ORD-00312,2025-05-08,CUST-0393,Business Client 0393,Manufacturer,Kolkata,East,Home Textiles,Curtains,Trade Show,Anaya,Won,51,1280.14,0.1,65287.35,58758.62,35402.1,23356.52,2025-05,Q2,2025,LEAD-00312,Converted,35,New
ORD-00313,2025-01-18,CUST-0066,Business Client 0066,Importer,Kolkata,East,Clothing & Fashion,Fashion Accessories,Field Visit,Kabir,Won,68,1503.54,0.05,102241.01,97128.96,63090.74,34038.22,2025-01,Q1,2025,LEAD-00313,Converted,31,Existing
ORD-00314,2026-07-20,CUST-0069,Business Client 0069,Institutional Buyer,Surat,West,Gifts,Gift Sets,Email Campaign,Aarav,Won,32,339.88,0.15,10876.25,9244.82,6659.04,2585.78,2026-07,Q3,2026,LEAD-00314,Converted,32,Existing
ORD-00315,2026-07-24,CUST-0230,Business Client 0230,Interior Designer,Pune,West,Home Decor,Decorative Lamps,Sales Call,Arjun,Won,89,6829.92,0.1,607863.15,547076.84,389762.94,157313.9,2026-07,Q3,2026,LEAD-00315,Converted,28,Existing
ORD-00316,2025-11-19,CUST-0090,Business Client 0090,Retailer,Kochi,South,Home Textiles,Bedsheets,Sales Call,Diya,Won,41,919.08,0.15,37682.16,32029.84,23297.39,8732.45,2025-11,Q4,2025,LEAD-00316,Converted,25,Existing
ORD-00317,2026-09-18,CUST-0031,Business Client 0031,Interior Designer,Bhubaneswar,East,Home Decor,Decorative Lamps,Website,Diya,Won,75,1431.65,0.0,107373.63,107373.63,80395.55,26978.08,2026-09,Q3,2026,LEAD-00317,Converted,30,Existing
ORD-00318,2025-10-15,CUST-0166,Business Client 0166,Retailer,Bengaluru,South,Houseware,Kitchenware,Referral,Arjun,Won,84,1383.1,0.0,116180.36,116180.36,79593.89,36586.47,2025-10,Q4,2025,LEAD-00318,Converted,41,Existing
ORD-00319,2026-10-01,CUST-0361,Business Client 0361,Importer,Bhubaneswar,East,Clothing & Fashion,Apparel,Sales Call,Kabir,Won,94,3591.24,0.15,337576.23,286939.79,205989.32,80950.47,2026-10,Q4,2026,LEAD-00319,Converted,23,Existing
ORD-00320,2025-06-04,CUST-0087,Business Client 0087,Manufacturer,Chennai,South,Home Textiles,Bedsheets,Sales Call,Diya,Won,46,1052.3,0.15,48405.98,41145.09,29651.43,11493.66,2025-06,Q2,2025,LEAD-00320,Converted,27,Existing
ORD-00321,2026-05-05,CUST-0301,Business Client 0301,Institutional Buyer,Kochi,South,Houseware,Utility,Website,Diya,Won,85,2875.63,0.15,244428.48,207764.21,129550.5,78213.71,2026-05,Q2,2026,LEAD-00321,Converted,11,Existing
ORD-00322,2026-01-21,CUST-0068,Business Client 0068,Interior Designer,Kolkata,East,Home Textiles,Towels,Field Visit,Kabir,Won,20,2761.16,0.15,55223.21,46939.73,31857.12,15082.61,2026-01,Q1,2026,LEAD-00322,Converted,17,Existing
ORD-00323,2025-04-14,CUST-0383,Business Client 0383,Retailer,Delhi,North,Home Decor,Decorative Lamps,Field Visit,Arjun,Pending,54,2364.4,0.0,127677.65,127677.65,90818.72,36858.93,2025-04,Q2,2025,LEAD-00323,Open,44,Existing
ORD-00324,2026-01-28,CUST-0128,Business Client 0128,Manufacturer,Nagpur,Central,Clothing & Fashion,Fashion Accessories,Trade Show,Kabir,Won,64,970.97,0.05,62142.21,59035.1,43633.77,15401.33,2026-01,Q1,2026,LEAD-00324,Converted,17,Existing
ORD-00325,2025-09-03,CUST-0047,Business Client 0047,Retailer,Gurugram,North,Home Decor,Wall Decor,Trade Show,Arjun,Won,40,1822.59,0.0,72903.64,72903.64,43081.58,29822.06,2025-09,Q3,2025,LEAD-00325,Converted,8,Existing
ORD-00326,2025-06-25,CUST-0002,Business Client 0002,Distributor,Kolkata,East,Home Textiles,Bedsheets,Email Campaign,Kabir,Won,99,3474.87,0.2,344012.43,275209.94,197417.92,77792.02,2025-06,Q2,2025,LEAD-00326,Converted,24,Existing
ORD-00327,2025-02-08,CUST-0137,Business Client 0137,Institutional Buyer,Bengaluru,South,Gifts,Corporate Gifts,Email Campaign,Aarav,Won,18,2356.4,0.0,42415.15,42415.15,32021.26,10393.89,2025-02,Q1,2025,LEAD-00327,Converted,18,Existing
ORD-00328,2026-04-22,CUST-0231,Business Client 0231,Retailer,Mumbai,West,Home Decor,Decorative Lamps,Field Visit,Anaya,Won,82,2757.47,0.05,226112.62,214806.99,128693.41,86113.58,2026-04,Q2,2026,LEAD-00328,Converted,39,Existing
ORD-00329,2026-06-22,CUST-0052,Business Client 0052,Institutional Buyer,Hyderabad,South,Houseware,Tableware,Trade Show,Rohan,Won,86,319.02,0.05,27435.36,26063.6,18655.74,7407.86,2026-06,Q2,2026,LEAD-00329,Converted,36,Existing
ORD-00330,2026-02-12,CUST-0386,Business Client 0386,Manufacturer,Lucknow,North,Home Decor,Vases,Field Visit,Ishita,Won,36,4034.75,0.05,145250.9,137988.35,82586.82,55401.53,2026-02,Q1,2026,LEAD-00330,Converted,20,Existing
ORD-00331,2026-06-09,CUST-0110,Business Client 0110,Manufacturer,Ahmedabad,West,Houseware,Kitchenware,Field Visit,Rohan,Won,91,452.89,0.2,41212.9,32970.32,22398.34,10571.98,2026-06,Q2,2026,LEAD-00331,Converted,23,Existing
ORD-00332,2026-05-21,CUST-0299,Business Client 0299,Manufacturer,Chennai,South,Home Textiles,Curtains,Trade Show,Meera,Won,34,712.09,0.15,24211.05,20579.4,13714.39,6865.01,2026-05,Q2,2026,LEAD-00332,Converted,4,Existing
ORD-00333,2025-02-05,CUST-0380,Business Client 0380,Manufacturer,Chennai,South,Clothing & Fashion,Apparel,Website,Ishita,Pending,22,1564.14,0.0,34411.02,34411.02,25023.93,9387.09,2025-02,Q1,2025,LEAD-00333,Open,9,New
ORD-00334,2025-01-20,CUST-0170,Business Client 0170,Interior Designer,Lucknow,North,Clothing & Fashion,Lifestyle,Field Visit,Rohan,Lost,9,3344.54,0.05,30100.86,28595.82,19589.02,9006.8,2025-01,Q1,2025,LEAD-00334,Lost,45,New
ORD-00335,2025-11-17,CUST-0269,Business Client 0269,Distributor,Jaipur,North,Gifts,Corporate Gifts,Referral,Meera,Won,27,1240.41,0.1,33490.95,30141.86,21085.03,9056.83,2025-11,Q4,2025,LEAD-00335,Converted,13,Existing
ORD-00336,2026-05-27,CUST-0106,Business Client 0106,Distributor,Mumbai,West,Houseware,Kitchenware,Trade Show,Anaya,Won,20,1492.06,0.15,29841.21,25365.03,19300.01,6065.02,2026-05,Q2,2026,LEAD-00336,Converted,26,Existing
ORD-00337,2026-02-04,CUST-0104,Business Client 0104,Manufacturer,Pune,West,Houseware,Utility,Trade Show,Diya,Won,62,2871.11,0.1,178009.0,160208.1,97066.26,63141.84,2026-02,Q1,2026,LEAD-00337,Converted,21,Existing
ORD-00338,2026-04-16,CUST-0326,Business Client 0326,Retailer,Bengaluru,South,Houseware,Kitchenware,Website,Arjun,Won,56,2218.14,0.0,124215.78,124215.78,96505.12,27710.66,2026-04,Q2,2026,LEAD-00338,Converted,12,Existing
ORD-00339,2025-05-23,CUST-0297,Business Client 0297,Retailer,Nagpur,Central,Houseware,Tableware,Field Visit,Diya,Won,9,1594.99,0.05,14354.89,13637.15,8183.54,5453.61,2025-05,Q2,2025,LEAD-00339,Converted,33,Existing
ORD-00340,2025-04-02,CUST-0192,Business Client 0192,Retailer,Delhi,North,Home Textiles,Cushion Covers,Email Campaign,Anaya,Pending,62,1136.24,0.0,70447.11,70447.11,53249.46,17197.65,2025-04,Q2,2025,LEAD-00340,Open,36,Existing
ORD-00341,2025-12-20,CUST-0294,Business Client 0294,Retailer,Nagpur,Central,Home Textiles,Cushion Covers,Sales Call,Arjun,Lost,30,3440.78,0.1,103223.51,92901.16,70586.75,22314.41,2025-12,Q4,2025,LEAD-00341,Lost,36,Existing
ORD-00342,2025-02-20,CUST-0248,Business Client 0248,Institutional Buyer,Delhi,North,Gifts,Corporate Gifts,Trade Show,Ishita,Won,48,446.69,0.15,21441.02,18224.86,13454.73,4770.13,2025-02,Q1,2025,LEAD-00342,Converted,16,Existing
ORD-00343,2026-07-29,CUST-0130,Business Client 0130,Importer,Gurugram,North,Clothing & Fashion,Apparel,Field Visit,Anaya,Won,70,4821.65,0.0,337515.53,337515.53,205416.14,132099.39,2026-07,Q3,2026,LEAD-00343,Converted,35,Existing
ORD-00344,2025-07-09,CUST-0169,Business Client 0169,Manufacturer,Bengaluru,South,Home Textiles,Curtains,Referral,Aarav,Won,49,3209.57,0.15,157269.03,133678.68,83153.27,50525.41,2025-07,Q3,2025,LEAD-00344,Converted,20,Existing
ORD-00345,2025-05-05,CUST-0309,Business Client 0309,Institutional Buyer,Ahmedabad,West,Houseware,Tableware,Trade Show,Meera,Won,61,496.83,0.15,30306.38,25760.42,19154.53,6605.89,2025-05,Q2,2025,LEAD-00345,Converted,6,Existing
ORD-00346,2025-05-30,CUST-0303,Business Client 0303,Manufacturer,Guwahati,East,Home Textiles,Cushion Covers,Trade Show,Meera,Won,20,768.42,0.0,15368.39,15368.39,9721.11,5647.28,2025-05,Q2,2025,LEAD-00346,Converted,4,New
ORD-00347,2025-11-10,CUST-0090,Business Client 0090,Retailer,Bengaluru,South,Home Textiles,Towels,Sales Call,Rohan,Won,19,1201.07,0.0,22820.36,22820.36,17191.01,5629.35,2025-11,Q4,2025,LEAD-00347,Converted,8,Existing
ORD-00348,2026-07-24,CUST-0158,Business Client 0158,Retailer,Kochi,South,Home Textiles,Towels,Sales Call,Kabir,Won,18,2243.96,0.05,40391.34,38371.77,26317.41,12054.36,2026-07,Q3,2026,LEAD-00348,Converted,35,Existing
ORD-00349,2025-12-08,CUST-0196,Business Client 0196,Institutional Buyer,Delhi,North,Home Decor,Wall Decor,Website,Diya,Won,22,6594.15,0.1,145071.29,130564.16,89508.58,41055.58,2025-12,Q4,2025,LEAD-00349,Converted,28,Existing
ORD-00350,2025-11-01,CUST-0273,Business Client 0273,Importer,Chennai,South,Gifts,Festive Gifts,Trade Show,Anaya,Won,84,434.52,0.1,36500.03,32850.03,21212.97,11637.06,2025-11,Q4,2025,LEAD-00350,Converted,8,Existing
ORD-00351,2025-02-23,CUST-0237,Business Client 0237,Manufacturer,Bengaluru,South,Home Decor,Rugs,Trade Show,Diya,Won,65,3833.53,0.2,249179.54,199343.63,138879.77,60463.86,2025-02,Q1,2025,LEAD-00351,Converted,40,New
ORD-00352,2026-03-20,CUST-0347,Business Client 0347,Retailer,Bengaluru,South,Home Textiles,Curtains,Referral,Aarav,Won,63,3217.74,0.0,202717.31,202717.31,155839.59,46877.72,2026-03,Q1,2026,LEAD-00352,Converted,26,Existing
ORD-00353,2026-09-05,CUST-0100,Business Client 0100,Retailer,Hyderabad,South,Clothing & Fashion,Fashion Accessories,Field Visit,Ishita,Won,68,995.33,0.05,67682.57,64298.44,48058.74,16239.7,2026-09,Q3,2026,LEAD-00353,Converted,15,New
ORD-00354,2025-09-21,CUST-0194,Business Client 0194,Importer,Jaipur,North,Home Textiles,Towels,Website,Kabir,Won,30,1440.43,0.15,43212.96,36731.02,25218.39,11512.63,2025-09,Q3,2025,LEAD-00354,Converted,37,Existing
ORD-00355,2025-02-22,CUST-0295,Business Client 0295,Manufacturer,Lucknow,North,Clothing & Fashion,Apparel,Trade Show,Aarav,Won,78,726.45,0.0,56663.35,56663.35,34987.88,21675.47,2025-02,Q1,2025,LEAD-00355,Converted,26,Existing
ORD-00356,2026-07-26,CUST-0146,Business Client 0146,Retailer,Delhi,North,Gifts,Festive Gifts,Referral,Aarav,Won,100,1350.14,0.2,135013.96,108011.17,63854.61,44156.56,2026-07,Q3,2026,LEAD-00356,Converted,19,Existing
ORD-00357,2026-09-12,CUST-0156,Business Client 0156,Importer,Lucknow,North,Houseware,Utility,Trade Show,Ishita,Pending,82,833.76,0.0,68368.63,68368.63,41244.5,27124.13,2026-09,Q3,2026,LEAD-00357,Open,31,Existing
ORD-00358,2025-01-05,CUST-0274,Business Client 0274,Institutional Buyer,Kochi,South,Home Textiles,Cushion Covers,Website,Meera,Won,86,777.55,0.1,66869.29,60182.36,36605.84,23576.52,2025-01,Q1,2025,LEAD-00358,Converted,31,New
ORD-00359,2025-04-13,CUST-0106,Business Client 0106,Manufacturer,Kochi,South,Home Textiles,Cushion Covers,Trade Show,Ishita,Pending,15,2450.77,0.05,36761.48,34923.4,20613.36,14310.04,2025-04,Q2,2025,LEAD-00359,Open,26,New
ORD-00360,2025-07-15,CUST-0359,Business Client 0359,Importer,Kolkata,East,Houseware,Utility,Referral,Meera,Lost,34,341.34,0.05,11605.51,11025.24,8179.34,2845.9,2025-07,Q3,2025,LEAD-00360,Lost,49,Existing
ORD-00361,2025-12-16,CUST-0395,Business Client 0395,Interior Designer,Guwahati,East,Houseware,Storage,Trade Show,Anaya,Won,29,1796.07,0.15,52085.97,44273.08,31382.64,12890.44,2025-12,Q4,2025,LEAD-00361,Converted,33,Existing
ORD-00362,2025-02-16,CUST-0039,Business Client 0039,Interior Designer,Ahmedabad,West,Home Decor,Rugs,Trade Show,Arjun,Won,62,3373.97,0.0,209185.84,209185.84,144624.34,64561.5,2025-02,Q1,2025,LEAD-00362,Converted,29,New
ORD-00363,2025-09-26,CUST-0258,Business Client 0258,Retailer,Guwahati,East,Home Decor,Vases,Website,Meera,Won,32,5985.01,0.0,191520.2,191520.2,148418.96,43101.24,2025-09,Q3,2025,LEAD-00363,Converted,20,Existing
ORD-00364,2026-01-05,CUST-0006,Business Client 0006,Importer,Gurugram,North,Clothing & Fashion,Lifestyle,Sales Call,Meera,Won,77,3987.87,0.1,307065.84,276359.26,193826.94,82532.32,2026-01,Q1,2026,LEAD-00364,Converted,12,Existing
ORD-00365,2026-09-28,CUST-0310,Business Client 0310,Distributor,Guwahati,East,Gifts,Festive Gifts,Trade Show,Meera,Won,44,441.57,0.1,19429.22,17486.3,13514.92,3971.38,2026-09,Q3,2026,LEAD-00365,Converted,19,Existing
ORD-00366,2025-04-16,CUST-0034,Business Client 0034,Retailer,Pune,West,Clothing & Fashion,Fashion Accessories,Sales Call,Anaya,Won,15,3045.22,0.1,45678.24,41110.41,23955.15,17155.26,2025-04,Q2,2025,LEAD-00366,Converted,21,New
ORD-00367,2025-04-30,CUST-0121,Business Client 0121,Interior Designer,Guwahati,East,Gifts,Corporate Gifts,Email Campaign,Rohan,Won,97,1548.67,0.0,150220.99,150220.99,105698.58,44522.41,2025-04,Q2,2025,LEAD-00367,Converted,16,New
ORD-00368,2026-08-27,CUST-0206,Business Client 0206,Retailer,Mumbai,West,Home Textiles,Towels,Trade Show,Arjun,Pending,71,2547.8,0.05,180893.65,171848.96,114159.65,57689.31,2026-08,Q3,2026,LEAD-00368,Open,18,Existing
ORD-00369,2025-02-27,CUST-0225,Business Client 0225,Institutional Buyer,Lucknow,North,Home Textiles,Cushion Covers,Field Visit,Diya,Won,39,2435.71,0.05,94992.8,90243.16,70028.79,20214.37,2025-02,Q1,2025,LEAD-00369,Converted,27,Existing
ORD-00370,2025-12-12,CUST-0145,Business Client 0145,Distributor,Kolkata,East,Clothing & Fashion,Lifestyle,Trade Show,Diya,Won,66,3531.24,0.0,233062.12,233062.12,156884.63,76177.49,2025-12,Q4,2025,LEAD-00370,Converted,16,Existing
ORD-00371,2026-04-19,CUST-0085,Business Client 0085,Distributor,Kolkata,East,Houseware,Storage,Website,Rohan,Won,83,1961.72,0.1,162822.66,146540.4,100402.75,46137.65,2026-04,Q2,2026,LEAD-00371,Converted,28,Existing
ORD-00372,2025-04-27,CUST-0086,Business Client 0086,Interior Designer,Guwahati,East,Clothing & Fashion,Fashion Accessories,Sales Call,Ishita,Won,93,4963.24,0.05,461581.61,438502.52,327402.79,111099.73,2025-04,Q2,2025,LEAD-00372,Converted,44,New
ORD-00373,2025-05-07,CUST-0145,Business Client 0145,Manufacturer,Lucknow,North,Home Decor,Rugs,Trade Show,Anaya,Won,31,3531.74,0.0,109483.92,109483.92,82624.47,26859.45,2025-05,Q2,2025,LEAD-00373,Converted,4,New
ORD-00374,2026-01-28,CUST-0103,Business Client 0103,Importer,Ahmedabad,West,Houseware,Utility,Email Campaign,Diya,Pending,94,811.7,0.15,76299.93,64854.94,47667.46,17187.48,2026-01,Q1,2026,LEAD-00374,Open,8,Existing
ORD-00375,2025-02-27,CUST-0394,Business Client 0394,Interior Designer,Guwahati,East,Home Decor,Decorative Lamps,Trade Show,Anaya,Won,58,5326.81,0.0,308954.82,308954.82,224595.43,84359.39,2025-02,Q1,2025,LEAD-00375,Converted,7,Existing
ORD-00376,2026-09-26,CUST-0178,Business Client 0178,Manufacturer,Bengaluru,South,Home Decor,Vases,Sales Call,Diya,Won,62,4083.11,0.0,253152.72,253152.72,176967.77,76184.95,2026-09,Q3,2026,LEAD-00376,Converted,31,Existing
ORD-00377,2026-05-28,CUST-0212,Business Client 0212,Retailer,Hyderabad,South,Houseware,Kitchenware,Sales Call,Diya,Lost,75,1647.76,0.1,123581.89,111223.7,69634.83,41588.87,2026-05,Q2,2026,LEAD-00377,Lost,36,Existing
ORD-00378,2025-04-06,CUST-0326,Business Client 0326,Interior Designer,Mumbai,West,Home Textiles,Cushion Covers,Field Visit,Kabir,Won,22,3055.91,0.0,67229.97,67229.97,45031.76,22198.21,2025-04,Q2,2025,LEAD-00378,Converted,27,New
ORD-00379,2026-09-30,CUST-0180,Business Client 0180,Manufacturer,Bengaluru,South,Houseware,Storage,Sales Call,Anaya,Won,80,1602.73,0.0,128218.5,128218.5,86966.26,41252.24,2026-09,Q3,2026,LEAD-00379,Converted,12,Existing
ORD-00380,2025-04-28,CUST-0094,Business Client 0094,Importer,Hyderabad,South,Home Decor,Wall Decor,Trade Show,Arjun,Won,59,6789.33,0.0,400570.65,400570.65,294857.74,105712.91,2025-04,Q2,2025,LEAD-00380,Converted,38,Existing
ORD-00381,2026-07-14,CUST-0159,Business Client 0159,Retailer,Mumbai,West,Clothing & Fashion,Lifestyle,Sales Call,Rohan,Won,96,4022.82,0.15,386190.6,328262.01,242853.63,85408.38,2026-07,Q3,2026,LEAD-00381,Converted,41,Existing
ORD-00382,2026-08-24,CUST-0102,Business Client 0102,Manufacturer,Nagpur,Central,Houseware,Tableware,Field Visit,Anaya,Won,72,804.65,0.0,57934.78,57934.78,43280.11,14654.67,2026-08,Q3,2026,LEAD-00382,Converted,38,Existing
ORD-00383,2026-05-03,CUST-0313,Business Client 0313,Interior Designer,Kolkata,East,Clothing & Fashion,Apparel,Field Visit,Rohan,Won,75,3715.53,0.1,278664.79,250798.31,194145.72,56652.59,2026-05,Q2,2026,LEAD-00383,Converted,36,Existing
ORD-00384,2025-08-25,CUST-0206,Business Client 0206,Interior Designer,Kolkata,East,Home Textiles,Towels,Sales Call,Arjun,Won,10,933.31,0.0,9333.09,9333.09,6833.7,2499.39,2025-08,Q3,2025,LEAD-00384,Converted,38,Existing
ORD-00385,2025-09-29,CUST-0089,Business Client 0089,Manufacturer,Hyderabad,South,Houseware,Storage,Field Visit,Diya,Won,90,2126.47,0.0,191382.73,191382.73,136111.45,55271.28,2025-09,Q3,2025,LEAD-00385,Converted,23,New
ORD-00386,2025-07-08,CUST-0086,Business Client 0086,Retailer,Jaipur,North,Houseware,Kitchenware,Field Visit,Meera,Won,20,1315.82,0.1,26316.39,23684.75,18060.09,5624.66,2025-07,Q3,2025,LEAD-00386,Converted,5,Existing
ORD-00387,2026-03-23,CUST-0012,Business Client 0012,Importer,Chennai,South,Houseware,Storage,Sales Call,Meera,Won,81,1114.49,0.1,90273.53,81246.18,51547.7,29698.48,2026-03,Q1,2026,LEAD-00387,Converted,29,Existing
ORD-00388,2026-08-04,CUST-0023,Business Client 0023,Distributor,Kochi,South,Clothing & Fashion,Apparel,Sales Call,Kabir,Pending,68,2915.87,0.2,198278.9,158623.12,101783.76,56839.36,2026-08,Q3,2026,LEAD-00388,Open,35,Existing
ORD-00389,2025-09-04,CUST-0193,Business Client 0193,Retailer,Chennai,South,Houseware,Kitchenware,Trade Show,Meera,Won,92,842.37,0.1,77497.89,69748.1,51327.39,18420.71,2025-09,Q3,2025,LEAD-00389,Converted,16,New
ORD-00390,2025-03-17,CUST-0311,Business Client 0311,Retailer,Bhubaneswar,East,Home Textiles,Cushion Covers,Website,Rohan,Won,75,1736.05,0.05,130203.99,123693.79,94177.15,29516.64,2025-03,Q1,2025,LEAD-00390,Converted,33,New
ORD-00391,2025-06-03,CUST-0399,Business Client 0399,Manufacturer,Bengaluru,South,Home Decor,Decorative Lamps,Referral,Diya,Won,71,3884.68,0.15,275812.4,234440.54,156181.54,78259.0,2025-06,Q2,2025,LEAD-00391,Converted,35,Existing
ORD-00392,2026-03-11,CUST-0149,Business Client 0149,Distributor,Pune,West,Home Decor,Vases,Sales Call,Anaya,Won,75,1636.87,0.05,122765.0,116626.75,85054.77,31571.98,2026-03,Q1,2026,LEAD-00392,Converted,39,Existing
ORD-00393,2025-03-27,CUST-0026,Business Client 0026,Importer,Surat,West,Home Decor,Decorative Lamps,Referral,Diya,Won,28,2327.36,0.1,65166.06,58649.45,36986.7,21662.75,2025-03,Q1,2025,LEAD-00393,Converted,22,New
ORD-00394,2025-10-12,CUST-0204,Business Client 0204,Retailer,Nagpur,Central,Home Textiles,Bedsheets,Field Visit,Arjun,Won,41,2088.72,0.15,85637.44,72791.82,53910.17,18881.65,2025-10,Q4,2025,LEAD-00394,Converted,25,Existing
ORD-00395,2025-08-08,CUST-0340,Business Client 0340,Manufacturer,Chennai,South,Gifts,Gift Sets,Sales Call,Rohan,Won,6,761.22,0.15,4567.3,3882.21,2871.66,1010.55,2025-08,Q3,2025,LEAD-00395,Converted,4,Existing
ORD-00396,2025-03-10,CUST-0385,Business Client 0385,Importer,Ahmedabad,West,Houseware,Utility,Email Campaign,Kabir,Won,22,1420.79,0.0,31257.37,31257.37,19949.68,11307.69,2025-03,Q1,2025,LEAD-00396,Converted,14,New
ORD-00397,2025-02-16,CUST-0132,Business Client 0132,Distributor,Delhi,North,Clothing & Fashion,Fashion Accessories,Sales Call,Rohan,Won,66,518.48,0.0,34219.54,34219.54,22698.75,11520.79,2025-02,Q1,2025,LEAD-00397,Converted,29,New
ORD-00398,2025-04-04,CUST-0111,Business Client 0111,Retailer,Surat,West,Houseware,Kitchenware,Trade Show,Arjun,Pending,37,2026.1,0.15,74965.62,63720.78,42487.59,21233.19,2025-04,Q2,2025,LEAD-00398,Open,55,New
ORD-00399,2026-03-29,CUST-0307,Business Client 0307,Retailer,Ahmedabad,West,Home Decor,Wall Decor,Email Campaign,Meera,Won,60,3587.42,0.05,215245.01,204482.76,130069.64,74413.12,2026-03,Q1,2026,LEAD-00399,Converted,22,Existing
ORD-00400,2025-07-23,CUST-0307,Business Client 0307,Institutional Buyer,Gurugram,North,Home Textiles,Curtains,Field Visit,Anaya,Pending,40,2332.2,0.0,93287.81,93287.81,65364.98,27922.83,2025-07,Q3,2025,LEAD-00400,Open,7,Existing
ORD-00401,2025-08-06,CUST-0033,Business Client 0033,Importer,Gurugram,North,Gifts,Corporate Gifts,Sales Call,Diya,Won,5,1890.79,0.2,9453.95,7563.16,5604.44,1958.72,2025-08,Q3,2025,LEAD-00401,Converted,6,Existing
ORD-00402,2026-04-19,CUST-0298,Business Client 0298,Retailer,Jaipur,North,Gifts,Gift Sets,Trade Show,Anaya,Won,19,470.6,0.0,8941.4,8941.4,5383.7,3557.7,2026-04,Q2,2026,LEAD-00402,Converted,21,Existing
ORD-00403,2026-03-08,CUST-0385,Business Client 0385,Institutional Buyer,Ahmedabad,West,Houseware,Utility,Referral,Meera,Won,25,569.36,0.15,14234.04,12098.93,8248.29,3850.64,2026-03,Q1,2026,LEAD-00403,Converted,8,Existing
ORD-00404,2025-12-07,CUST-0245,Business Client 0245,Distributor,Surat,West,Clothing & Fashion,Apparel,Referral,Anaya,Lost,38,1387.59,0.0,52728.5,52728.5,37712.4,15016.1,2025-12,Q4,2025,LEAD-00404,Lost,39,Existing
ORD-00405,2026-07-05,CUST-0154,Business Client 0154,Distributor,Nagpur,Central,Clothing & Fashion,Lifestyle,Field Visit,Ishita,Pending,23,4616.37,0.0,106176.56,106176.56,64155.18,42021.38,2026-07,Q3,2026,LEAD-00405,Open,21,Existing
ORD-00406,2026-09-04,CUST-0153,Business Client 0153,Importer,Bengaluru,South,Home Decor,Rugs,Email Campaign,Anaya,Won,82,3477.89,0.0,285187.38,285187.38,194393.35,90794.03,2026-09,Q3,2026,LEAD-00406,Converted,41,Existing
ORD-00407,2025-10-16,CUST-0287,Business Client 0287,Retailer,Hyderabad,South,Houseware,Storage,Field Visit,Rohan,Lost,46,1360.67,0.2,62590.61,50072.49,34080.06,15992.43,2025-10,Q4,2025,LEAD-00407,Lost,45,Existing
ORD-00408,2025-09-11,CUST-0331,Business Client 0331,Importer,Nagpur,Central,Home Decor,Vases,Email Campaign,Ishita,Won,58,2446.64,0.05,141905.3,134810.04,103620.27,31189.77,2025-09,Q3,2025,LEAD-00408,Converted,9,New
ORD-00409,2025-12-23,CUST-0210,Business Client 0210,Retailer,Gurugram,North,Home Textiles,Bedsheets,Email Campaign,Ishita,Won,71,1931.14,0.0,137111.27,137111.27,101504.56,35606.71,2025-12,Q4,2025,LEAD-00409,Converted,15,Existing
ORD-00410,2025-01-23,CUST-0291,Business Client 0291,Institutional Buyer,Bengaluru,South,Home Textiles,Towels,Sales Call,Rohan,Won,90,1192.94,0.2,107364.41,85891.53,53262.45,32629.08,2025-01,Q1,2025,LEAD-00410,Converted,14,New
ORD-00411,2026-06-06,CUST-0004,Business Client 0004,Importer,Guwahati,East,Home Decor,Vases,Field Visit,Meera,Won,51,6169.34,0.1,314636.53,283172.88,201402.69,81770.19,2026-06,Q2,2026,LEAD-00411,Converted,42,Existing
ORD-00412,2025-04-10,CUST-0058,Business Client 0058,Institutional Buyer,Bengaluru,South,Houseware,Utility,Sales Call,Aarav,Won,62,1582.96,0.05,98143.6,93236.42,59858.42,33378.0,2025-04,Q2,2025,LEAD-00412,Converted,29,New
ORD-00413,2025-06-29,CUST-0125,Business Client 0125,Retailer,Mumbai,West,Houseware,Utility,Sales Call,Meera,Won,34,2928.09,0.2,99555.05,79644.04,47676.63,31967.41,2025-06,Q2,2025,LEAD-00413,Converted,4,Existing
ORD-00414,2025-08-11,CUST-0225,Business Client 0225,Importer,Surat,West,Home Decor,Vases,Website,Rohan,Won,53,3278.26,0.0,173747.84,173747.84,130052.16,43695.68,2025-08,Q3,2025,LEAD-00414,Converted,19,Existing
ORD-00415,2026-03-18,CUST-0150,Business Client 0150,Retailer,Bhubaneswar,East,Home Decor,Rugs,Sales Call,Meera,Won,60,2613.59,0.0,156815.59,156815.59,112037.92,44777.67,2026-03,Q1,2026,LEAD-00415,Converted,12,New
ORD-00416,2026-08-31,CUST-0270,Business Client 0270,Importer,Mumbai,West,Clothing & Fashion,Fashion Accessories,Email Campaign,Meera,Lost,65,1583.21,0.0,102908.43,102908.43,61402.97,41505.46,2026-08,Q3,2026,LEAD-00416,Lost,58,Existing
ORD-00417,2025-11-21,CUST-0375,Business Client 0375,Interior Designer,Pune,West,Home Decor,Decorative Lamps,Website,Meera,Won,95,3230.39,0.05,306886.85,291542.51,217834.05,73708.46,2025-11,Q4,2025,LEAD-00417,Converted,11,Existing
ORD-00418,2026-05-31,CUST-0193,Business Client 0193,Retailer,Bhubaneswar,East,Home Textiles,Towels,Trade Show,Diya,Won,27,2012.79,0.1,54345.34,48910.81,33755.21,15155.6,2026-05,Q2,2026,LEAD-00418,Converted,24,Existing
ORD-00419,2025-01-16,CUST-0140,Business Client 0140,Manufacturer,Guwahati,East,Clothing & Fashion,Apparel,Email Campaign,Ishita,Won,72,3136.0,0.1,225792.16,203212.94,135979.12,67233.82,2025-01,Q1,2025,LEAD-00419,Converted,36,Existing
ORD-00420,2025-12-02,CUST-0281,Business Client 0281,Institutional Buyer,Pune,West,Clothing & Fashion,Apparel,Website,Kabir,Won,15,3782.85,0.0,56742.7,56742.7,35239.34,21503.36,2025-12,Q4,2025,LEAD-00420,Converted,42,Existing
ORD-00421,2025-09-15,CUST-0270,Business Client 0270,Interior Designer,Lucknow,North,Gifts,Corporate Gifts,Email Campaign,Rohan,Won,54,1158.95,0.0,62583.12,62583.12,39849.74,22733.38,2025-09,Q3,2025,LEAD-00421,Converted,23,New
ORD-00422,2026-05-12,CUST-0224,Business Client 0224,Retailer,Lucknow,North,Home Decor,Rugs,Email Campaign,Aarav,Won,91,3481.11,0.0,316781.05,316781.05,220097.9,96683.15,2026-05,Q2,2026,LEAD-00422,Converted,25,Existing
ORD-00423,2025-06-09,CUST-0052,Business Client 0052,Importer,Mumbai,West,Houseware,Tableware,Referral,Anaya,Won,70,2065.78,0.0,144604.91,144604.91,86500.79,58104.12,2025-06,Q2,2025,LEAD-00423,Converted,16,Existing
ORD-00424,2026-04-20,CUST-0335,Business Client 0335,Importer,Kochi,South,Home Decor,Rugs,Sales Call,Arjun,Lost,86,2507.67,0.2,215659.22,172527.38,106663.69,65863.69,2026-04,Q2,2026,LEAD-00424,Lost,29,Existing
ORD-00425,2026-01-15,CUST-0362,Business Client 0362,Distributor,Jaipur,North,Home Textiles,Curtains,Field Visit,Rohan,Won,41,3254.86,0.15,133449.06,113431.7,67283.82,46147.88,2026-01,Q1,2026,LEAD-00425,Converted,14,Existing
ORD-00426,2026-06-29,CUST-0072,Business Client 0072,Retailer,Kochi,South,Home Textiles,Bedsheets,Email Campaign,Ishita,Lost,62,747.3,0.15,46332.59,39382.7,30022.15,9360.55,2026-06,Q2,2026,LEAD-00426,Lost,28,Existing
ORD-00427,2026-03-03,CUST-0163,Business Client 0163,Retailer,Bhubaneswar,East,Home Textiles,Cushion Covers,Field Visit,Arjun,Won,35,2507.16,0.05,87750.62,83363.09,63916.03,19447.06,2026-03,Q1,2026,LEAD-00427,Converted,33,Existing
ORD-00428,2026-09-05,CUST-0357,Business Client 0357,Distributor,Lucknow,North,Clothing & Fashion,Fashion Accessories,Sales Call,Meera,Won,32,2832.46,0.05,90638.64,86106.71,55356.87,30749.84,2026-09,Q3,2026,LEAD-00428,Converted,36,Existing
ORD-00429,2025-09-25,CUST-0219,Business Client 0219,Manufacturer,Pune,West,Home Textiles,Curtains,Sales Call,Diya,Won,57,3079.24,0.15,175516.87,149189.34,97818.9,51370.44,2025-09,Q3,2025,LEAD-00429,Converted,6,Existing
ORD-00430,2026-07-31,CUST-0089,Business Client 0089,Interior Designer,Ahmedabad,West,Home Textiles,Bedsheets,Referral,Aarav,Won,33,1200.87,0.2,39628.85,31703.08,22145.03,9558.05,2026-07,Q3,2026,LEAD-00430,Converted,4,Existing
ORD-00431,2026-02-21,CUST-0138,Business Client 0138,Retailer,Gurugram,North,Houseware,Tableware,Referral,Ishita,Won,7,2368.62,0.05,16580.37,15751.35,9562.7,6188.65,2026-02,Q1,2026,LEAD-00431,Converted,39,Existing
ORD-00432,2025-06-17,CUST-0283,Business Client 0283,Retailer,Bhubaneswar,East,Clothing & Fashion,Lifestyle,Website,Kabir,Won,35,820.66,0.15,28723.19,24414.71,17977.21,6437.5,2025-06,Q2,2025,LEAD-00432,Converted,9,Existing
ORD-00433,2025-02-12,CUST-0274,Business Client 0274,Retailer,Delhi,North,Houseware,Utility,Email Campaign,Kabir,Pending,17,2716.73,0.0,46184.41,46184.41,35538.24,10646.17,2025-02,Q1,2025,LEAD-00433,Open,28,Existing
ORD-00434,2026-07-10,CUST-0356,Business Client 0356,Retailer,Nagpur,Central,Home Textiles,Towels,Email Campaign,Diya,Won,64,928.47,0.15,59422.23,50508.89,29521.94,20986.95,2026-07,Q3,2026,LEAD-00434,Converted,32,Existing
ORD-00435,2025-10-12,CUST-0164,Business Client 0164,Retailer,Lucknow,North,Home Textiles,Curtains,Email Campaign,Anaya,Won,69,2937.24,0.05,202669.63,192536.15,132939.97,59596.18,2025-10,Q4,2025,LEAD-00435,Converted,14,New
ORD-00436,2026-02-01,CUST-0325,Business Client 0325,Distributor,Guwahati,East,Clothing & Fashion,Apparel,Website,Diya,Won,74,2238.06,0.05,165616.72,157335.88,102425.51,54910.37,2026-02,Q1,2026,LEAD-00436,Converted,16,Existing
ORD-00437,2025-01-12,CUST-0357,Business Client 0357,Retailer,Surat,West,Home Textiles,Cushion Covers,Email Campaign,Arjun,Lost,34,1794.75,0.0,61021.6,61021.6,46144.58,14877.02,2025-01,Q1,2025,LEAD-00437,Lost,12,New
ORD-00438,2026-08-30,CUST-0316,Business Client 0316,Interior Designer,Bengaluru,South,Home Decor,Wall Decor,Field Visit,Kabir,Won,16,1283.56,0.2,20536.99,16429.59,10050.05,6379.54,2026-08,Q3,2026,LEAD-00438,Converted,41,Existing
ORD-00439,2025-10-29,CUST-0170,Business Client 0170,Retailer,Kolkata,East,Clothing & Fashion,Apparel,Email Campaign,Arjun,Won,21,2660.08,0.05,55861.75,53068.66,32387.35,20681.31,2025-10,Q4,2025,LEAD-00439,Converted,28,Existing
ORD-00440,2025-09-10,CUST-0094,Business Client 0094,Retailer,Mumbai,West,Home Decor,Rugs,Sales Call,Kabir,Pending,84,3544.96,0.05,297776.87,282888.03,203841.56,79046.47,2025-09,Q3,2025,LEAD-00440,Open,24,Existing
ORD-00441,2026-05-14,CUST-0308,Business Client 0308,Manufacturer,Hyderabad,South,Gifts,Corporate Gifts,Trade Show,Arjun,Won,36,431.59,0.15,15537.38,13206.78,10095.23,3111.55,2026-05,Q2,2026,LEAD-00441,Converted,16,Existing
ORD-00442,2025-02-04,CUST-0113,Business Client 0113,Distributor,Bengaluru,South,Houseware,Utility,Referral,Kabir,Won,21,1528.37,0.2,32095.71,25676.57,16583.58,9092.99,2025-02,Q1,2025,LEAD-00442,Converted,45,New
ORD-00443,2025-03-31,CUST-0168,Business Client 0168,Retailer,Surat,West,Home Textiles,Bedsheets,Referral,Ishita,Pending,49,2650.16,0.05,129857.63,123364.75,76351.63,47013.12,2025-03,Q1,2025,LEAD-00443,Open,12,New
ORD-00444,2026-08-28,CUST-0393,Business Client 0393,Distributor,Delhi,North,Home Decor,Wall Decor,Trade Show,Kabir,Won,76,4545.88,0.05,345486.76,328212.42,229014.17,99198.25,2026-08,Q3,2026,LEAD-00444,Converted,16,Existing
ORD-00445,2026-08-25,CUST-0047,Business Client 0047,Interior Designer,Kolkata,East,Home Decor,Decorative Lamps,Sales Call,Ishita,Won,79,6348.19,0.0,501506.93,501506.93,309246.18,192260.75,2026-08,Q3,2026,LEAD-00445,Converted,41,Existing
ORD-00446,2026-02-22,CUST-0314,Business Client 0314,Retailer,Kochi,South,Gifts,Festive Gifts,Trade Show,Anaya,Won,77,1160.17,0.0,89333.01,89333.01,63776.82,25556.19,2026-02,Q1,2026,LEAD-00446,Converted,27,New
ORD-00447,2025-04-25,CUST-0325,Business Client 0325,Distributor,Jaipur,North,Home Textiles,Towels,Email Campaign,Meera,Won,25,1414.51,0.0,35362.86,35362.86,24868.96,10493.9,2025-04,Q2,2025,LEAD-00447,Converted,23,New
ORD-00448,2026-09-09,CUST-0001,Business Client 0001,Distributor,Chennai,South,Houseware,Utility,Website,Kabir,Won,71,2198.08,0.05,156063.51,148260.34,110233.5,38026.84,2026-09,Q3,2026,LEAD-00448,Converted,20,Existing
ORD-00449,2025-07-15,CUST-0277,Business Client 0277,Retailer,Ahmedabad,West,Home Textiles,Bedsheets,Trade Show,Rohan,Pending,94,725.43,0.1,68190.31,61371.28,38737.81,22633.47,2025-07,Q3,2025,LEAD-00449,Open,12,Existing
ORD-00450,2026-05-16,CUST-0379,Business Client 0379,Distributor,Hyderabad,South,Home Textiles,Curtains,Website,Ishita,Won,33,3496.71,0.05,115391.57,109621.99,71633.09,37988.9,2026-05,Q2,2026,LEAD-00450,Converted,29,Existing
ORD-00451,2026-09-18,CUST-0138,Business Client 0138,Institutional Buyer,Kochi,South,Home Decor,Wall Decor,Referral,Anaya,Lost,43,5871.01,0.05,252453.25,239830.59,162948.93,76881.66,2026-09,Q3,2026,LEAD-00451,Lost,52,Existing
ORD-00452,2026-05-08,CUST-0327,Business Client 0327,Distributor,Chennai,South,Houseware,Kitchenware,Website,Anaya,Won,32,973.99,0.2,31167.57,24934.06,18868.91,6065.15,2026-05,Q2,2026,LEAD-00452,Converted,35,Existing
ORD-00453,2025-03-16,CUST-0197,Business Client 0197,Retailer,Guwahati,East,Home Decor,Wall Decor,Website,Ishita,Won,57,6071.97,0.15,346102.28,294186.94,177988.33,116198.61,2025-03,Q1,2025,LEAD-00453,Converted,32,Existing
ORD-00454,2026-02-17,CUST-0042,Business Client 0042,Importer,Pune,West,Home Textiles,Bedsheets,Website,Meera,Won,37,1057.8,0.05,39138.63,37181.7,24076.78,13104.92,2026-02,Q1,2026,LEAD-00454,Converted,17,Existing
ORD-00455,2026-01-11,CUST-0127,Business Client 0127,Importer,Mumbai,West,Gifts,Festive Gifts,Sales Call,Rohan,Won,20,1567.09,0.1,31341.89,28207.7,17824.16,10383.54,2026-01,Q1,2026,LEAD-00455,Converted,40,Existing
ORD-00456,2026-02-24,CUST-0233,Business Client 0233,Distributor,Ahmedabad,West,Gifts,Gift Sets,Referral,Diya,Won,43,907.93,0.15,39041.16,33184.99,22020.94,11164.05,2026-02,Q1,2026,LEAD-00456,Converted,25,Existing
ORD-00457,2025-10-04,CUST-0173,Business Client 0173,Retailer,Kolkata,East,Home Textiles,Cushion Covers,Field Visit,Meera,Won,91,3337.02,0.05,303668.88,288485.43,178205.08,110280.35,2025-10,Q4,2025,LEAD-00457,Converted,37,New
ORD-00458,2026-01-29,CUST-0116,Business Client 0116,Manufacturer,Gurugram,North,Houseware,Utility,Sales Call,Meera,Won,37,1223.46,0.1,45268.06,40741.26,24396.35,16344.91,2026-01,Q1,2026,LEAD-00458,Converted,30,Existing
ORD-00459,2026-04-02,CUST-0273,Business Client 0273,Importer,Lucknow,North,Home Textiles,Curtains,Email Campaign,Meera,Won,96,2643.16,0.0,253743.62,253743.62,153269.23,100474.39,2026-04,Q2,2026,LEAD-00459,Converted,31,Existing
ORD-00460,2025-07-11,CUST-0025,Business Client 0025,Manufacturer,Bengaluru,South,Home Decor,Vases,Email Campaign,Diya,Won,10,1096.6,0.15,10966.01,9321.11,6104.03,3217.08,2025-07,Q3,2025,LEAD-00460,Converted,25,New
ORD-00461,2025-04-09,CUST-0368,Business Client 0368,Retailer,Delhi,North,Home Decor,Rugs,Sales Call,Aarav,Pending,22,6055.37,0.1,133218.14,119896.33,76633.48,43262.85,2025-04,Q2,2025,LEAD-00461,Open,28,Existing
ORD-00462,2026-07-02,CUST-0393,Business Client 0393,Retailer,Nagpur,Central,Home Decor,Rugs,Sales Call,Aarav,Won,68,1974.84,0.05,134289.05,127574.59,91370.2,36204.39,2026-07,Q3,2026,LEAD-00462,Converted,25,Existing
ORD-00463,2025-04-06,CUST-0333,Business Client 0333,Distributor,Pune,West,Clothing & Fashion,Lifestyle,Trade Show,Anaya,Won,50,3304.91,0.0,165245.75,165245.75,96631.89,68613.86,2025-04,Q2,2025,LEAD-00463,Converted,24,Existing
ORD-00464,2025-07-09,CUST-0268,Business Client 0268,Retailer,Bengaluru,South,Home Decor,Vases,Referral,Meera,Won,53,4469.21,0.15,236868.08,201337.87,147073.66,54264.21,2025-07,Q3,2025,LEAD-00464,Converted,19,Existing
ORD-00465,2025-02-06,CUST-0333,Business Client 0333,Retailer,Delhi,North,Houseware,Kitchenware,Referral,Rohan,Won,73,2112.3,0.15,154197.77,131068.1,86902.44,44165.66,2025-02,Q1,2025,LEAD-00465,Converted,12,New
ORD-00466,2026-01-04,CUST-0232,Business Client 0232,Interior Designer,Nagpur,Central,Houseware,Storage,Field Visit,Kabir,Won,14,498.62,0.1,6980.69,6282.63,4416.56,1866.07,2026-01,Q1,2026,LEAD-00466,Converted,16,Existing
ORD-00467,2026-06-09,CUST-0365,Business Client 0365,Manufacturer,Kolkata,East,Home Decor,Decorative Lamps,Website,Diya,Won,69,5377.78,0.0,371066.68,371066.68,249499.68,121567.0,2026-06,Q2,2026,LEAD-00467,Converted,13,Existing
ORD-00468,2025-10-06,CUST-0053,Business Client 0053,Manufacturer,Nagpur,Central,Home Decor,Vases,Trade Show,Rohan,Won,91,1104.8,0.1,100536.54,90482.89,67695.41,22787.48,2025-10,Q4,2025,LEAD-00468,Converted,24,Existing
ORD-00469,2025-08-05,CUST-0368,Business Client 0368,Distributor,Bhubaneswar,East,Home Decor,Decorative Lamps,Trade Show,Rohan,Pending,31,1681.27,0.0,52119.47,52119.47,31372.13,20747.34,2025-08,Q3,2025,LEAD-00469,Open,15,Existing
ORD-00470,2025-09-30,CUST-0059,Business Client 0059,Distributor,Pune,West,Home Textiles,Cushion Covers,Sales Call,Kabir,Won,64,2082.37,0.1,133271.64,119944.48,91508.44,28436.04,2025-09,Q3,2025,LEAD-00470,Converted,43,Existing
ORD-00471,2025-03-03,CUST-0137,Business Client 0137,Manufacturer,Kochi,South,Houseware,Utility,Trade Show,Meera,Won,55,762.44,0.1,41934.1,37740.69,23084.34,14656.35,2025-03,Q1,2025,LEAD-00471,Converted,10,Existing
ORD-00472,2026-08-19,CUST-0199,Business Client 0199,Retailer,Bengaluru,South,Clothing & Fashion,Fashion Accessories,Referral,Aarav,Won,65,3097.27,0.2,201322.7,161058.16,121331.28,39726.88,2026-08,Q3,2026,LEAD-00472,Converted,25,Existing
ORD-00473,2025-12-08,CUST-0163,Business Client 0163,Institutional Buyer,Pune,West,Home Textiles,Towels,Sales Call,Rohan,Won,58,2626.3,0.05,152325.22,144708.96,107180.27,37528.69,2025-12,Q4,2025,LEAD-00473,Converted,21,Existing
ORD-00474,2026-02-01,CUST-0033,Business Client 0033,Retailer,Kolkata,East,Clothing & Fashion,Fashion Accessories,Field Visit,Meera,Won,44,3555.05,0.05,156422.37,148601.25,94023.14,54578.11,2026-02,Q1,2026,LEAD-00474,Converted,24,Existing
ORD-00475,2025-01-19,CUST-0357,Business Client 0357,Retailer,Chennai,South,Houseware,Utility,Trade Show,Arjun,Lost,61,402.11,0.05,24528.98,23302.53,14052.83,9249.7,2025-01,Q1,2025,LEAD-00475,Lost,30,Existing
ORD-00476,2025-06-26,CUST-0191,Business Client 0191,Retailer,Kochi,South,Home Textiles,Curtains,Trade Show,Anaya,Won,64,1943.56,0.1,124388.13,111949.31,66506.13,45443.18,2025-06,Q2,2025,LEAD-00476,Converted,13,Existing
ORD-00477,2026-09-04,CUST-0166,Business Client 0166,Manufacturer,Pune,West,Home Decor,Rugs,Sales Call,Rohan,Lost,80,2882.87,0.05,230629.29,219097.83,136112.45,82985.38,2026-09,Q3,2026,LEAD-00477,Lost,3,Existing
ORD-00478,2026-01-31,CUST-0144,Business Client 0144,Manufacturer,Guwahati,East,Houseware,Tableware,Sales Call,Diya,Won,82,2270.98,0.15,186220.5,158287.42,99039.54,59247.88,2026-01,Q1,2026,LEAD-00478,Converted,12,Existing
ORD-00479,2026-03-21,CUST-0223,Business Client 0223,Importer,Jaipur,North,Clothing & Fashion,Apparel,Sales Call,Anaya,Lost,44,3476.52,0.15,152966.67,130021.67,86058.46,43963.21,2026-03,Q1,2026,LEAD-00479,Lost,45,Existing
ORD-00480,2025-08-21,CUST-0110,Business Client 0110,Importer,Chennai,South,Home Textiles,Cushion Covers,Website,Rohan,Won,22,3453.33,0.05,75973.17,72174.51,50678.92,21495.59,2025-08,Q3,2025,LEAD-00480,Converted,16,Existing
ORD-00481,2025-03-17,CUST-0101,Business Client 0101,Manufacturer,Pune,West,Home Decor,Decorative Lamps,Trade Show,Anaya,Won,15,3978.02,0.05,59670.3,56686.79,43591.77,13095.02,2025-03,Q1,2025,LEAD-00481,Converted,20,Existing
ORD-00482,2025-09-22,CUST-0055,Business Client 0055,Importer,Bhubaneswar,East,Home Textiles,Bedsheets,Trade Show,Arjun,Won,39,3046.3,0.1,118805.81,106925.23,66745.88,40179.35,2025-09,Q3,2025,LEAD-00482,Converted,26,Existing
ORD-00483,2026-03-31,CUST-0201,Business Client 0201,Interior Designer,Kolkata,East,Home Decor,Wall Decor,Trade Show,Rohan,Lost,91,5795.19,0.1,527362.05,474625.84,333095.16,141530.68,2026-03,Q1,2026,LEAD-00483,Lost,7,Existing
ORD-00484,2026-01-19,CUST-0142,Business Client 0142,Manufacturer,Chennai,South,Home Textiles,Towels,Trade Show,Meera,Won,99,1035.35,0.15,102499.85,87124.87,63993.61,23131.26,2026-01,Q1,2026,LEAD-00484,Converted,19,Existing
ORD-00485,2026-07-18,CUST-0236,Business Client 0236,Importer,Delhi,North,Home Decor,Vases,Website,Rohan,Won,81,3027.9,0.2,245260.04,196208.03,120233.15,75974.88,2026-07,Q3,2026,LEAD-00485,Converted,27,Existing
ORD-00486,2026-05-21,CUST-0171,Business Client 0171,Interior Designer,Bhubaneswar,East,Clothing & Fashion,Fashion Accessories,Website,Diya,Pending,11,4611.94,0.15,50731.37,43121.66,33632.67,9488.99,2026-05,Q2,2026,LEAD-00486,Open,18,Existing
ORD-00487,2026-01-02,CUST-0158,Business Client 0158,Retailer,Bhubaneswar,East,Clothing & Fashion,Apparel,Field Visit,Kabir,Pending,48,4527.95,0.2,217341.61,173873.29,122999.62,50873.67,2026-01,Q1,2026,LEAD-00487,Open,58,Existing
ORD-00488,2025-05-24,CUST-0191,Business Client 0191,Retailer,Hyderabad,South,Home Textiles,Towels,Field Visit,Rohan,Won,81,2627.54,0.05,212830.91,202189.37,148892.32,53297.05,2025-05,Q2,2025,LEAD-00488,Converted,26,Existing
ORD-00489,2025-03-10,CUST-0153,Business Client 0153,Institutional Buyer,Ahmedabad,West,Home Textiles,Cushion Covers,Sales Call,Ishita,Won,80,2325.75,0.05,186059.96,176756.96,127452.61,49304.35,2025-03,Q1,2025,LEAD-00489,Converted,44,New
ORD-00490,2025-04-09,CUST-0163,Business Client 0163,Interior Designer,Pune,West,Houseware,Kitchenware,Trade Show,Meera,Won,56,2172.48,0.05,121658.69,115575.75,81751.19,33824.56,2025-04,Q2,2025,LEAD-00490,Converted,42,Existing
ORD-00491,2026-01-31,CUST-0340,Business Client 0340,Distributor,Gurugram,North,Home Decor,Vases,Sales Call,Rohan,Won,25,2349.09,0.1,58727.34,52854.6,32913.27,19941.33,2026-01,Q1,2026,LEAD-00491,Converted,25,Existing
ORD-00492,2025-01-25,CUST-0192,Business Client 0192,Retailer,Kolkata,East,Houseware,Storage,Sales Call,Diya,Won,97,2398.45,0.1,232649.79,209384.81,123652.48,85732.33,2025-01,Q1,2025,LEAD-00492,Converted,36,New
ORD-00493,2026-04-14,CUST-0092,Business Client 0092,Distributor,Pune,West,Clothing & Fashion,Lifestyle,Trade Show,Aarav,Won,39,3676.47,0.2,143382.37,114705.9,81498.19,33207.71,2026-04,Q2,2026,LEAD-00493,Converted,44,Existing
ORD-00494,2026-04-29,CUST-0145,Business Client 0145,Manufacturer,Ahmedabad,West,Home Decor,Vases,Website,Meera,Lost,72,6681.66,0.05,481079.18,457025.22,295546.13,161479.09,2026-04,Q2,2026,LEAD-00494,Lost,6,Existing
ORD-00495,2026-07-19,CUST-0265,Business Client 0265,Importer,Chennai,South,Home Textiles,Towels,Referral,Diya,Won,91,1347.5,0.2,122622.15,98097.72,63988.46,34109.26,2026-07,Q3,2026,LEAD-00495,Converted,21,Existing
ORD-00496,2025-05-31,CUST-0074,Business Client 0074,Interior Designer,Surat,West,Clothing & Fashion,Lifestyle,Sales Call,Rohan,Won,72,1105.21,0.05,79574.79,75596.05,57656.27,17939.78,2025-05,Q2,2025,LEAD-00496,Converted,17,New
ORD-00497,2025-05-24,CUST-0014,Business Client 0014,Retailer,Kochi,South,Home Decor,Wall Decor,Referral,Diya,Won,93,5767.26,0.1,536355.49,482719.94,354356.19,128363.75,2025-05,Q2,2025,LEAD-00497,Converted,31,New
ORD-00498,2026-07-23,CUST-0324,Business Client 0324,Manufacturer,Nagpur,Central,Gifts,Gift Sets,Email Campaign,Aarav,Won,43,2036.26,0.1,87559.18,78803.26,61229.35,17573.91,2026-07,Q3,2026,LEAD-00498,Converted,14,Existing
ORD-00499,2025-02-08,CUST-0093,Business Client 0093,Retailer,Guwahati,East,Home Textiles,Bedsheets,Referral,Ishita,Won,13,2201.39,0.05,28618.02,27187.12,19116.49,8070.63,2025-02,Q1,2025,LEAD-00499,Converted,27,Existing
ORD-00500,2025-04-19,CUST-0132,Business Client 0132,Importer,Hyderabad,South,Home Textiles,Curtains,Email Campaign,Anaya,Won,66,3352.82,0.05,221286.39,210222.07,144389.78,65832.29,2025-04,Q2,2025,LEAD-00500,Converted,39,Existing
ORD-00501,2025-02-11,CUST-0054,Business Client 0054,Retailer,Hyderabad,South,Clothing & Fashion,Lifestyle,Sales Call,Arjun,Won,47,3748.9,0.2,176198.13,140958.5,84328.47,56630.03,2025-02,Q1,2025,LEAD-00501,Converted,22,New
ORD-00502,2025-07-05,CUST-0281,Business Client 0281,Interior Designer,Guwahati,East,Houseware,Tableware,Sales Call,Arjun,Won,30,2022.85,0.1,60685.51,54616.96,32118.33,22498.63,2025-07,Q3,2025,LEAD-00502,Converted,16,Existing
ORD-00503,2026-02-02,CUST-0210,Business Client 0210,Retailer,Jaipur,North,Home Textiles,Towels,Field Visit,Ishita,Won,37,2070.62,0.0,76613.12,76613.12,55087.84,21525.28,2026-02,Q1,2026,LEAD-00503,Converted,36,Existing
ORD-00504,2025-08-11,CUST-0001,Business Client 0001,Manufacturer,Chennai,South,Home Decor,Vases,Sales Call,Arjun,Won,84,1985.99,0.1,166823.39,150141.05,94741.62,55399.43,2025-08,Q3,2025,LEAD-00504,Converted,22,Existing
ORD-00505,2026-09-26,CUST-0058,Business Client 0058,Institutional Buyer,Bengaluru,South,Home Decor,Decorative Lamps,Field Visit,Rohan,Pending,33,3152.66,0.05,104037.8,98835.91,71822.11,27013.8,2026-09,Q3,2026,LEAD-00505,Open,56,Existing
ORD-00506,2025-05-13,CUST-0254,Business Client 0254,Interior Designer,Gurugram,North,Home Textiles,Bedsheets,Website,Anaya,Won,63,877.41,0.15,55276.64,46985.15,32799.64,14185.51,2025-05,Q2,2025,LEAD-00506,Converted,18,Existing
ORD-00507,2025-06-12,CUST-0387,Business Client 0387,Institutional Buyer,Nagpur,Central,Home Textiles,Curtains,Sales Call,Arjun,Won,85,1484.21,0.05,126157.77,119849.88,85520.23,34329.65,2025-06,Q2,2025,LEAD-00507,Converted,14,New
ORD-00508,2025-08-03,CUST-0140,Business Client 0140,Retailer,Ahmedabad,West,Gifts,Gift Sets,Sales Call,Anaya,Won,30,987.22,0.05,29616.71,28135.87,18997.46,9138.41,2025-08,Q3,2025,LEAD-00508,Converted,26,Existing
ORD-00509,2025-08-23,CUST-0184,Business Client 0184,Distributor,Guwahati,East,Gifts,Festive Gifts,Sales Call,Arjun,Won,75,550.96,0.1,41322.12,37189.91,22786.59,14403.32,2025-08,Q3,2025,LEAD-00509,Converted,8,Existing
ORD-00510,2026-08-11,CUST-0020,Business Client 0020,Retailer,Mumbai,West,Home Decor,Wall Decor,Trade Show,Diya,Won,23,4444.33,0.0,102219.62,102219.62,69721.81,32497.81,2026-08,Q3,2026,LEAD-00510,Converted,25,Existing
ORD-00511,2025-01-09,CUST-0257,Business Client 0257,Distributor,Surat,West,Home Textiles,Bedsheets,Referral,Meera,Lost,44,2594.82,0.0,114171.98,114171.98,69067.14,45104.84,2025-01,Q1,2025,LEAD-00511,Lost,9,New
ORD-00512,2025-03-15,CUST-0063,Business Client 0063,Manufacturer,Gurugram,North,Home Textiles,Towels,Referral,Kabir,Won,86,2419.87,0.0,208108.75,208108.75,127856.76,80251.99,2025-03,Q1,2025,LEAD-00512,Converted,21,New
ORD-00513,2026-05-07,CUST-0245,Business Client 0245,Importer,Surat,West,Home Textiles,Curtains,Email Campaign,Rohan,Won,87,2517.57,0.0,219028.35,219028.35,145814.39,73213.96,2026-05,Q2,2026,LEAD-00513,Converted,10,Existing
ORD-00514,2025-09-10,CUST-0047,Business Client 0047,Importer,Chennai,South,Gifts,Festive Gifts,Trade Show,Ishita,Won,89,654.55,0.2,58254.51,46603.61,34048.47,12555.14,2025-09,Q3,2025,LEAD-00514,Converted,36,Existing
ORD-00515,2025-08-18,CUST-0249,Business Client 0249,Manufacturer,Kochi,South,Clothing & Fashion,Fashion Accessories,Referral,Anaya,Won,77,4514.69,0.05,347630.99,330249.44,226406.29,103843.15,2025-08,Q3,2025,LEAD-00515,Converted,6,Existing
ORD-00516,2026-06-03,CUST-0207,Business Client 0207,Retailer,Lucknow,North,Home Textiles,Cushion Covers,Sales Call,Diya,Won,96,1842.0,0.05,176831.74,167990.15,110768.99,57221.16,2026-06,Q2,2026,LEAD-00516,Converted,31,Existing
ORD-00517,2025-06-23,CUST-0092,Business Client 0092,Retailer,Ahmedabad,West,Home Decor,Decorative Lamps,Trade Show,Anaya,Won,76,2808.67,0.1,213459.03,192113.13,137200.54,54912.59,2025-06,Q2,2025,LEAD-00517,Converted,4,New
ORD-00518,2025-06-17,CUST-0170,Business Client 0170,Interior Designer,Kolkata,East,Houseware,Tableware,Referral,Arjun,Pending,87,2201.08,0.15,191494.11,162770.0,125555.43,37214.57,2025-06,Q2,2025,LEAD-00518,Open,47,Existing
ORD-00519,2025-06-19,CUST-0090,Business Client 0090,Distributor,Kolkata,East,Clothing & Fashion,Fashion Accessories,Trade Show,Meera,Won,57,4987.09,0.15,284264.33,241624.68,176930.9,64693.78,2025-06,Q2,2025,LEAD-00519,Converted,25,New
ORD-00520,2026-01-28,CUST-0208,Business Client 0208,Institutional Buyer,Guwahati,East,Gifts,Festive Gifts,Trade Show,Aarav,Won,18,2012.46,0.1,36224.33,32601.9,18919.4,13682.5,2026-01,Q1,2026,LEAD-00520,Converted,22,Existing
ORD-00521,2026-09-26,CUST-0105,Business Client 0105,Retailer,Kolkata,East,Home Textiles,Towels,Website,Meera,Won,32,1240.24,0.05,39687.75,37703.36,23427.64,14275.72,2026-09,Q3,2026,LEAD-00521,Converted,17,New
ORD-00522,2025-07-13,CUST-0015,Business Client 0015,Manufacturer,Bengaluru,South,Home Textiles,Cushion Covers,Sales Call,Aarav,Lost,18,1225.88,0.2,22065.87,17652.7,13457.97,4194.73,2025-07,Q3,2025,LEAD-00522,Lost,41,New
ORD-00523,2026-06-01,CUST-0390,Business Client 0390,Retailer,Chennai,South,Home Decor,Wall Decor,Referral,Arjun,Won,44,5781.96,0.1,254406.2,228965.58,146305.85,82659.73,2026-06,Q2,2026,LEAD-00523,Converted,22,Existing
ORD-00524,2025-01-29,CUST-0024,Business Client 0024,Distributor,Mumbai,West,Home Textiles,Cushion Covers,Trade Show,Arjun,Lost,97,2531.32,0.05,245537.95,233261.05,140442.26,92818.79,2025-01,Q1,2025,LEAD-00524,Lost,44,New
ORD-00525,2025-06-14,CUST-0344,Business Client 0344,Retailer,Surat,West,Gifts,Corporate Gifts,Email Campaign,Rohan,Won,80,2367.56,0.05,189404.41,179934.19,116348.58,63585.61,2025-06,Q2,2025,LEAD-00525,Converted,24,Existing
ORD-00526,2026-02-26,CUST-0341,Business Client 0341,Institutional Buyer,Mumbai,West,Home Textiles,Bedsheets,Sales Call,Kabir,Won,84,3416.69,0.2,287001.89,229601.51,146390.9,83210.61,2026-02,Q1,2026,LEAD-00526,Converted,4,Existing
ORD-00527,2025-12-05,CUST-0026,Business Client 0026,Manufacturer,Pune,West,Home Decor,Rugs,Website,Diya,Won,61,2433.74,0.15,148458.41,126189.64,89881.36,36308.28,2025-12,Q4,2025,LEAD-00527,Converted,29,Existing
ORD-00528,2026-05-11,CUST-0084,Business Client 0084,Institutional Buyer,Nagpur,Central,Houseware,Tableware,Sales Call,Diya,Won,19,2425.84,0.0,46091.0,46091.0,34914.51,11176.49,2026-05,Q2,2026,LEAD-00528,Converted,13,Existing
ORD-00529,2025-12-31,CUST-0363,Business Client 0363,Manufacturer,Kochi,South,Houseware,Utility,Referral,Ishita,Won,11,2466.92,0.2,27136.17,21708.93,16757.67,4951.26,2025-12,Q4,2025,LEAD-00529,Converted,38,Existing
ORD-00530,2025-12-08,CUST-0135,Business Client 0135,Interior Designer,Mumbai,West,Home Decor,Decorative Lamps,Sales Call,Rohan,Won,72,5934.92,0.15,427314.18,363217.05,245918.33,117298.72,2025-12,Q4,2025,LEAD-00530,Converted,16,Existing
ORD-00531,2026-05-15,CUST-0212,Business Client 0212,Distributor,Chennai,South,Home Decor,Wall Decor,Website,Meera,Won,98,2465.19,0.0,241588.97,241588.97,156767.37,84821.6,2026-05,Q2,2026,LEAD-00531,Converted,9,Existing
ORD-00532,2026-05-26,CUST-0344,Business Client 0344,Interior Designer,Chennai,South,Home Textiles,Towels,Trade Show,Arjun,Won,67,913.68,0.0,61216.88,61216.88,44526.77,16690.11,2026-05,Q2,2026,LEAD-00532,Converted,9,Existing
ORD-00533,2025-11-23,CUST-0399,Business Client 0399,Interior Designer,Kolkata,East,Gifts,Festive Gifts,Trade Show,Kabir,Won,69,2187.77,0.05,150956.3,143408.49,94879.63,48528.86,2025-11,Q4,2025,LEAD-00533,Converted,38,Existing
ORD-00534,2025-08-05,CUST-0253,Business Client 0253,Institutional Buyer,Bengaluru,South,Home Decor,Decorative Lamps,Email Campaign,Aarav,Pending,5,6397.84,0.1,31989.18,28790.26,20406.69,8383.57,2025-08,Q3,2025,LEAD-00534,Open,53,Existing
ORD-00535,2025-10-28,CUST-0128,Business Client 0128,Interior Designer,Kochi,South,Home Textiles,Bedsheets,Sales Call,Rohan,Lost,100,1331.08,0.0,133107.63,133107.63,78128.84,54978.79,2025-10,Q4,2025,LEAD-00535,Lost,18,Existing
ORD-00536,2025-05-12,CUST-0199,Business Client 0199,Interior Designer,Bhubaneswar,East,Gifts,Festive Gifts,Email Campaign,Aarav,Pending,94,846.33,0.05,79554.89,75577.14,50487.36,25089.78,2025-05,Q2,2025,LEAD-00536,Open,11,New
ORD-00537,2025-03-11,CUST-0390,Business Client 0390,Retailer,Kochi,South,Home Decor,Wall Decor,Email Campaign,Kabir,Won,82,3532.75,0.2,289685.33,231748.27,156899.69,74848.58,2025-03,Q1,2025,LEAD-00537,Converted,6,New
ORD-00538,2025-09-09,CUST-0055,Business Client 0055,Distributor,Hyderabad,South,Clothing & Fashion,Lifestyle,Sales Call,Anaya,Won,19,2805.98,0.1,53313.6,47982.24,28158.48,19823.76,2025-09,Q3,2025,LEAD-00538,Converted,8,Existing
ORD-00539,2026-02-19,CUST-0101,Business Client 0101,Retailer,Guwahati,East,Home Textiles,Cushion Covers,Website,Arjun,Pending,17,2924.47,0.05,49716.01,47230.21,28214.76,19015.45,2026-02,Q1,2026,LEAD-00539,Open,31,Existing
ORD-00540,2026-03-21,CUST-0086,Business Client 0086,Manufacturer,Pune,West,Houseware,Storage,Website,Anaya,Won,78,470.53,0.05,36701.61,34866.53,22662.2,12204.33,2026-03,Q1,2026,LEAD-00540,Converted,34,Existing
ORD-00541,2025-07-01,CUST-0033,Business Client 0033,Manufacturer,Gurugram,North,Home Textiles,Curtains,Field Visit,Meera,Lost,90,703.39,0.05,63305.03,60139.78,45575.36,14564.42,2025-07,Q3,2025,LEAD-00541,Lost,35,New
ORD-00542,2025-06-16,CUST-0395,Business Client 0395,Distributor,Kolkata,East,Home Textiles,Cushion Covers,Website,Rohan,Won,35,2680.01,0.0,93800.4,93800.4,66735.59,27064.81,2025-06,Q2,2025,LEAD-00542,Converted,40,New
ORD-00543,2025-04-01,CUST-0308,Business Client 0308,Interior Designer,Hyderabad,South,Gifts,Corporate Gifts,Website,Meera,Won,12,884.85,0.1,10618.2,9556.38,5601.52,3954.86,2025-04,Q2,2025,LEAD-00543,Converted,22,New
ORD-00544,2026-06-15,CUST-0047,Business Client 0047,Retailer,Ahmedabad,West,Home Decor,Wall Decor,Sales Call,Ishita,Won,85,6738.58,0.0,572779.21,572779.21,388559.2,184220.01,2026-06,Q2,2026,LEAD-00544,Converted,40,Existing
ORD-00545,2025-02-08,CUST-0192,Business Client 0192,Interior Designer,Delhi,North,Gifts,Festive Gifts,Trade Show,Arjun,Lost,5,2292.14,0.05,11460.68,10887.65,6395.52,4492.13,2025-02,Q1,2025,LEAD-00545,Lost,41,Existing
ORD-00546,2025-05-06,CUST-0309,Business Client 0309,Retailer,Gurugram,North,Home Textiles,Curtains,Website,Kabir,Won,67,929.24,0.05,62259.36,59146.39,40170.09,18976.3,2025-05,Q2,2025,LEAD-00546,Converted,5,Existing
ORD-00547,2026-03-27,CUST-0262,Business Client 0262,Retailer,Nagpur,Central,Home Decor,Vases,Trade Show,Meera,Won,56,943.51,0.15,52836.56,44911.08,30473.73,14437.35,2026-03,Q1,2026,LEAD-00547,Converted,10,Existing
ORD-00548,2025-06-22,CUST-0300,Business Client 0300,Manufacturer,Jaipur,North,Clothing & Fashion,Fashion Accessories,Website,Meera,Won,45,4305.85,0.05,193763.34,184075.17,130863.5,53211.67,2025-06,Q2,2025,LEAD-00548,Converted,36,Existing
ORD-00549,2025-08-08,CUST-0216,Business Client 0216,Distributor,Delhi,North,Gifts,Festive Gifts,Website,Aarav,Won,90,557.63,0.05,50186.26,47676.95,32746.88,14930.07,2025-08,Q3,2025,LEAD-00549,Converted,45,Existing
ORD-00550,2026-09-30,CUST-0025,Business Client 0025,Manufacturer,Delhi,North,Home Decor,Vases,Trade Show,Diya,Won,68,4422.19,0.15,300709.17,255602.8,160617.1,94985.7,2026-09,Q3,2026,LEAD-00550,Converted,9,Existing
ORD-00551,2025-02-27,CUST-0019,Business Client 0019,Interior Designer,Nagpur,Central,Home Textiles,Bedsheets,Sales Call,Arjun,Won,25,683.9,0.05,17097.41,16242.54,12651.51,3591.03,2025-02,Q1,2025,LEAD-00551,Converted,10,New
ORD-00552,2026-04-21,CUST-0332,Business Client 0332,Distributor,Kochi,South,Home Textiles,Curtains,Referral,Arjun,Lost,50,2670.83,0.1,133541.42,120187.27,86927.96,33259.31,2026-04,Q2,2026,LEAD-00552,Lost,18,Existing
ORD-00553,2026-04-01,CUST-0376,Business Client 0376,Distributor,Pune,West,Home Textiles,Towels,Trade Show,Ishita,Lost,51,1620.7,0.05,82655.64,78522.86,58270.76,20252.1,2026-04,Q2,2026,LEAD-00553,Lost,58,Existing
ORD-00554,2025-12-27,CUST-0311,Business Client 0311,Importer,Gurugram,North,Houseware,Tableware,Trade Show,Meera,Won,95,326.19,0.1,30988.14,27889.33,16594.67,11294.66,2025-12,Q4,2025,LEAD-00554,Converted,22,Existing
ORD-00555,2025-01-01,CUST-0234,Business Client 0234,Institutional Buyer,Bengaluru,South,Home Textiles,Curtains,Referral,Anaya,Won,82,2414.01,0.15,197948.8,168256.48,126948.26,41308.22,2025-01,Q1,2025,LEAD-00555,Converted,28,New
ORD-00556,2026-01-22,CUST-0142,Business Client 0142,Distributor,Lucknow,North,Gifts,Corporate Gifts,Referral,Ishita,Won,23,1719.23,0.1,39542.37,35588.14,20683.31,14904.83,2026-01,Q1,2026,LEAD-00556,Converted,7,Existing
ORD-00557,2025-12-14,CUST-0228,Business Client 0228,Retailer,Bengaluru,South,Home Textiles,Cushion Covers,Email Campaign,Meera,Won,10,2502.81,0.05,25028.05,23776.65,15280.63,8496.02,2025-12,Q4,2025,LEAD-00557,Converted,16,Existing
ORD-00558,2025-07-09,CUST-0293,Business Client 0293,Institutional Buyer,Bengaluru,South,Clothing & Fashion,Fashion Accessories,Website,Rohan,Won,9,4208.43,0.0,37875.83,37875.83,26246.58,11629.25,2025-07,Q3,2025,LEAD-00558,Converted,35,New
ORD-00559,2026-05-20,CUST-0166,Business Client 0166,Institutional Buyer,Surat,West,Home Textiles,Curtains,Sales Call,Ishita,Lost,19,2058.51,0.1,39111.61,35200.45,25599.73,9600.72,2026-05,Q2,2026,LEAD-00559,Lost,21,Existing
ORD-00560,2025-07-10,CUST-0376,Business Client 0376,Distributor,Hyderabad,South,Houseware,Utility,Website,Anaya,Won,24,2042.58,0.05,49021.83,46570.74,34087.19,12483.55,2025-07,Q3,2025,LEAD-00560,Converted,37,New
ORD-00561,2026-05-23,CUST-0332,Business Client 0332,Importer,Chennai,South,Houseware,Utility,Sales Call,Rohan,Lost,100,980.89,0.05,98089.14,93184.68,59564.87,33619.81,2026-05,Q2,2026,LEAD-00561,Lost,30,Existing
ORD-00562,2026-01-04,CUST-0215,Business Client 0215,Distributor,Delhi,North,Gifts,Corporate Gifts,Trade Show,Aarav,Won,80,1016.3,0.1,81303.67,73173.3,49730.47,23442.83,2026-01,Q1,2026,LEAD-00562,Converted,12,Existing
ORD-00563,2026-02-13,CUST-0068,Business Client 0068,Retailer,Gurugram,North,Clothing & Fashion,Apparel,Trade Show,Meera,Won,31,3577.52,0.15,110903.12,94267.65,56803.01,37464.64,2026-02,Q1,2026,LEAD-00563,Converted,11,Existing
ORD-00564,2025-04-27,CUST-0081,Business Client 0081,Distributor,Ahmedabad,West,Home Decor,Wall Decor,Referral,Ishita,Won,75,5203.3,0.1,390247.58,351222.82,211257.24,139965.58,2025-04,Q2,2025,LEAD-00564,Converted,24,New
ORD-00565,2025-05-14,CUST-0304,Business Client 0304,Retailer,Kolkata,East,Houseware,Kitchenware,Website,Arjun,Pending,70,1622.54,0.2,113577.5,90862.0,69555.98,21306.02,2025-05,Q2,2025,LEAD-00565,Open,4,Existing
ORD-00566,2025-02-27,CUST-0016,Business Client 0016,Interior Designer,Hyderabad,South,Home Textiles,Curtains,Website,Anaya,Won,100,1185.07,0.15,118506.68,100730.68,66335.89,34394.79,2025-02,Q1,2025,LEAD-00566,Converted,32,Existing
ORD-00567,2026-07-10,CUST-0207,Business Client 0207,Distributor,Jaipur,North,Gifts,Gift Sets,Trade Show,Arjun,Won,38,1735.27,0.1,65940.17,59346.15,40631.44,18714.71,2026-07,Q3,2026,LEAD-00567,Converted,12,Existing
ORD-00568,2025-06-22,CUST-0146,Business Client 0146,Manufacturer,Mumbai,West,Home Textiles,Towels,Referral,Rohan,Won,51,1488.06,0.1,75891.09,68301.98,45529.73,22772.25,2025-06,Q2,2025,LEAD-00568,Converted,16,New
ORD-00569,2025-05-29,CUST-0152,Business Client 0152,Distributor,Gurugram,North,Houseware,Utility,Field Visit,Aarav,Won,27,1711.27,0.0,46204.38,46204.38,30041.37,16163.01,2025-05,Q2,2025,LEAD-00569,Converted,21,New
ORD-00570,2025-03-21,CUST-0108,Business Client 0108,Distributor,Kolkata,East,Gifts,Corporate Gifts,Website,Arjun,Won,16,1320.22,0.2,21123.58,16898.86,12970.77,3928.09,2025-03,Q1,2025,LEAD-00570,Converted,41,Existing
ORD-00571,2025-08-01,CUST-0308,Business Client 0308,Manufacturer,Pune,West,Home Decor,Decorative Lamps,Field Visit,Diya,Won,81,4426.95,0.1,358583.35,322725.02,231691.26,91033.76,2025-08,Q3,2025,LEAD-00571,Converted,25,Existing
ORD-00572,2025-07-22,CUST-0361,Business Client 0361,Manufacturer,Bhubaneswar,East,Houseware,Tableware,Website,Rohan,Won,22,1909.06,0.1,41999.31,37799.38,25097.81,12701.57,2025-07,Q3,2025,LEAD-00572,Converted,34,Existing
ORD-00573,2025-08-17,CUST-0275,Business Client 0275,Distributor,Kolkata,East,Gifts,Festive Gifts,Email Campaign,Ishita,Won,72,1611.14,0.05,116001.9,110201.81,83951.32,26250.49,2025-08,Q3,2025,LEAD-00573,Converted,38,New
ORD-00574,2025-08-15,CUST-0218,Business Client 0218,Institutional Buyer,Lucknow,North,Home Textiles,Towels,Field Visit,Arjun,Won,69,896.2,0.1,61837.83,55654.05,38972.97,16681.08,2025-08,Q3,2025,LEAD-00574,Converted,45,Existing
ORD-00575,2026-06-16,CUST-0047,Business Client 0047,Retailer,Ahmedabad,West,Clothing & Fashion,Apparel,Email Campaign,Meera,Won,30,500.24,0.2,15007.13,12005.71,8918.34,3087.37,2026-06,Q2,2026,LEAD-00575,Converted,45,Existing
ORD-00576,2026-03-17,CUST-0206,Business Client 0206,Institutional Buyer,Surat,West,Houseware,Storage,Referral,Kabir,Won,16,1665.08,0.0,26641.31,26641.31,20115.31,6526.0,2026-03,Q1,2026,LEAD-00576,Converted,13,Existing
ORD-00577,2026-02-06,CUST-0339,Business Client 0339,Manufacturer,Mumbai,West,Home Textiles,Curtains,Field Visit,Ishita,Won,58,3226.75,0.05,187151.69,177794.1,122210.98,55583.12,2026-02,Q1,2026,LEAD-00577,Converted,12,Existing
ORD-00578,2025-02-16,CUST-0003,Business Client 0003,Distributor,Lucknow,North,Gifts,Gift Sets,Website,Meera,Won,40,2253.18,0.1,90127.23,81114.51,54767.58,26346.93,2025-02,Q1,2025,LEAD-00578,Converted,34,New
ORD-00579,2025-08-21,CUST-0146,Business Client 0146,Manufacturer,Kochi,South,Home Textiles,Towels,Website,Arjun,Won,15,1515.93,0.1,22738.95,20465.05,12439.31,8025.74,2025-08,Q3,2025,LEAD-00579,Converted,43,Existing
ORD-00580,2025-11-01,CUST-0372,Business Client 0372,Retailer,Kochi,South,Home Textiles,Bedsheets,Website,Arjun,Won,27,1245.61,0.0,33631.4,33631.4,24718.12,8913.28,2025-11,Q4,2025,LEAD-00580,Converted,27,Existing
ORD-00581,2026-06-10,CUST-0334,Business Client 0334,Importer,Kolkata,East,Home Decor,Rugs,Trade Show,Rohan,Won,87,2536.83,0.1,220704.34,198633.91,141574.51,57059.4,2026-06,Q2,2026,LEAD-00581,Converted,44,Existing
ORD-00582,2025-05-23,CUST-0044,Business Client 0044,Manufacturer,Lucknow,North,Home Decor,Vases,Website,Anaya,Pending,84,6646.06,0.1,558268.94,502442.05,352809.43,149632.62,2025-05,Q2,2025,LEAD-00582,Open,58,Existing
ORD-00583,2026-02-19,CUST-0159,Business Client 0159,Distributor,Chennai,South,Houseware,Storage,Email Campaign,Rohan,Won,25,2000.79,0.0,50019.63,50019.63,29275.33,20744.3,2026-02,Q1,2026,LEAD-00583,Converted,23,Existing
ORD-00584,2026-05-28,CUST-0181,Business Client 0181,Manufacturer,Hyderabad,South,Home Decor,Vases,Trade Show,Kabir,Won,16,3262.9,0.1,52206.42,46985.78,35748.58,11237.2,2026-05,Q2,2026,LEAD-00584,Converted,20,Existing
ORD-00585,2026-01-08,CUST-0207,Business Client 0207,Importer,Lucknow,North,Gifts,Festive Gifts,Website,Arjun,Won,20,2370.18,0.0,47403.54,47403.54,30695.79,16707.75,2026-01,Q1,2026,LEAD-00585,Converted,31,New
ORD-00586,2026-07-20,CUST-0131,Business Client 0131,Distributor,Guwahati,East,Gifts,Festive Gifts,Trade Show,Diya,Won,97,1287.18,0.1,124856.61,112370.95,84130.51,28240.44,2026-07,Q3,2026,LEAD-00586,Converted,9,New
ORD-00587,2025-09-16,CUST-0264,Business Client 0264,Importer,Nagpur,Central,Clothing & Fashion,Apparel,Website,Diya,Won,79,4046.54,0.15,319676.28,271724.84,166439.74,105285.1,2025-09,Q3,2025,LEAD-00587,Converted,45,New
ORD-00588,2026-04-16,CUST-0367,Business Client 0367,Institutional Buyer,Mumbai,West,Home Textiles,Towels,Email Campaign,Anaya,Won,64,2015.49,0.15,128991.49,109642.77,67798.12,41844.65,2026-04,Q2,2026,LEAD-00588,Converted,36,Existing
ORD-00589,2025-01-12,CUST-0007,Business Client 0007,Retailer,Kolkata,East,Gifts,Festive Gifts,Sales Call,Anaya,Won,86,2469.51,0.1,212377.63,191139.87,112659.33,78480.54,2025-01,Q1,2025,LEAD-00589,Converted,31,New
ORD-00590,2025-11-26,CUST-0176,Business Client 0176,Importer,Nagpur,Central,Home Textiles,Curtains,Trade Show,Kabir,Won,99,1206.22,0.05,119415.95,113445.16,76878.04,36567.12,2025-11,Q4,2025,LEAD-00590,Converted,4,Existing
ORD-00591,2025-12-24,CUST-0049,Business Client 0049,Distributor,Chennai,South,Home Textiles,Towels,Website,Diya,Won,90,788.02,0.1,70921.88,63829.69,37693.24,26136.45,2025-12,Q4,2025,LEAD-00591,Converted,44,Existing
ORD-00592,2026-02-12,CUST-0059,Business Client 0059,Manufacturer,Jaipur,North,Home Decor,Wall Decor,Referral,Rohan,Won,10,6531.0,0.2,65309.97,52247.98,38425.1,13822.88,2026-02,Q1,2026,LEAD-00592,Converted,38,Existing
ORD-00593,2026-01-08,CUST-0112,Business Client 0112,Institutional Buyer,Kochi,South,Houseware,Utility,Referral,Ishita,Won,61,1010.29,0.0,61627.58,61627.58,37576.46,24051.12,2026-01,Q1,2026,LEAD-00593,Converted,27,Existing
ORD-00594,2025-01-08,CUST-0091,Business Client 0091,Retailer,Gurugram,North,Home Textiles,Curtains,Field Visit,Anaya,Won,48,3411.72,0.1,163762.56,147386.3,89798.73,57587.57,2025-01,Q1,2025,LEAD-00594,Converted,9,New
ORD-00595,2025-05-02,CUST-0301,Business Client 0301,Importer,Kochi,South,Home Textiles,Curtains,Field Visit,Meera,Won,35,727.55,0.05,25464.41,24191.19,17492.96,6698.23,2025-05,Q2,2025,LEAD-00595,Converted,10,New
ORD-00596,2025-12-14,CUST-0152,Business Client 0152,Importer,Delhi,North,Home Decor,Rugs,Sales Call,Meera,Won,64,5854.12,0.0,374663.52,374663.52,225715.37,148948.15,2025-12,Q4,2025,LEAD-00596,Converted,12,Existing
ORD-00597,2025-03-31,CUST-0254,Business Client 0254,Interior Designer,Chennai,South,Home Textiles,Cushion Covers,Sales Call,Rohan,Won,75,1797.8,0.0,134835.3,134835.3,100640.8,34194.5,2025-03,Q1,2025,LEAD-00597,Converted,40,New
ORD-00598,2025-11-12,CUST-0357,Business Client 0357,Retailer,Mumbai,West,Home Decor,Decorative Lamps,Email Campaign,Meera,Won,86,6878.57,0.0,591556.94,591556.94,347765.62,243791.32,2025-11,Q4,2025,LEAD-00598,Converted,19,Existing
ORD-00599,2025-06-27,CUST-0091,Business Client 0091,Importer,Guwahati,East,Clothing & Fashion,Lifestyle,Referral,Ishita,Won,88,1950.52,0.1,171646.03,154481.43,118614.2,35867.23,2025-06,Q2,2025,LEAD-00599,Converted,37,Existing
ORD-00600,2026-06-24,CUST-0078,Business Client 0078,Interior Designer,Delhi,North,Home Decor,Wall Decor,Trade Show,Arjun,Pending,61,6776.45,0.0,413363.52,413363.52,289694.71,123668.81,2026-06,Q2,2026,LEAD-00600,Open,18,Existing
ORD-00601,2025-02-10,CUST-0047,Business Client 0047,Retailer,Bengaluru,South,Home Textiles,Towels,Trade Show,Aarav,Won,96,1907.18,0.05,183089.38,173934.91,134084.6,39850.31,2025-02,Q1,2025,LEAD-00601,Converted,38,New
ORD-00602,2026-05-17,CUST-0350,Business Client 0350,Manufacturer,Ahmedabad,West,Home Decor,Decorative Lamps,Sales Call,Ishita,Lost,46,3944.29,0.1,181437.44,163293.69,102836.37,60457.32,2026-05,Q2,2026,LEAD-00602,Lost,24,Existing
ORD-00603,2025-05-25,CUST-0209,Business Client 0209,Distributor,Hyderabad,South,Home Decor,Wall Decor,Referral,Ishita,Won,19,1434.85,0.05,27262.07,25898.96,18740.16,7158.8,2025-05,Q2,2025,LEAD-00603,Converted,26,Existing
ORD-00604,2025-07-20,CUST-0066,Business Client 0066,Importer,Chennai,South,Home Textiles,Curtains,Email Campaign,Anaya,Won,89,960.25,0.15,85462.49,72643.12,51719.03,20924.09,2025-07,Q3,2025,LEAD-00604,Converted,45,Existing
ORD-00605,2026-04-06,CUST-0061,Business Client 0061,Manufacturer,Gurugram,North,Gifts,Corporate Gifts,Trade Show,Aarav,Pending,25,293.14,0.0,7328.48,7328.48,4314.87,3013.61,2026-04,Q2,2026,LEAD-00605,Open,21,Existing
ORD-00606,2026-07-12,CUST-0121,Business Client 0121,Retailer,Delhi,North,Gifts,Festive Gifts,Trade Show,Anaya,Lost,49,2461.05,0.1,120591.38,108532.24,83325.63,25206.61,2026-07,Q3,2026,LEAD-00606,Lost,56,Existing
ORD-00607,2026-07-01,CUST-0322,Business Client 0322,Retailer,Jaipur,North,Home Decor,Decorative Lamps,Website,Arjun,Won,7,5778.39,0.2,40448.74,32358.99,24227.04,8131.95,2026-07,Q3,2026,LEAD-00607,Converted,7,Existing
ORD-00608,2025-09-10,CUST-0149,Business Client 0149,Importer,Pune,West,Houseware,Tableware,Referral,Arjun,Pending,46,1605.7,0.0,73862.26,73862.26,48400.28,25461.98,2025-09,Q3,2025,LEAD-00608,Open,57,New
ORD-00609,2026-01-25,CUST-0322,Business Client 0322,Distributor,Lucknow,North,Gifts,Corporate Gifts,Trade Show,Ishita,Won,12,2324.03,0.2,27888.31,22310.65,17033.98,5276.67,2026-01,Q1,2026,LEAD-00609,Converted,14,Existing
ORD-00610,2026-08-17,CUST-0282,Business Client 0282,Retailer,Delhi,North,Home Decor,Vases,Trade Show,Ishita,Won,82,3354.36,0.1,275057.74,247551.97,177529.78,70022.19,2026-08,Q3,2026,LEAD-00610,Converted,43,New
ORD-00611,2025-09-13,CUST-0224,Business Client 0224,Interior Designer,Delhi,North,Home Decor,Decorative Lamps,Trade Show,Ishita,Won,54,5274.22,0.2,284807.93,227846.35,153220.09,74626.26,2025-09,Q3,2025,LEAD-00611,Converted,12,Existing
ORD-00612,2026-03-26,CUST-0391,Business Client 0391,Importer,Guwahati,East,Home Decor,Decorative Lamps,Trade Show,Rohan,Won,51,3446.81,0.1,175787.46,158208.72,117360.32,40848.4,2026-03,Q1,2026,LEAD-00612,Converted,43,Existing
ORD-00613,2025-01-10,CUST-0397,Business Client 0397,Interior Designer,Surat,West,Houseware,Tableware,Email Campaign,Diya,Pending,80,1798.26,0.05,143860.52,136667.5,85456.26,51211.24,2025-01,Q1,2025,LEAD-00613,Open,19,New
ORD-00614,2025-08-30,CUST-0026,Business Client 0026,Importer,Delhi,North,Home Textiles,Towels,Trade Show,Ishita,Won,18,897.93,0.05,16162.77,15354.63,10609.13,4745.5,2025-08,Q3,2025,LEAD-00614,Converted,20,Existing
ORD-00615,2025-09-08,CUST-0204,Business Client 0204,Retailer,Nagpur,Central,Home Textiles,Cushion Covers,Referral,Meera,Won,10,1785.69,0.15,17856.94,15178.4,10094.21,5084.19,2025-09,Q3,2025,LEAD-00615,Converted,35,New
ORD-00616,2025-01-05,CUST-0318,Business Client 0318,Manufacturer,Guwahati,East,Houseware,Utility,Website,Aarav,Won,81,2048.11,0.1,165896.64,149306.98,116019.58,33287.4,2025-01,Q1,2025,LEAD-00616,Converted,26,New
ORD-00617,2025-04-29,CUST-0113,Business Client 0113,Interior Designer,Mumbai,West,Home Textiles,Bedsheets,Trade Show,Kabir,Won,45,2696.91,0.05,121361.07,115293.01,77865.16,37427.85,2025-04,Q2,2025,LEAD-00617,Converted,18,Existing
ORD-00618,2026-01-09,CUST-0348,Business Client 0348,Manufacturer,Pune,West,Home Textiles,Towels,Email Campaign,Diya,Won,18,3485.48,0.1,62738.61,56464.75,43341.06,13123.69,2026-01,Q1,2026,LEAD-00618,Converted,31,New
ORD-00619,2025-03-06,CUST-0261,Business Client 0261,Retailer,Surat,West,Houseware,Kitchenware,Email Campaign,Arjun,Won,13,402.92,0.15,5237.95,4452.26,3414.02,1038.24,2025-03,Q1,2025,LEAD-00619,Converted,41,New
ORD-00620,2025-05-26,CUST-0142,Business Client 0142,Institutional Buyer,Ahmedabad,West,Clothing & Fashion,Fashion Accessories,Field Visit,Diya,Won,93,4938.72,0.1,459300.94,413370.84,249106.01,164264.83,2025-05,Q2,2025,LEAD-00620,Converted,8,Existing
ORD-00621,2025-08-12,CUST-0157,Business Client 0157,Interior Designer,Lucknow,North,Home Textiles,Cushion Covers,Sales Call,Meera,Won,71,2005.14,0.05,142364.83,135246.59,105342.22,29904.37,2025-08,Q3,2025,LEAD-00621,Converted,43,New
ORD-00622,2025-08-27,CUST-0086,Business Client 0086,Importer,Ahmedabad,West,Home Decor,Vases,Website,Anaya,Won,83,1807.92,0.15,150057.01,127548.46,80226.8,47321.66,2025-08,Q3,2025,LEAD-00622,Converted,21,Existing
ORD-00623,2025-06-26,CUST-0154,Business Client 0154,Interior Designer,Nagpur,Central,Clothing & Fashion,Lifestyle,Website,Rohan,Won,80,530.53,0.0,42442.8,42442.8,32290.31,10152.49,2025-06,Q2,2025,LEAD-00623,Converted,24,Existing
ORD-00624,2025-10-09,CUST-0037,Business Client 0037,Interior Designer,Kochi,South,Houseware,Tableware,Field Visit,Anaya,Won,74,1810.85,0.1,134003.05,120602.75,85477.16,35125.59,2025-10,Q4,2025,LEAD-00624,Converted,18,Existing
ORD-00625,2025-03-04,CUST-0104,Business Client 0104,Importer,Jaipur,North,Clothing & Fashion,Lifestyle,Email Campaign,Diya,Won,36,4003.54,0.1,144127.34,129714.61,90140.61,39574.0,2025-03,Q1,2025,LEAD-00625,Converted,6,Existing
ORD-00626,2025-08-05,CUST-0080,Business Client 0080,Retailer,Gurugram,North,Home Decor,Wall Decor,Sales Call,Meera,Won,35,1941.05,0.15,67936.9,57746.37,41795.75,15950.62,2025-08,Q3,2025,LEAD-00626,Converted,29,Existing
ORD-00627,2026-04-06,CUST-0372,Business Client 0372,Manufacturer,Nagpur,Central,Clothing & Fashion,Apparel,Referral,Anaya,Won,40,2045.89,0.2,81835.69,65468.55,49890.6,15577.95,2026-04,Q2,2026,LEAD-00627,Converted,18,Existing
ORD-00628,2026-09-02,CUST-0113,Business Client 0113,Retailer,Bhubaneswar,East,Home Textiles,Cushion Covers,Trade Show,Anaya,Won,34,1854.49,0.05,63052.59,59899.96,38070.41,21829.55,2026-09,Q3,2026,LEAD-00628,Converted,23,Existing
ORD-00629,2025-04-15,CUST-0218,Business Client 0218,Retailer,Mumbai,West,Houseware,Storage,Sales Call,Ishita,Won,5,2522.71,0.0,12613.56,12613.56,8081.53,4532.03,2025-04,Q2,2025,LEAD-00629,Converted,24,New
ORD-00630,2025-04-09,CUST-0386,Business Client 0386,Institutional Buyer,Bengaluru,South,Houseware,Tableware,Sales Call,Aarav,Won,36,1081.25,0.05,38925.05,36978.8,25230.17,11748.63,2025-04,Q2,2025,LEAD-00630,Converted,29,New
ORD-00631,2026-05-26,CUST-0330,Business Client 0330,Importer,Guwahati,East,Clothing & Fashion,Lifestyle,Website,Diya,Won,88,4899.53,0.15,431159.07,366485.21,268995.26,97489.95,2026-05,Q2,2026,LEAD-00631,Converted,44,Existing
ORD-00632,2026-01-20,CUST-0035,Business Client 0035,Manufacturer,Lucknow,North,Home Decor,Vases,Sales Call,Diya,Won,50,1213.09,0.05,60654.68,57621.95,35567.09,22054.86,2026-01,Q1,2026,LEAD-00632,Converted,26,Existing
ORD-00633,2026-02-09,CUST-0103,Business Client 0103,Manufacturer,Delhi,North,Home Decor,Rugs,Website,Aarav,Won,96,6709.64,0.1,644125.1,579712.59,373755.68,205956.91,2026-02,Q1,2026,LEAD-00633,Converted,28,Existing
ORD-00634,2026-06-02,CUST-0014,Business Client 0014,Distributor,Ahmedabad,West,Home Decor,Decorative Lamps,Field Visit,Kabir,Lost,18,6669.59,0.05,120052.6,114049.97,70167.05,43882.92,2026-06,Q2,2026,LEAD-00634,Lost,49,Existing
ORD-00635,2026-04-21,CUST-0056,Business Client 0056,Retailer,Hyderabad,South,Clothing & Fashion,Fashion Accessories,Sales Call,Ishita,Won,52,644.74,0.1,33526.67,30174.01,20016.44,10157.57,2026-04,Q2,2026,LEAD-00635,Converted,13,Existing
ORD-00636,2026-03-13,CUST-0241,Business Client 0241,Manufacturer,Delhi,North,Home Textiles,Curtains,Referral,Kabir,Pending,64,524.67,0.1,33578.84,30220.96,21591.27,8629.69,2026-03,Q1,2026,LEAD-00636,Open,51,Existing
ORD-00637,2025-01-23,CUST-0187,Business Client 0187,Manufacturer,Nagpur,Central,Houseware,Utility,Website,Ishita,Pending,88,2789.28,0.1,245456.66,220910.99,161887.68,59023.31,2025-01,Q1,2025,LEAD-00637,Open,53,New
ORD-00638,2026-07-19,CUST-0389,Business Client 0389,Manufacturer,Lucknow,North,Home Decor,Rugs,Field Visit,Aarav,Lost,88,3687.78,0.0,324524.22,324524.22,241523.92,83000.3,2026-07,Q3,2026,LEAD-00638,Lost,44,New
ORD-00639,2026-04-03,CUST-0014,Business Client 0014,Manufacturer,Pune,West,Home Textiles,Bedsheets,Sales Call,Meera,Won,20,2543.63,0.15,50872.56,43241.67,30576.99,12664.68,2026-04,Q2,2026,LEAD-00639,Converted,34,Existing
ORD-00640,2025-03-24,CUST-0274,Business Client 0274,Retailer,Gurugram,North,Home Textiles,Towels,Email Campaign,Meera,Won,6,2265.3,0.1,13591.8,12232.62,8847.06,3385.56,2025-03,Q1,2025,LEAD-00640,Converted,12,Existing
ORD-00641,2025-05-25,CUST-0023,Business Client 0023,Retailer,Ahmedabad,West,Home Textiles,Cushion Covers,Trade Show,Diya,Won,77,3435.74,0.05,264551.61,251324.03,172521.17,78802.86,2025-05,Q2,2025,LEAD-00641,Converted,32,Existing
ORD-00642,2025-03-26,CUST-0078,Business Client 0078,Retailer,Lucknow,North,Clothing & Fashion,Apparel,Email Campaign,Diya,Won,27,660.87,0.1,17843.43,16059.09,10894.86,5164.23,2025-03,Q1,2025,LEAD-00642,Converted,40,Existing
ORD-00643,2025-03-19,CUST-0056,Business Client 0056,Manufacturer,Jaipur,North,Houseware,Utility,Trade Show,Ishita,Won,31,2037.52,0.0,63162.97,63162.97,47212.18,15950.79,2025-03,Q1,2025,LEAD-00643,Converted,10,New
ORD-00644,2026-04-02,CUST-0136,Business Client 0136,Retailer,Bengaluru,South,Houseware,Tableware,Trade Show,Arjun,Won,45,621.92,0.1,27986.27,25187.64,14769.31,10418.33,2026-04,Q2,2026,LEAD-00644,Converted,41,Existing
ORD-00645,2025-01-01,CUST-0400,Business Client 0400,Retailer,Delhi,North,Home Decor,Wall Decor,Field Visit,Meera,Pending,29,3777.57,0.05,109549.67,104072.19,71576.12,32496.07,2025-01,Q1,2025,LEAD-00645,Open,38,New
ORD-00646,2025-02-20,CUST-0214,Business Client 0214,Retailer,Gurugram,North,Home Textiles,Bedsheets,Email Campaign,Aarav,Lost,86,1922.98,0.05,165376.0,157107.2,106774.79,50332.41,2025-02,Q1,2025,LEAD-00646,Lost,10,New
ORD-00647,2026-03-22,CUST-0273,Business Client 0273,Distributor,Pune,West,Home Textiles,Bedsheets,Website,Arjun,Won,57,2126.41,0.05,121205.51,115145.24,79187.3,35957.94,2026-03,Q1,2026,LEAD-00647,Converted,37,Existing
ORD-00648,2026-03-25,CUST-0181,Business Client 0181,Retailer,Gurugram,North,Houseware,Utility,Trade Show,Rohan,Won,93,1113.31,0.0,103537.79,103537.79,79295.05,24242.74,2026-03,Q1,2026,LEAD-00648,Converted,29,Existing
ORD-00649,2026-05-03,CUST-0049,Business Client 0049,Retailer,Delhi,North,Houseware,Tableware,Email Campaign,Ishita,Won,55,853.99,0.0,46969.65,46969.65,33154.51,13815.14,2026-05,Q2,2026,LEAD-00649,Converted,31,Existing
ORD-00650,2025-02-03,CUST-0285,Business Client 0285,Interior Designer,Guwahati,East,Home Textiles,Curtains,Field Visit,Diya,Won,88,2125.64,0.05,187056.37,177703.55,103724.01,73979.54,2025-02,Q1,2025,LEAD-00650,Converted,31,New
ORD-00651,2025-12-14,CUST-0281,Business Client 0281,Retailer,Bengaluru,South,Houseware,Storage,Website,Kabir,Won,41,1519.7,0.05,62307.81,59192.42,39292.81,19899.61,2025-12,Q4,2025,LEAD-00651,Converted,10,Existing
ORD-00652,2025-04-05,CUST-0245,Business Client 0245,Distributor,Jaipur,North,Houseware,Kitchenware,Website,Meera,Won,29,2425.78,0.1,70347.61,63312.85,39923.97,23388.88,2025-04,Q2,2025,LEAD-00652,Converted,6,New
ORD-00653,2025-03-13,CUST-0236,Business Client 0236,Retailer,Chennai,South,Clothing & Fashion,Apparel,Sales Call,Arjun,Won,79,3710.56,0.2,293134.09,234507.27,140162.07,94345.2,2025-03,Q1,2025,LEAD-00653,Converted,25,New
ORD-00654,2026-07-05,CUST-0348,Business Client 0348,Importer,Delhi,North,Home Decor,Decorative Lamps,Referral,Anaya,Won,87,1349.52,0.15,117408.63,99797.33,65077.1,34720.23,2026-07,Q3,2026,LEAD-00654,Converted,41,Existing
ORD-00655,2025-06-03,CUST-0268,Business Client 0268,Interior Designer,Chennai,South,Clothing & Fashion,Lifestyle,Referral,Ishita,Won,93,767.02,0.1,71333.05,64199.74,48575.06,15624.68,2025-06,Q2,2025,LEAD-00655,Converted,21,New
ORD-00656,2025-09-07,CUST-0307,Business Client 0307,Institutional Buyer,Pune,West,Gifts,Festive Gifts,Website,Meera,Won,11,1077.97,0.1,11857.63,10671.87,6197.32,4474.55,2025-09,Q3,2025,LEAD-00656,Converted,15,Existing
ORD-00657,2026-03-14,CUST-0054,Business Client 0054,Importer,Guwahati,East,Clothing & Fashion,Fashion Accessories,Website,Rohan,Pending,52,1505.72,0.1,78297.67,70467.9,43560.57,26907.33,2026-03,Q1,2026,LEAD-00657,Open,51,Existing
ORD-00658,2025-04-28,CUST-0339,Business Client 0339,Retailer,Mumbai,West,Home Textiles,Cushion Covers,Trade Show,Arjun,Won,94,2937.37,0.05,276112.64,262307.01,169639.97,92667.04,2025-04,Q2,2025,LEAD-00658,Converted,42,New
ORD-00659,2025-11-02,CUST-0346,Business Client 0346,Interior Designer,Kochi,South,Gifts,Gift Sets,Referral,Anaya,Won,34,1835.79,0.05,62416.88,59296.04,40180.09,19115.95,2025-11,Q4,2025,LEAD-00659,Converted,8,New
ORD-00660,2025-09-25,CUST-0120,Business Client 0120,Distributor,Bhubaneswar,East,Home Decor,Vases,Sales Call,Kabir,Won,44,2767.6,0.0,121774.19,121774.19,88688.57,33085.62,2025-09,Q3,2025,LEAD-00660,Converted,44,Existing
ORD-00661,2025-02-23,CUST-0299,Business Client 0299,Retailer,Jaipur,North,Gifts,Corporate Gifts,Website,Arjun,Lost,82,2433.85,0.0,199575.71,199575.71,120991.4,78584.31,2025-02,Q1,2025,LEAD-00661,Lost,27,Existing
ORD-00662,2025-08-24,CUST-0188,Business Client 0188,Retailer,Ahmedabad,West,Home Textiles,Bedsheets,Referral,Meera,Won,39,2624.07,0.0,102338.78,102338.78,79324.94,23013.84,2025-08,Q3,2025,LEAD-00662,Converted,39,Existing
ORD-00663,2026-01-24,CUST-0241,Business Client 0241,Distributor,Nagpur,Central,Home Textiles,Towels,Sales Call,Diya,Won,78,1499.12,0.2,116931.18,93544.94,65643.93,27901.01,2026-01,Q1,2026,LEAD-00663,Converted,17,Existing
ORD-00664,2026-02-05,CUST-0154,Business Client 0154,Distributor,Hyderabad,South,Home Textiles,Towels,Trade Show,Arjun,Won,45,2881.15,0.15,129651.85,110204.07,79298.38,30905.69,2026-02,Q1,2026,LEAD-00664,Converted,21,Existing
ORD-00665,2026-09-16,CUST-0123,Business Client 0123,Retailer,Guwahati,East,Houseware,Storage,Email Campaign,Rohan,Won,98,1234.5,0.05,120980.97,114931.92,73478.75,41453.17,2026-09,Q3,2026,LEAD-00665,Converted,10,Existing
ORD-00666,2025-10-30,CUST-0136,Business Client 0136,Interior Designer,Nagpur,Central,Houseware,Tableware,Sales Call,Ishita,Won,63,1229.96,0.15,77487.21,65864.13,51016.47,14847.66,2025-10,Q4,2025,LEAD-00666,Converted,26,Existing
ORD-00667,2025-07-26,CUST-0102,Business Client 0102,Manufacturer,Hyderabad,South,Home Textiles,Bedsheets,Email Campaign,Aarav,Pending,22,2300.55,0.05,50612.01,48081.41,29280.16,18801.25,2025-07,Q3,2025,LEAD-00667,Open,6,New
ORD-00668,2025-08-17,CUST-0175,Business Client 0175,Distributor,Kolkata,East,Houseware,Kitchenware,Trade Show,Ishita,Won,44,1444.68,0.1,63565.99,57209.39,39727.35,17482.04,2025-08,Q3,2025,LEAD-00668,Converted,19,Existing
ORD-00669,2026-08-01,CUST-0369,Business Client 0369,Manufacturer,Lucknow,North,Houseware,Storage,Email Campaign,Kabir,Won,32,2283.71,0.05,73078.77,69424.83,41409.72,28015.11,2026-08,Q3,2026,LEAD-00669,Converted,40,Existing
ORD-00670,2025-03-16,CUST-0279,Business Client 0279,Institutional Buyer,Lucknow,North,Home Textiles,Curtains,Email Campaign,Kabir,Won,55,527.02,0.1,28985.93,26087.34,18209.57,7877.77,2025-03,Q1,2025,LEAD-00670,Converted,28,New
ORD-00671,2026-03-11,CUST-0063,Business Client 0063,Retailer,Bhubaneswar,East,Home Textiles,Towels,Email Campaign,Rohan,Won,77,1795.2,0.0,138230.28,138230.28,95546.36,42683.92,2026-03,Q1,2026,LEAD-00671,Converted,12,Existing
ORD-00672,2025-04-13,CUST-0099,Business Client 0099,Distributor,Bengaluru,South,Gifts,Corporate Gifts,Sales Call,Kabir,Won,32,2482.28,0.0,79433.11,79433.11,59203.75,20229.36,2025-04,Q2,2025,LEAD-00672,Converted,31,New
ORD-00673,2026-02-26,CUST-0316,Business Client 0316,Institutional Buyer,Bhubaneswar,East,Home Textiles,Bedsheets,Trade Show,Ishita,Won,19,1694.46,0.2,32194.83,25755.87,17988.53,7767.34,2026-02,Q1,2026,LEAD-00673,Converted,12,New
ORD-00674,2025-11-02,CUST-0356,Business Client 0356,Retailer,Kochi,South,Houseware,Utility,Website,Meera,Won,67,870.41,0.05,58317.61,55401.73,33543.45,21858.28,2025-11,Q4,2025,LEAD-00674,Converted,15,Existing
ORD-00675,2025-04-08,CUST-0384,Business Client 0384,Retailer,Jaipur,North,Home Textiles,Curtains,Sales Call,Ishita,Won,44,3374.75,0.15,148489.15,126215.78,84162.48,42053.3,2025-04,Q2,2025,LEAD-00675,Converted,21,New
ORD-00676,2025-12-01,CUST-0008,Business Client 0008,Institutional Buyer,Nagpur,Central,Home Textiles,Curtains,Website,Aarav,Won,25,1314.63,0.0,32865.86,32865.86,21552.43,11313.43,2025-12,Q4,2025,LEAD-00676,Converted,30,Existing
ORD-00677,2026-03-11,CUST-0244,Business Client 0244,Distributor,Pune,West,Houseware,Kitchenware,Trade Show,Meera,Won,98,1404.69,0.1,137659.45,123893.5,85430.51,38462.99,2026-03,Q1,2026,LEAD-00677,Converted,29,New
ORD-00678,2026-03-23,CUST-0063,Business Client 0063,Retailer,Pune,West,Home Textiles,Cushion Covers,Trade Show,Kabir,Won,81,1475.66,0.05,119528.75,113552.31,80989.89,32562.42,2026-03,Q1,2026,LEAD-00678,Converted,29,Existing
ORD-00679,2025-11-04,CUST-0263,Business Client 0263,Importer,Hyderabad,South,Clothing & Fashion,Apparel,Email Campaign,Diya,Pending,40,994.02,0.1,39760.93,35784.84,20925.38,14859.46,2025-11,Q4,2025,LEAD-00679,Open,6,Existing
ORD-00680,2025-09-06,CUST-0169,Business Client 0169,Retailer,Mumbai,West,Gifts,Gift Sets,Email Campaign,Meera,Won,51,1069.06,0.05,54522.15,51796.04,37863.88,13932.16,2025-09,Q3,2025,LEAD-00680,Converted,20,Existing
ORD-00681,2025-06-15,CUST-0074,Business Client 0074,Interior Designer,Guwahati,East,Home Textiles,Curtains,Email Campaign,Arjun,Pending,32,1372.38,0.05,43916.03,41720.23,27220.74,14499.49,2025-06,Q2,2025,LEAD-00681,Open,33,Existing
ORD-00682,2026-04-26,CUST-0071,Business Client 0071,Manufacturer,Bengaluru,South,Houseware,Kitchenware,Trade Show,Anaya,Won,28,1570.36,0.05,43970.18,41771.67,29147.8,12623.87,2026-04,Q2,2026,LEAD-00682,Converted,27,Existing
ORD-00683,2025-12-01,CUST-0135,Business Client 0135,Importer,Chennai,South,Home Textiles,Bedsheets,Email Campaign,Ishita,Won,92,1113.78,0.1,102467.84,92221.05,56959.41,35261.64,2025-12,Q4,2025,LEAD-00683,Converted,11,Existing
ORD-00684,2026-06-26,CUST-0347,Business Client 0347,Retailer,Bengaluru,South,Home Textiles,Bedsheets,Referral,Ishita,Won,90,1663.12,0.0,149680.8,149680.8,90654.98,59025.82,2026-06,Q2,2026,LEAD-00684,Converted,33,Existing
ORD-00685,2025-04-16,CUST-0366,Business Client 0366,Retailer,Nagpur,Central,Clothing & Fashion,Apparel,Trade Show,Diya,Won,93,792.52,0.05,73704.8,70019.56,52273.45,17746.11,2025-04,Q2,2025,LEAD-00685,Converted,29,New
ORD-00686,2026-07-17,CUST-0250,Business Client 0250,Manufacturer,Ahmedabad,West,Houseware,Utility,Website,Aarav,Won,54,1253.47,0.05,67687.49,64303.12,49508.28,14794.84,2026-07,Q3,2026,LEAD-00686,Converted,27,Existing
ORD-00687,2025-03-22,CUST-0345,Business Client 0345,Retailer,Chennai,South,Home Decor,Decorative Lamps,Field Visit,Aarav,Won,31,1897.66,0.15,58827.36,50003.26,35107.42,14895.84,2025-03,Q1,2025,LEAD-00687,Converted,30,New
ORD-00688,2025-05-13,CUST-0368,Business Client 0368,Distributor,Ahmedabad,West,Home Decor,Vases,Trade Show,Aarav,Won,66,1075.76,0.0,71000.07,71000.07,52992.86,18007.21,2025-05,Q2,2025,LEAD-00688,Converted,18,Existing
ORD-00689,2025-05-18,CUST-0361,Business Client 0361,Manufacturer,Delhi,North,Home Textiles,Curtains,Website,Anaya,Won,84,962.23,0.1,80827.08,72744.38,42888.13,29856.25,2025-05,Q2,2025,LEAD-00689,Converted,31,Existing
ORD-00690,2025-07-03,CUST-0262,Business Client 0262,Retailer,Nagpur,Central,Home Textiles,Towels,Sales Call,Arjun,Won,74,1947.35,0.0,144104.23,144104.23,89746.2,54358.03,2025-07,Q3,2025,LEAD-00690,Converted,14,Existing
ORD-00691,2026-02-05,CUST-0157,Business Client 0157,Distributor,Guwahati,East,Gifts,Corporate Gifts,Email Campaign,Arjun,Won,33,441.35,0.0,14564.49,14564.49,10533.41,4031.08,2026-02,Q1,2026,LEAD-00691,Converted,42,Existing
ORD-00692,2025-11-26,CUST-0167,Business Client 0167,Manufacturer,Bengaluru,South,Home Decor,Wall Decor,Sales Call,Arjun,Won,66,915.06,0.1,60394.07,54354.66,41822.32,12532.34,2025-11,Q4,2025,LEAD-00692,Converted,5,Existing
ORD-00693,2026-05-23,CUST-0117,Business Client 0117,Importer,Pune,West,Home Textiles,Towels,Referral,Anaya,Won,9,1463.72,0.1,13173.5,11856.15,7246.25,4609.9,2026-05,Q2,2026,LEAD-00693,Converted,12,Existing
ORD-00694,2025-03-10,CUST-0399,Business Client 0399,Retailer,Nagpur,Central,Home Decor,Decorative Lamps,Email Campaign,Kabir,Won,13,3938.63,0.1,51202.22,46082.0,28837.58,17244.42,2025-03,Q1,2025,LEAD-00694,Converted,26,New
ORD-00695,2026-06-30,CUST-0080,Business Client 0080,Institutional Buyer,Delhi,North,Home Textiles,Curtains,Trade Show,Arjun,Won,10,2452.64,0.05,24526.37,23300.05,14114.3,9185.75,2026-06,Q2,2026,LEAD-00695,Converted,36,Existing
ORD-00696,2025-02-22,CUST-0278,Business Client 0278,Interior Designer,Jaipur,North,Clothing & Fashion,Fashion Accessories,Sales Call,Diya,Won,18,3689.28,0.0,66407.01,66407.01,49328.02,17078.99,2025-02,Q1,2025,LEAD-00696,Converted,22,New
ORD-00697,2026-03-26,CUST-0332,Business Client 0332,Manufacturer,Lucknow,North,Home Decor,Wall Decor,Email Campaign,Diya,Lost,86,5471.72,0.1,470568.28,423511.45,295206.14,128305.31,2026-03,Q1,2026,LEAD-00697,Lost,52,Existing
ORD-00698,2025-07-24,CUST-0120,Business Client 0120,Distributor,Chennai,South,Gifts,Festive Gifts,Email Campaign,Meera,Won,8,1161.6,0.1,9292.81,8363.53,6115.28,2248.25,2025-07,Q3,2025,LEAD-00698,Converted,17,New
ORD-00699,2025-05-06,CUST-0216,Business Client 0216,Retailer,Mumbai,West,Gifts,Gift Sets,Trade Show,Arjun,Won,55,398.88,0.0,21938.38,21938.38,14095.0,7843.38,2025-05,Q2,2025,LEAD-00699,Converted,35,Existing
ORD-00700,2025-02-12,CUST-0115,Business Client 0115,Manufacturer,Bengaluru,South,Houseware,Utility,Sales Call,Meera,Won,91,921.0,0.0,83811.11,83811.11,63530.75,20280.36,2025-02,Q1,2025,LEAD-00700,Converted,25,New
ORD-00701,2025-04-21,CUST-0230,Business Client 0230,Retailer,Kochi,South,Home Textiles,Towels,Sales Call,Kabir,Won,6,2284.75,0.15,13708.49,11652.22,7737.75,3914.47,2025-04,Q2,2025,LEAD-00701,Converted,23,New
ORD-00702,2025-07-02,CUST-0009,Business Client 0009,Importer,Ahmedabad,West,Home Textiles,Cushion Covers,Trade Show,Kabir,Won,36,3407.77,0.0,122679.59,122679.59,77111.52,45568.07,2025-07,Q3,2025,LEAD-00702,Converted,36,Existing
ORD-00703,2025-04-05,CUST-0129,Business Client 0129,Interior Designer,Jaipur,North,Home Decor,Wall Decor,Referral,Kabir,Won,19,2970.44,0.0,56438.4,56438.4,43410.51,13027.89,2025-04,Q2,2025,LEAD-00703,Converted,8,New
ORD-00704,2026-01-09,CUST-0330,Business Client 0330,Institutional Buyer,Delhi,North,Houseware,Storage,Sales Call,Ishita,Won,9,2706.93,0.1,24362.36,21926.12,15600.41,6325.71,2026-01,Q1,2026,LEAD-00704,Converted,23,New
ORD-00705,2026-06-04,CUST-0095,Business Client 0095,Retailer,Jaipur,North,Home Decor,Rugs,Sales Call,Anaya,Won,56,5166.56,0.05,289327.5,274861.12,181421.25,93439.87,2026-06,Q2,2026,LEAD-00705,Converted,17,New
ORD-00706,2025-12-26,CUST-0295,Business Client 0295,Distributor,Lucknow,North,Home Textiles,Towels,Website,Ishita,Lost,95,2566.87,0.15,243852.4,207274.54,141686.46,65588.08,2025-12,Q4,2025,LEAD-00706,Lost,37,Existing
ORD-00707,2025-10-08,CUST-0178,Business Client 0178,Distributor,Hyderabad,South,Houseware,Utility,Email Campaign,Aarav,Won,79,2667.68,0.1,210746.81,189672.13,135643.9,54028.23,2025-10,Q4,2025,LEAD-00707,Converted,29,Existing
ORD-00708,2025-07-14,CUST-0324,Business Client 0324,Interior Designer,Guwahati,East,Home Decor,Wall Decor,Sales Call,Aarav,Pending,14,6351.46,0.1,88920.4,80028.36,46960.18,33068.18,2025-07,Q3,2025,LEAD-00708,Open,46,New
ORD-00709,2025-07-14,CUST-0166,Business Client 0166,Manufacturer,Guwahati,East,Home Decor,Decorative Lamps,Email Campaign,Kabir,Won,87,5315.56,0.05,462453.39,439330.72,336013.13,103317.59,2025-07,Q3,2025,LEAD-00709,Converted,33,Existing
ORD-00710,2025-04-03,CUST-0383,Business Client 0383,Retailer,Chennai,South,Houseware,Tableware,Field Visit,Diya,Won,41,750.46,0.1,30768.99,27692.09,20504.83,7187.26,2025-04,Q2,2025,LEAD-00710,Converted,30,New
ORD-00711,2025-03-02,CUST-0358,Business Client 0358,Interior Designer,Chennai,South,Home Decor,Wall Decor,Trade Show,Diya,Won,99,2486.18,0.0,246132.18,246132.18,146786.42,99345.76,2025-03,Q1,2025,LEAD-00711,Converted,29,New
ORD-00712,2026-09-26,CUST-0207,Business Client 0207,Interior Designer,Hyderabad,South,Houseware,Kitchenware,Website,Ishita,Won,18,1779.09,0.0,32023.64,32023.64,19572.33,12451.31,2026-09,Q3,2026,LEAD-00712,Converted,21,Existing
ORD-00713,2025-02-20,CUST-0307,Business Client 0307,Distributor,Lucknow,North,Houseware,Tableware,Email Campaign,Anaya,Won,23,2872.57,0.05,66069.12,62765.66,42310.89,20454.77,2025-02,Q1,2025,LEAD-00713,Converted,26,Existing
ORD-00714,2026-02-07,CUST-0370,Business Client 0370,Manufacturer,Surat,West,Houseware,Kitchenware,Field Visit,Aarav,Won,88,2917.16,0.1,256709.77,231038.79,135116.65,95922.14,2026-02,Q1,2026,LEAD-00714,Converted,27,Existing
ORD-00715,2025-01-05,CUST-0307,Business Client 0307,Institutional Buyer,Nagpur,Central,Houseware,Storage,Field Visit,Rohan,Won,48,1727.77,0.1,82933.16,74639.84,46348.38,28291.46,2025-01,Q1,2025,LEAD-00715,Converted,7,New
ORD-00716,2026-04-11,CUST-0258,Business Client 0258,Manufacturer,Kochi,South,Home Textiles,Towels,Referral,Diya,Won,62,2025.04,0.2,125552.57,100442.06,65936.72,34505.34,2026-04,Q2,2026,LEAD-00716,Converted,44,Existing
ORD-00717,2026-08-27,CUST-0149,Business Client 0149,Interior Designer,Guwahati,East,Houseware,Utility,Referral,Anaya,Pending,34,2111.05,0.15,71775.77,61009.4,45809.13,15200.27,2026-08,Q3,2026,LEAD-00717,Open,56,Existing
ORD-00718,2026-06-18,CUST-0202,Business Client 0202,Importer,Surat,West,Gifts,Festive Gifts,Referral,Anaya,Won,15,411.72,0.2,6175.79,4940.63,2877.33,2063.3,2026-06,Q2,2026,LEAD-00718,Converted,33,Existing
ORD-00719,2026-02-09,CUST-0118,Business Client 0118,Retailer,Gurugram,North,Houseware,Tableware,Trade Show,Anaya,Won,62,2847.81,0.1,176564.28,158907.85,111242.44,47665.41,2026-02,Q1,2026,LEAD-00719,Converted,19,Existing
ORD-00720,2026-05-28,CUST-0108,Business Client 0108,Manufacturer,Kolkata,East,Home Textiles,Curtains,Field Visit,Arjun,Lost,94,2513.91,0.1,236307.59,212676.83,149198.05,63478.78,2026-05,Q2,2026,LEAD-00720,Lost,50,Existing
ORD-00721,2025-08-21,CUST-0069,Business Client 0069,Retailer,Nagpur,Central,Home Textiles,Cushion Covers,Website,Arjun,Lost,79,2850.91,0.15,225222.28,191438.94,148861.97,42576.97,2025-08,Q3,2025,LEAD-00721,Lost,22,New
ORD-00722,2026-06-08,CUST-0382,Business Client 0382,Retailer,Gurugram,North,Gifts,Corporate Gifts,Field Visit,Arjun,Pending,16,2132.34,0.05,34117.38,32411.51,23128.42,9283.09,2026-06,Q2,2026,LEAD-00722,Open,37,Existing
ORD-00723,2025-12-12,CUST-0231,Business Client 0231,Retailer,Ahmedabad,West,Home Textiles,Curtains,Email Campaign,Rohan,Won,59,1770.76,0.15,104474.69,88803.49,62334.61,26468.88,2025-12,Q4,2025,LEAD-00723,Converted,44,Existing
ORD-00724,2025-02-15,CUST-0038,Business Client 0038,Distributor,Hyderabad,South,Houseware,Tableware,Email Campaign,Kabir,Lost,86,1655.43,0.1,142367.33,128130.6,80163.06,47967.54,2025-02,Q1,2025,LEAD-00724,Lost,5,New
ORD-00725,2026-06-30,CUST-0115,Business Client 0115,Importer,Delhi,North,Home Decor,Decorative Lamps,Sales Call,Anaya,Pending,85,2836.76,0.15,241124.27,204955.63,130131.94,74823.69,2026-06,Q2,2026,LEAD-00725,Open,36,Existing
ORD-00726,2025-03-19,CUST-0247,Business Client 0247,Distributor,Mumbai,West,Houseware,Tableware,Sales Call,Arjun,Pending,31,2680.17,0.15,83085.27,70622.48,50344.7,20277.78,2025-03,Q1,2025,LEAD-00726,Open,36,New
ORD-00727,2025-03-14,CUST-0052,Business Client 0052,Retailer,Hyderabad,South,Home Decor,Rugs,Website,Ishita,Won,55,6334.12,0.1,348376.87,313539.18,184824.99,128714.19,2025-03,Q1,2025,LEAD-00727,Converted,44,New
ORD-00728,2025-09-06,CUST-0386,Business Client 0386,Distributor,Ahmedabad,West,Houseware,Kitchenware,Trade Show,Anaya,Lost,81,655.96,0.05,53132.67,50476.03,31271.63,19204.4,2025-09,Q3,2025,LEAD-00728,Lost,37,Existing
ORD-00729,2025-02-16,CUST-0035,Business Client 0035,Retailer,Pune,West,Houseware,Storage,Field Visit,Aarav,Won,67,2289.05,0.0,153366.47,153366.47,114665.8,38700.67,2025-02,Q1,2025,LEAD-00729,Converted,31,New
ORD-00730,2025-05-01,CUST-0302,Business Client 0302,Manufacturer,Surat,West,Home Decor,Wall Decor,Referral,Ishita,Lost,35,1089.53,0.0,38133.43,38133.43,28500.35,9633.08,2025-05,Q2,2025,LEAD-00730,Lost,32,New
ORD-00731,2025-08-02,CUST-0016,Business Client 0016,Interior Designer,Ahmedabad,West,Home Textiles,Cushion Covers,Sales Call,Meera,Won,54,1889.35,0.15,102025.12,86721.35,59144.3,27577.05,2025-08,Q3,2025,LEAD-00731,Converted,26,Existing
ORD-00732,2025-08-27,CUST-0079,Business Client 0079,Retailer,Hyderabad,South,Home Decor,Wall Decor,Email Campaign,Kabir,Lost,65,3235.12,0.15,210282.65,178740.25,108437.73,70302.52,2025-08,Q3,2025,LEAD-00732,Lost,56,Existing
ORD-00733,2025-02-25,CUST-0294,Business Client 0294,Retailer,Guwahati,East,Clothing & Fashion,Fashion Accessories,Website,Diya,Won,26,1642.46,0.0,42704.06,42704.06,26638.62,16065.44,2025-02,Q1,2025,LEAD-00733,Converted,28,New
ORD-00734,2025-12-16,CUST-0001,Business Client 0001,Interior Designer,Chennai,South,Home Decor,Vases,Email Campaign,Anaya,Won,33,6184.47,0.0,204087.44,204087.44,147951.33,56136.11,2025-12,Q4,2025,LEAD-00734,Converted,41,Existing
ORD-00735,2025-04-17,CUST-0148,Business Client 0148,Distributor,Kolkata,East,Home Textiles,Cushion Covers,Field Visit,Rohan,Won,57,1009.38,0.15,57534.54,48904.36,35093.61,13810.75,2025-04,Q2,2025,LEAD-00735,Converted,41,Existing
ORD-00736,2025-02-17,CUST-0024,Business Client 0024,Distributor,Kolkata,East,Clothing & Fashion,Lifestyle,Field Visit,Ishita,Won,19,2293.89,0.0,43583.83,43583.83,28910.98,14672.85,2025-02,Q1,2025,LEAD-00736,Converted,38,Existing
ORD-00737,2026-07-27,CUST-0353,Business Client 0353,Importer,Bengaluru,South,Houseware,Kitchenware,Field Visit,Rohan,Won,16,1002.31,0.15,16037.01,13631.46,8901.47,4729.99,2026-07,Q3,2026,LEAD-00737,Converted,29,Existing
ORD-00738,2025-12-03,CUST-0064,Business Client 0064,Distributor,Surat,West,Houseware,Kitchenware,Trade Show,Kabir,Won,91,2014.06,0.05,183279.24,174115.28,132352.89,41762.39,2025-12,Q4,2025,LEAD-00738,Converted,6,New
ORD-00739,2025-01-26,CUST-0101,Business Client 0101,Interior Designer,Gurugram,North,Houseware,Storage,Sales Call,Meera,Won,7,347.8,0.1,2434.61,2191.15,1281.81,909.34,2025-01,Q1,2025,LEAD-00739,Converted,5,New
ORD-00740,2025-09-14,CUST-0333,Business Client 0333,Distributor,Lucknow,North,Houseware,Utility,Website,Arjun,Pending,99,1161.99,0.2,115037.32,92029.85,65954.78,26075.07,2025-09,Q3,2025,LEAD-00740,Open,28,Existing
ORD-00741,2025-01-08,CUST-0271,Business Client 0271,Importer,Chennai,South,Home Textiles,Cushion Covers,Referral,Meera,Won,45,1799.23,0.05,80965.27,76917.01,57363.12,19553.89,2025-01,Q1,2025,LEAD-00741,Converted,23,New
ORD-00742,2026-09-17,CUST-0171,Business Client 0171,Distributor,Kochi,South,Home Textiles,Bedsheets,Trade Show,Diya,Won,56,1249.04,0.2,69946.31,55957.04,41395.6,14561.44,2026-09,Q3,2026,LEAD-00742,Converted,15,Existing
ORD-00743,2025-09-10,CUST-0161,Business Client 0161,Distributor,Bengaluru,South,Houseware,Kitchenware,Trade Show,Diya,Won,25,2125.83,0.15,53145.78,45173.91,34181.91,10992.0,2025-09,Q3,2025,LEAD-00743,Converted,41,New
ORD-00744,2025-10-30,CUST-0301,Business Client 0301,Retailer,Bengaluru,South,Home Decor,Rugs,Sales Call,Anaya,Lost,33,4691.74,0.15,154827.5,131603.38,94382.11,37221.27,2025-10,Q4,2025,LEAD-00744,Lost,44,Existing
ORD-00745,2026-10-01,CUST-0179,Business Client 0179,Distributor,Nagpur,Central,Gifts,Gift Sets,Referral,Ishita,Won,60,464.32,0.15,27859.08,23680.22,15392.64,8287.58,2026-10,Q4,2026,LEAD-00745,Converted,40,Existing
ORD-00746,2025-02-25,CUST-0262,Business Client 0262,Distributor,Chennai,South,Clothing & Fashion,Fashion Accessories,Referral,Diya,Won,29,2407.55,0.1,69818.92,62837.03,48322.31,14514.72,2025-02,Q1,2025,LEAD-00746,Converted,41,New
ORD-00747,2026-06-10,CUST-0221,Business Client 0221,Manufacturer,Mumbai,West,Houseware,Tableware,Referral,Diya,Won,59,1211.67,0.05,71488.63,67914.2,43972.99,23941.21,2026-06,Q2,2026,LEAD-00747,Converted,39,Existing
ORD-00748,2026-04-19,CUST-0291,Business Client 0291,Retailer,Guwahati,East,Home Decor,Vases,Website,Diya,Won,59,5477.13,0.05,323150.72,306993.19,226038.49,80954.7,2026-04,Q2,2026,LEAD-00748,Converted,32,Existing
ORD-00749,2025-01-28,CUST-0091,Business Client 0091,Manufacturer,Bengaluru,South,Clothing & Fashion,Fashion Accessories,Referral,Anaya,Won,34,1599.04,0.05,54367.21,51648.85,38871.48,12777.37,2025-01,Q1,2025,LEAD-00749,Converted,38,Existing
ORD-00750,2025-03-19,CUST-0107,Business Client 0107,Importer,Lucknow,North,Home Decor,Wall Decor,Email Campaign,Kabir,Lost,68,3992.87,0.05,271515.49,257939.71,192756.97,65182.74,2025-03,Q1,2025,LEAD-00750,Lost,33,New
ORD-00751,2025-08-04,CUST-0320,Business Client 0320,Institutional Buyer,Pune,West,Houseware,Utility,Website,Ishita,Won,7,2609.88,0.05,18269.16,17355.7,10821.15,6534.55,2025-08,Q3,2025,LEAD-00751,Converted,24,Existing
ORD-00752,2026-01-21,CUST-0016,Business Client 0016,Retailer,Bhubaneswar,East,Home Decor,Vases,Sales Call,Diya,Won,40,4531.48,0.05,181259.13,172196.17,115372.42,56823.75,2026-01,Q1,2026,LEAD-00752,Converted,24,Existing
ORD-00753,2025-12-31,CUST-0238,Business Client 0238,Retailer,Lucknow,North,Clothing & Fashion,Lifestyle,Sales Call,Anaya,Won,80,4201.03,0.1,336082.39,302474.15,229004.62,73469.53,2025-12,Q4,2025,LEAD-00753,Converted,31,New
ORD-00754,2026-06-10,CUST-0266,Business Client 0266,Distributor,Chennai,South,Home Textiles,Towels,Sales Call,Kabir,Won,61,1577.58,0.1,96232.39,86609.15,66693.97,19915.18,2026-06,Q2,2026,LEAD-00754,Converted,9,Existing
ORD-00755,2025-11-08,CUST-0219,Business Client 0219,Interior Designer,Delhi,North,Gifts,Festive Gifts,Sales Call,Aarav,Lost,49,2390.0,0.0,117110.12,117110.12,88632.39,28477.73,2025-11,Q4,2025,LEAD-00755,Lost,56,Existing
ORD-00756,2025-01-07,CUST-0281,Business Client 0281,Importer,Bengaluru,South,Clothing & Fashion,Fashion Accessories,Trade Show,Ishita,Won,7,2761.38,0.05,19329.68,18363.2,14130.86,4232.34,2025-01,Q1,2025,LEAD-00756,Converted,39,New
ORD-00757,2025-01-03,CUST-0283,Business Client 0283,Importer,Chennai,South,Gifts,Corporate Gifts,Sales Call,Ishita,Won,20,351.1,0.0,7022.1,7022.1,4325.18,2696.92,2025-01,Q1,2025,LEAD-00757,Converted,16,New
ORD-00758,2026-09-15,CUST-0270,Business Client 0270,Interior Designer,Delhi,North,Home Textiles,Bedsheets,Sales Call,Diya,Won,98,2408.12,0.15,235995.86,200596.48,121058.46,79538.02,2026-09,Q3,2026,LEAD-00758,Converted,43,Existing
ORD-00759,2025-12-29,CUST-0181,Business Client 0181,Importer,Nagpur,Central,Home Decor,Wall Decor,Trade Show,Rohan,Won,97,1818.65,0.0,176408.81,176408.81,136679.27,39729.54,2025-12,Q4,2025,LEAD-00759,Converted,14,Existing
ORD-00760,2026-05-23,CUST-0254,Business Client 0254,Retailer,Hyderabad,South,Gifts,Gift Sets,Trade Show,Arjun,Won,67,1844.3,0.1,123568.3,111211.47,80384.86,30826.61,2026-05,Q2,2026,LEAD-00760,Converted,27,Existing
ORD-00761,2025-10-01,CUST-0245,Business Client 0245,Importer,Hyderabad,South,Gifts,Corporate Gifts,Field Visit,Aarav,Lost,85,2245.35,0.0,190854.45,190854.45,127083.11,63771.34,2025-10,Q4,2025,LEAD-00761,Lost,56,Existing
ORD-00762,2026-05-21,CUST-0145,Business Client 0145,Institutional Buyer,Mumbai,West,Home Decor,Wall Decor,Website,Diya,Won,70,5104.5,0.05,357315.24,339449.48,239926.32,99523.16,2026-05,Q2,2026,LEAD-00762,Converted,26,Existing
ORD-00763,2025-01-15,CUST-0318,Business Client 0318,Distributor,Kochi,South,Clothing & Fashion,Apparel,Referral,Rohan,Pending,38,2955.03,0.15,112291.2,95447.52,68303.39,27144.13,2025-01,Q1,2025,LEAD-00763,Open,39,Existing
ORD-00764,2025-07-11,CUST-0300,Business Client 0300,Retailer,Bengaluru,South,Clothing & Fashion,Apparel,Referral,Anaya,Won,52,4963.99,0.0,258127.3,258127.3,173990.65,84136.65,2025-07,Q3,2025,LEAD-00764,Converted,40,Existing
ORD-00765,2026-09-23,CUST-0372,Business Client 0372,Retailer,Guwahati,East,Home Textiles,Curtains,Website,Ishita,Won,98,1333.46,0.0,130678.93,130678.93,94492.81,36186.12,2026-09,Q3,2026,LEAD-00765,Converted,40,Existing
ORD-00766,2026-04-30,CUST-0112,Business Client 0112,Retailer,Hyderabad,South,Home Decor,Decorative Lamps,Trade Show,Arjun,Won,70,2925.79,0.05,204805.03,194564.78,135675.21,58889.57,2026-04,Q2,2026,LEAD-00766,Converted,6,Existing
ORD-00767,2025-01-28,CUST-0007,Business Client 0007,Retailer,Jaipur,North,Gifts,Corporate Gifts,Website,Rohan,Won,26,1986.25,0.1,51642.58,46478.33,27887.6,18590.73,2025-01,Q1,2025,LEAD-00767,Converted,37,Existing
ORD-00768,2025-02-08,CUST-0128,Business Client 0128,Retailer,Mumbai,West,Clothing & Fashion,Apparel,Trade Show,Anaya,Won,83,4163.31,0.05,345554.51,328276.78,254317.76,73959.02,2025-02,Q1,2025,LEAD-00768,Converted,32,New
ORD-00769,2025-09-30,CUST-0032,Business Client 0032,Interior Designer,Guwahati,East,Clothing & Fashion,Fashion Accessories,Referral,Anaya,Won,18,566.74,0.15,10201.24,8671.06,6656.7,2014.36,2025-09,Q3,2025,LEAD-00769,Converted,6,New
ORD-00770,2025-08-19,CUST-0128,Business Client 0128,Retailer,Lucknow,North,Houseware,Utility,Sales Call,Aarav,Won,24,1563.23,0.0,37517.51,37517.51,28411.59,9105.92,2025-08,Q3,2025,LEAD-00770,Converted,18,Existing
ORD-00771,2025-03-27,CUST-0192,Business Client 0192,Manufacturer,Pune,West,Clothing & Fashion,Fashion Accessories,Trade Show,Aarav,Won,50,3021.71,0.05,151085.47,143531.2,102615.45,40915.75,2025-03,Q1,2025,LEAD-00771,Converted,10,Existing
ORD-00772,2026-04-19,CUST-0275,Business Client 0275,Importer,Jaipur,North,Gifts,Corporate Gifts,Trade Show,Meera,Pending,96,1435.18,0.05,137777.03,130888.18,100975.43,29912.75,2026-04,Q2,2026,LEAD-00772,Open,5,Existing
ORD-00773,2025-05-06,CUST-0290,Business Client 0290,Retailer,Surat,West,Home Decor,Wall Decor,Email Campaign,Ishita,Lost,79,6501.54,0.2,513621.75,410897.4,258428.68,152468.72,2025-05,Q2,2025,LEAD-00773,Lost,36,New
ORD-00774,2026-06-21,CUST-0007,Business Client 0007,Retailer,Kolkata,East,Houseware,Kitchenware,Field Visit,Rohan,Won,46,2612.96,0.1,120196.3,108176.67,80387.89,27788.78,2026-06,Q2,2026,LEAD-00774,Converted,37,Existing
ORD-00775,2025-05-25,CUST-0205,Business Client 0205,Institutional Buyer,Bhubaneswar,East,Home Decor,Wall Decor,Email Campaign,Ishita,Won,30,1599.41,0.15,47982.34,40784.99,26380.36,14404.63,2025-05,Q2,2025,LEAD-00775,Converted,23,New
ORD-00776,2026-06-09,CUST-0325,Business Client 0325,Interior Designer,Kochi,South,Home Textiles,Curtains,Trade Show,Rohan,Won,39,3033.1,0.05,118290.76,112376.22,66200.04,46176.18,2026-06,Q2,2026,LEAD-00776,Converted,42,Existing
ORD-00777,2025-07-31,CUST-0364,Business Client 0364,Interior Designer,Hyderabad,South,Home Decor,Vases,Referral,Diya,Won,92,5461.15,0.1,502426.12,452183.51,276567.43,175616.08,2025-07,Q3,2025,LEAD-00777,Converted,36,Existing
ORD-00778,2025-01-25,CUST-0188,Business Client 0188,Distributor,Gurugram,North,Home Textiles,Cushion Covers,Website,Meera,Won,76,809.88,0.1,61550.91,55395.82,36691.84,18703.98,2025-01,Q1,2025,LEAD-00778,Converted,17,New
ORD-00779,2026-08-03,CUST-0389,Business Client 0389,Institutional Buyer,Jaipur,North,Home Textiles,Bedsheets,Sales Call,Aarav,Won,11,513.93,0.1,5653.27,5087.94,3032.45,2055.49,2026-08,Q3,2026,LEAD-00779,Converted,45,Existing
ORD-00780,2026-01-29,CUST-0393,Business Client 0393,Interior Designer,Guwahati,East,Home Textiles,Cushion Covers,Email Campaign,Anaya,Lost,73,2874.73,0.15,209854.95,178376.7,112856.9,65519.8,2026-01,Q1,2026,LEAD-00780,Lost,59,Existing
ORD-00781,2025-03-08,CUST-0195,Business Client 0195,Interior Designer,Jaipur,North,Gifts,Gift Sets,Website,Diya,Won,20,386.01,0.1,7720.11,6948.1,4652.3,2295.8,2025-03,Q1,2025,LEAD-00781,Converted,14,New
ORD-00782,2025-08-21,CUST-0206,Business Client 0206,Interior Designer,Guwahati,East,Clothing & Fashion,Apparel,Trade Show,Kabir,Won,31,3305.79,0.05,102479.34,97355.37,72907.6,24447.77,2025-08,Q3,2025,LEAD-00782,Converted,23,New
ORD-00783,2025-04-19,CUST-0353,Business Client 0353,Interior Designer,Bhubaneswar,East,Home Textiles,Cushion Covers,Sales Call,Meera,Won,67,1333.29,0.1,89330.57,80397.52,59668.15,20729.37,2025-04,Q2,2025,LEAD-00783,Converted,33,Existing
ORD-00784,2025-05-26,CUST-0301,Business Client 0301,Interior Designer,Chennai,South,Home Textiles,Curtains,Referral,Arjun,Won,77,1068.79,0.1,82296.56,74066.9,57364.59,16702.31,2025-05,Q2,2025,LEAD-00784,Converted,31,Existing
ORD-00785,2025-04-21,CUST-0258,Business Client 0258,Distributor,Gurugram,North,Home Textiles,Towels,Field Visit,Kabir,Won,66,2143.61,0.0,141478.42,141478.42,88028.96,53449.46,2025-04,Q2,2025,LEAD-00785,Converted,18,Existing
ORD-00786,2025-08-16,CUST-0273,Business Client 0273,Distributor,Kolkata,East,Home Textiles,Bedsheets,Sales Call,Meera,Won,13,2402.57,0.05,31233.41,29671.74,19226.67,10445.07,2025-08,Q3,2025,LEAD-00786,Converted,41,Existing
ORD-00787,2025-04-21,CUST-0175,Business Client 0175,Retailer,Chennai,South,Houseware,Kitchenware,Trade Show,Meera,Won,70,2349.12,0.0,164438.14,164438.14,99026.37,65411.77,2025-04,Q2,2025,LEAD-00787,Converted,16,Existing
ORD-00788,2026-04-15,CUST-0099,Business Client 0099,Interior Designer,Jaipur,North,Houseware,Storage,Trade Show,Meera,Won,95,2669.62,0.0,253614.37,253614.37,164047.75,89566.62,2026-04,Q2,2026,LEAD-00788,Converted,38,Existing
ORD-00789,2025-02-03,CUST-0067,Business Client 0067,Manufacturer,Bhubaneswar,East,Houseware,Tableware,Email Campaign,Aarav,Won,72,2672.63,0.0,192429.03,192429.03,142571.92,49857.11,2025-02,Q1,2025,LEAD-00789,Converted,27,New
ORD-00790,2026-09-15,CUST-0111,Business Client 0111,Manufacturer,Delhi,North,Houseware,Utility,Trade Show,Arjun,Won,73,2402.59,0.05,175389.29,166619.83,127406.93,39212.9,2026-09,Q3,2026,LEAD-00790,Converted,4,Existing
ORD-00791,2026-01-04,CUST-0208,Business Client 0208,Importer,Gurugram,North,Houseware,Kitchenware,Email Campaign,Ishita,Lost,90,1996.09,0.05,179648.37,170665.95,119945.1,50720.85,2026-01,Q1,2026,LEAD-00791,Lost,15,New
ORD-00792,2026-08-18,CUST-0085,Business Client 0085,Importer,Delhi,North,Home Decor,Decorative Lamps,Website,Ishita,Lost,52,1938.09,0.15,100780.79,85663.67,59170.39,26493.28,2026-08,Q3,2026,LEAD-00792,Lost,48,Existing
ORD-00793,2026-07-08,CUST-0204,Business Client 0204,Distributor,Gurugram,North,Houseware,Storage,Referral,Meera,Pending,91,1471.22,0.2,133880.83,107104.66,74733.23,32371.43,2026-07,Q3,2026,LEAD-00793,Open,17,Existing
ORD-00794,2026-03-01,CUST-0063,Business Client 0063,Retailer,Bhubaneswar,East,Clothing & Fashion,Apparel,Website,Anaya,Won,12,4424.66,0.15,53095.93,45131.54,34605.22,10526.32,2026-03,Q1,2026,LEAD-00794,Converted,21,Existing
ORD-00795,2026-09-05,CUST-0345,Business Client 0345,Retailer,Ahmedabad,West,Home Textiles,Towels,Sales Call,Ishita,Won,60,2405.07,0.05,144304.42,137089.2,81575.54,55513.66,2026-09,Q3,2026,LEAD-00795,Converted,29,Existing
ORD-00796,2026-06-02,CUST-0316,Business Client 0316,Institutional Buyer,Pune,West,Home Textiles,Cushion Covers,Email Campaign,Meera,Won,44,2150.89,0.0,94639.01,94639.01,63845.26,30793.75,2026-06,Q2,2026,LEAD-00796,Converted,32,Existing
ORD-00797,2025-10-09,CUST-0232,Business Client 0232,Importer,Bhubaneswar,East,Houseware,Kitchenware,Field Visit,Arjun,Won,20,544.58,0.0,10891.61,10891.61,6773.32,4118.29,2025-10,Q4,2025,LEAD-00797,Converted,11,Existing
ORD-00798,2025-11-16,CUST-0227,Business Client 0227,Institutional Buyer,Bengaluru,South,Houseware,Kitchenware,Email Campaign,Arjun,Lost,52,2883.16,0.1,149924.56,134932.1,84793.73,50138.37,2025-11,Q4,2025,LEAD-00798,Lost,49,Existing
ORD-00799,2026-03-19,CUST-0071,Business Client 0071,Retailer,Surat,West,Gifts,Corporate Gifts,Website,Anaya,Won,76,2411.67,0.0,183286.56,183286.56,138737.83,44548.73,2026-03,Q1,2026,LEAD-00799,Converted,8,Existing
ORD-00800,2025-11-11,CUST-0122,Business Client 0122,Manufacturer,Bengaluru,South,Houseware,Tableware,Trade Show,Rohan,Won,96,2362.83,0.0,226832.07,226832.07,150954.5,75877.57,2025-11,Q4,2025,LEAD-00800,Converted,36,New
ORD-00801,2026-01-12,CUST-0354,Business Client 0354,Retailer,Delhi,North,Clothing & Fashion,Fashion Accessories,Field Visit,Kabir,Won,22,1885.07,0.05,41471.48,39397.91,26542.67,12855.24,2026-01,Q1,2026,LEAD-00801,Converted,43,Existing
ORD-00802,2025-10-16,CUST-0082,Business Client 0082,Retailer,Surat,West,Home Decor,Vases,Sales Call,Aarav,Won,11,2746.05,0.0,30206.57,30206.57,17569.98,12636.59,2025-10,Q4,2025,LEAD-00802,Converted,8,Existing
ORD-00803,2026-03-13,CUST-0353,Business Client 0353,Retailer,Lucknow,North,Clothing & Fashion,Fashion Accessories,Sales Call,Arjun,Won,68,3258.4,0.2,221571.07,177256.85,134091.14,43165.71,2026-03,Q1,2026,LEAD-00803,Converted,39,Existing
ORD-00804,2025-10-04,CUST-0220,Business Client 0220,Importer,Ahmedabad,West,Home Textiles,Towels,Sales Call,Rohan,Won,81,2479.19,0.15,200814.76,170692.55,104324.5,66368.05,2025-10,Q4,2025,LEAD-00804,Converted,16,Existing
ORD-00805,2026-08-05,CUST-0331,Business Client 0331,Manufacturer,Bengaluru,South,Home Textiles,Curtains,Field Visit,Aarav,Won,46,3365.08,0.05,154793.9,147054.21,108328.29,38725.92,2026-08,Q3,2026,LEAD-00805,Converted,20,Existing
ORD-00806,2026-05-18,CUST-0190,Business Client 0190,Retailer,Surat,West,Houseware,Tableware,Email Campaign,Meera,Won,67,1370.84,0.2,91846.53,73477.23,53652.02,19825.21,2026-05,Q2,2026,LEAD-00806,Converted,16,Existing
ORD-00807,2026-09-16,CUST-0218,Business Client 0218,Interior Designer,Ahmedabad,West,Houseware,Kitchenware,Website,Kabir,Won,19,855.2,0.2,16248.79,12999.03,8217.49,4781.54,2026-09,Q3,2026,LEAD-00807,Converted,28,Existing
ORD-00808,2026-05-31,CUST-0252,Business Client 0252,Institutional Buyer,Hyderabad,South,Home Textiles,Curtains,Referral,Kabir,Won,85,511.15,0.05,43447.61,41275.23,28401.72,12873.51,2026-05,Q2,2026,LEAD-00808,Converted,5,Existing
ORD-00809,2025-12-16,CUST-0146,Business Client 0146,Interior Designer,Ahmedabad,West,Houseware,Tableware,Field Visit,Rohan,Won,51,1382.02,0.15,70483.06,59910.6,43315.39,16595.21,2025-12,Q4,2025,LEAD-00809,Converted,27,Existing
ORD-00810,2026-03-22,CUST-0148,Business Client 0148,Interior Designer,Kolkata,East,Clothing & Fashion,Apparel,Sales Call,Rohan,Won,42,3406.62,0.2,143078.22,114462.58,67511.26,46951.32,2026-03,Q1,2026,LEAD-00810,Converted,39,Existing
ORD-00811,2025-12-16,CUST-0257,Business Client 0257,Interior Designer,Chennai,South,Home Textiles,Cushion Covers,Email Campaign,Arjun,Won,66,1233.36,0.0,81401.54,81401.54,47312.0,34089.54,2025-12,Q4,2025,LEAD-00811,Converted,28,Existing
ORD-00812,2026-08-30,CUST-0093,Business Client 0093,Importer,Kochi,South,Home Textiles,Cushion Covers,Field Visit,Arjun,Lost,26,2202.61,0.1,57267.79,51541.01,38873.66,12667.35,2026-08,Q3,2026,LEAD-00812,Lost,17,Existing
ORD-00813,2025-05-17,CUST-0147,Business Client 0147,Institutional Buyer,Hyderabad,South,Gifts,Festive Gifts,Website,Ishita,Won,5,1837.38,0.05,9186.9,8727.56,5638.55,3089.01,2025-05,Q2,2025,LEAD-00813,Converted,15,Existing
ORD-00814,2025-08-31,CUST-0026,Business Client 0026,Importer,Surat,West,Home Decor,Rugs,Website,Aarav,Won,54,3178.2,0.1,171623.0,154460.7,105242.83,49217.87,2025-08,Q3,2025,LEAD-00814,Converted,22,Existing
ORD-00815,2026-06-27,CUST-0204,Business Client 0204,Distributor,Kolkata,East,Gifts,Festive Gifts,Sales Call,Anaya,Won,60,1469.72,0.15,88183.03,74955.57,55567.79,19387.78,2026-06,Q2,2026,LEAD-00815,Converted,45,Existing
ORD-00816,2025-02-09,CUST-0078,Business Client 0078,Interior Designer,Delhi,North,Houseware,Storage,Trade Show,Arjun,Won,42,1167.65,0.1,49041.35,44137.22,32598.38,11538.84,2025-02,Q1,2025,LEAD-00816,Converted,33,New
ORD-00817,2025-08-17,CUST-0055,Business Client 0055,Distributor,Delhi,North,Home Textiles,Bedsheets,Sales Call,Aarav,Won,82,2444.5,0.0,200449.34,200449.34,140959.93,59489.41,2025-08,Q3,2025,LEAD-00817,Converted,40,New
ORD-00818,2026-07-02,CUST-0380,Business Client 0380,Retailer,Surat,West,Clothing & Fashion,Apparel,Website,Anaya,Won,89,4501.52,0.1,400635.25,360571.73,253607.26,106964.47,2026-07,Q3,2026,LEAD-00818,Converted,4,Existing
ORD-00819,2025-08-11,CUST-0395,Business Client 0395,Institutional Buyer,Gurugram,North,Home Textiles,Bedsheets,Website,Rohan,Won,99,3083.39,0.1,305255.68,274730.11,188519.98,86210.13,2025-08,Q3,2025,LEAD-00819,Converted,6,Existing
ORD-00820,2025-01-06,CUST-0142,Business Client 0142,Distributor,Bengaluru,South,Gifts,Festive Gifts,Referral,Aarav,Won,57,2274.73,0.2,129659.55,103727.64,62876.86,40850.78,2025-01,Q1,2025,LEAD-00820,Converted,29,New
ORD-00821,2025-11-18,CUST-0259,Business Client 0259,Distributor,Hyderabad,South,Gifts,Festive Gifts,Trade Show,Kabir,Won,17,2054.32,0.15,34923.46,29684.94,22099.97,7584.97,2025-11,Q4,2025,LEAD-00821,Converted,18,Existing
ORD-00822,2026-04-13,CUST-0080,Business Client 0080,Institutional Buyer,Nagpur,Central,Houseware,Storage,Field Visit,Arjun,Won,76,542.21,0.05,41208.07,39147.67,26414.38,12733.29,2026-04,Q2,2026,LEAD-00822,Converted,31,Existing
ORD-00823,2025-03-16,CUST-0216,Business Client 0216,Distributor,Lucknow,North,Houseware,Utility,Sales Call,Ishita,Won,8,1929.84,0.15,15438.72,13122.91,8319.94,4802.97,2025-03,Q1,2025,LEAD-00823,Converted,7,Existing
ORD-00824,2025-01-04,CUST-0246,Business Client 0246,Interior Designer,Lucknow,North,Gifts,Gift Sets,Email Campaign,Arjun,Lost,25,2184.2,0.0,54604.97,54604.97,35053.91,19551.06,2025-01,Q1,2025,LEAD-00824,Lost,32,New
ORD-00825,2025-04-28,CUST-0169,Business Client 0169,Distributor,Bengaluru,South,Home Decor,Wall Decor,Referral,Aarav,Won,100,4135.12,0.15,413512.28,351485.44,232816.75,118668.69,2025-04,Q2,2025,LEAD-00825,Converted,27,Existing
ORD-00826,2026-08-29,CUST-0351,Business Client 0351,Retailer,Chennai,South,Clothing & Fashion,Apparel,Website,Diya,Won,54,1309.3,0.05,70702.2,67167.09,45069.81,22097.28,2026-08,Q3,2026,LEAD-00826,Converted,43,Existing
ORD-00827,2026-05-19,CUST-0362,Business Client 0362,Retailer,Ahmedabad,West,Clothing & Fashion,Apparel,Email Campaign,Anaya,Lost,71,2059.6,0.15,146231.67,124296.92,90946.71,33350.21,2026-05,Q2,2026,LEAD-00827,Lost,35,Existing
ORD-00828,2026-07-28,CUST-0071,Business Client 0071,Retailer,Mumbai,West,Home Textiles,Curtains,Sales Call,Arjun,Won,6,2759.6,0.1,16557.59,14901.84,10871.71,4030.13,2026-07,Q3,2026,LEAD-00828,Converted,19,Existing
ORD-00829,2026-03-17,CUST-0301,Business Client 0301,Interior Designer,Kolkata,East,Home Textiles,Bedsheets,Sales Call,Meera,Won,19,1781.61,0.1,33850.57,30465.52,21417.7,9047.82,2026-03,Q1,2026,LEAD-00829,Converted,35,Existing
ORD-00830,2025-07-13,CUST-0070,Business Client 0070,Manufacturer,Lucknow,North,Clothing & Fashion,Lifestyle,Trade Show,Arjun,Won,37,4087.67,0.05,151243.63,143681.45,92768.57,50912.88,2025-07,Q3,2025,LEAD-00830,Converted,33,New
ORD-00831,2026-01-27,CUST-0361,Business Client 0361,Distributor,Bhubaneswar,East,Houseware,Tableware,Trade Show,Aarav,Won,55,525.12,0.0,28881.57,28881.57,16871.12,12010.45,2026-01,Q1,2026,LEAD-00831,Converted,38,Existing
ORD-00832,2025-01-26,CUST-0085,Business Client 0085,Retailer,Guwahati,East,Clothing & Fashion,Lifestyle,Trade Show,Kabir,Won,92,1663.88,0.05,153077.06,145423.21,91123.64,54299.57,2025-01,Q1,2025,LEAD-00832,Converted,11,Existing
ORD-00833,2026-03-11,CUST-0353,Business Client 0353,Distributor,Delhi,North,Gifts,Festive Gifts,Email Campaign,Meera,Won,21,973.57,0.0,20445.05,20445.05,15177.82,5267.23,2026-03,Q1,2026,LEAD-00833,Converted,8,Existing
ORD-00834,2025-06-22,CUST-0344,Business Client 0344,Institutional Buyer,Ahmedabad,West,Home Textiles,Bedsheets,Sales Call,Kabir,Won,33,1140.04,0.1,37621.31,33859.18,24796.26,9062.92,2025-06,Q2,2025,LEAD-00834,Converted,40,Existing
ORD-00835,2025-10-27,CUST-0213,Business Client 0213,Importer,Kochi,South,Home Textiles,Towels,Website,Anaya,Won,63,2339.12,0.1,147364.42,132627.98,93214.0,39413.98,2025-10,Q4,2025,LEAD-00835,Converted,15,Existing
ORD-00836,2025-11-22,CUST-0118,Business Client 0118,Retailer,Chennai,South,Home Textiles,Bedsheets,Website,Rohan,Won,19,2574.05,0.2,48906.94,39125.55,23964.09,15161.46,2025-11,Q4,2025,LEAD-00836,Converted,28,Existing
ORD-00837,2026-02-14,CUST-0029,Business Client 0029,Manufacturer,Jaipur,North,Home Decor,Rugs,Website,Ishita,Won,7,3470.37,0.0,24292.61,24292.61,16969.71,7322.9,2026-02,Q1,2026,LEAD-00837,Converted,36,Existing
ORD-00838,2025-04-28,CUST-0374,Business Client 0374,Manufacturer,Hyderabad,South,Home Decor,Decorative Lamps,Sales Call,Anaya,Won,40,815.67,0.05,32626.83,30995.49,21155.56,9839.93,2025-04,Q2,2025,LEAD-00838,Converted,42,New
ORD-00839,2025-08-13,CUST-0256,Business Client 0256,Manufacturer,Jaipur,North,Home Textiles,Curtains,Field Visit,Meera,Won,62,946.57,0.0,58687.37,58687.37,41378.78,17308.59,2025-08,Q3,2025,LEAD-00839,Converted,27,Existing
ORD-00840,2026-06-16,CUST-0159,Business Client 0159,Manufacturer,Surat,West,Houseware,Tableware,Field Visit,Diya,Won,78,2922.17,0.2,227929.33,182343.46,111369.92,70973.54,2026-06,Q2,2026,LEAD-00840,Converted,14,Existing
ORD-00841,2025-04-23,CUST-0061,Business Client 0061,Institutional Buyer,Kochi,South,Home Decor,Wall Decor,Sales Call,Rohan,Won,67,4306.92,0.15,288563.61,245279.07,187962.65,57316.42,2025-04,Q2,2025,LEAD-00841,Converted,45,New
ORD-00842,2025-05-20,CUST-0287,Business Client 0287,Institutional Buyer,Chennai,South,Home Decor,Vases,Website,Rohan,Won,25,4924.27,0.0,123106.64,123106.64,94997.66,28108.98,2025-05,Q2,2025,LEAD-00842,Converted,38,Existing
ORD-00843,2026-07-13,CUST-0081,Business Client 0081,Distributor,Mumbai,West,Clothing & Fashion,Apparel,Trade Show,Kabir,Won,93,860.93,0.15,80066.93,68056.89,41389.93,26666.96,2026-07,Q3,2026,LEAD-00843,Converted,43,Existing
ORD-00844,2025-01-01,CUST-0137,Business Client 0137,Manufacturer,Mumbai,West,Home Decor,Rugs,Email Campaign,Meera,Won,54,3250.4,0.15,175521.55,149193.32,90907.39,58285.93,2025-01,Q1,2025,LEAD-00844,Converted,4,New
ORD-00845,2025-03-31,CUST-0147,Business Client 0147,Institutional Buyer,Jaipur,North,Houseware,Utility,Sales Call,Kabir,Won,56,2989.6,0.05,167417.4,159046.53,104575.2,54471.33,2025-03,Q1,2025,LEAD-00845,Converted,11,Existing
ORD-00846,2025-11-16,CUST-0174,Business Client 0174,Institutional Buyer,Gurugram,North,Clothing & Fashion,Apparel,Trade Show,Anaya,Won,70,1063.85,0.05,74469.78,70746.29,49027.18,21719.11,2025-11,Q4,2025,LEAD-00846,Converted,26,Existing
ORD-00847,2026-07-04,CUST-0015,Business Client 0015,Retailer,Jaipur,North,Houseware,Storage,Website,Meera,Won,9,1070.3,0.0,9632.73,9632.73,7042.84,2589.89,2026-07,Q3,2026,LEAD-00847,Converted,23,Existing
ORD-00848,2025-05-19,CUST-0308,Business Client 0308,Retailer,Bengaluru,South,Gifts,Gift Sets,Field Visit,Ishita,Won,74,1196.71,0.2,88556.57,70845.26,53745.18,17100.08,2025-05,Q2,2025,LEAD-00848,Converted,35,Existing
ORD-00849,2026-05-26,CUST-0398,Business Client 0398,Retailer,Bengaluru,South,Home Decor,Wall Decor,Referral,Anaya,Won,50,4454.16,0.2,222708.09,178166.47,107384.58,70781.89,2026-05,Q2,2026,LEAD-00849,Converted,14,Existing
ORD-00850,2025-09-16,CUST-0180,Business Client 0180,Manufacturer,Kochi,South,Houseware,Utility,Trade Show,Diya,Won,7,763.67,0.15,5345.72,4543.86,2705.12,1838.74,2025-09,Q3,2025,LEAD-00850,Converted,10,Existing
ORD-00851,2025-01-10,CUST-0359,Business Client 0359,Retailer,Bengaluru,South,Home Textiles,Cushion Covers,Field Visit,Anaya,Won,18,830.83,0.05,14954.94,14207.2,8362.96,5844.24,2025-01,Q1,2025,LEAD-00851,Converted,33,New
ORD-00852,2025-09-18,CUST-0277,Business Client 0277,Retailer,Pune,West,Gifts,Gift Sets,Trade Show,Aarav,Lost,71,1522.46,0.1,108094.84,97285.36,59948.22,37337.14,2025-09,Q3,2025,LEAD-00852,Lost,19,Existing
ORD-00853,2025-06-21,CUST-0343,Business Client 0343,Distributor,Bengaluru,South,Gifts,Festive Gifts,Email Campaign,Aarav,Pending,35,1485.11,0.0,51978.92,51978.92,32235.78,19743.14,2025-06,Q2,2025,LEAD-00853,Open,41,Existing
ORD-00854,2025-01-13,CUST-0320,Business Client 0320,Distributor,Jaipur,North,Home Decor,Wall Decor,Website,Ishita,Won,75,4131.48,0.05,309860.69,294367.66,208478.21,85889.45,2025-01,Q1,2025,LEAD-00854,Converted,45,New
ORD-00855,2025-06-17,CUST-0364,Business Client 0364,Manufacturer,Lucknow,North,Home Textiles,Cushion Covers,Trade Show,Arjun,Won,46,2476.17,0.0,113903.96,113903.96,74520.35,39383.61,2025-06,Q2,2025,LEAD-00855,Converted,6,Existing
ORD-00856,2026-08-19,CUST-0376,Business Client 0376,Distributor,Kochi,South,Home Textiles,Cushion Covers,Email Campaign,Aarav,Won,81,1082.98,0.1,87721.3,78949.17,60233.42,18715.75,2026-08,Q3,2026,LEAD-00856,Converted,10,Existing
ORD-00857,2025-11-17,CUST-0176,Business Client 0176,Retailer,Mumbai,West,Home Textiles,Cushion Covers,Website,Rohan,Pending,6,2460.68,0.05,14764.09,14025.89,10103.86,3922.03,2025-11,Q4,2025,LEAD-00857,Open,56,New
ORD-00858,2025-11-15,CUST-0368,Business Client 0368,Interior Designer,Hyderabad,South,Home Decor,Decorative Lamps,Sales Call,Anaya,Won,96,6848.86,0.15,657491.03,558867.38,348122.98,210744.4,2025-11,Q4,2025,LEAD-00858,Converted,40,Existing
ORD-00859,2026-09-05,CUST-0349,Business Client 0349,Distributor,Kolkata,East,Home Decor,Vases,Referral,Diya,Won,53,4736.7,0.0,251045.07,251045.07,156803.38,94241.69,2026-09,Q3,2026,LEAD-00859,Converted,28,Existing
ORD-00860,2025-11-25,CUST-0231,Business Client 0231,Distributor,Ahmedabad,West,Home Textiles,Bedsheets,Email Campaign,Meera,Won,14,3376.4,0.1,47269.64,42542.68,25567.63,16975.05,2025-11,Q4,2025,LEAD-00860,Converted,26,New
ORD-00861,2026-07-04,CUST-0109,Business Client 0109,Interior Designer,Pune,West,Clothing & Fashion,Lifestyle,Referral,Anaya,Won,76,4720.18,0.0,358733.4,358733.4,271592.67,87140.73,2026-07,Q3,2026,LEAD-00861,Converted,36,Existing
ORD-00862,2026-02-23,CUST-0219,Business Client 0219,Importer,Jaipur,North,Home Decor,Decorative Lamps,Trade Show,Diya,Won,91,6532.34,0.0,594442.52,594442.52,356923.78,237518.74,2026-02,Q1,2026,LEAD-00862,Converted,8,Existing
ORD-00863,2026-08-29,CUST-0146,Business Client 0146,Manufacturer,Gurugram,North,Home Textiles,Cushion Covers,Sales Call,Ishita,Won,11,1116.81,0.0,12284.96,12284.96,8570.76,3714.2,2026-08,Q3,2026,LEAD-00863,Converted,35,Existing
ORD-00864,2025-04-05,CUST-0154,Business Client 0154,Manufacturer,Jaipur,North,Home Decor,Rugs,Referral,Rohan,Won,58,3399.04,0.0,197144.32,197144.32,118744.09,78400.23,2025-04,Q2,2025,LEAD-00864,Converted,33,New
ORD-00865,2026-08-04,CUST-0015,Business Client 0015,Retailer,Kolkata,East,Home Decor,Decorative Lamps,Field Visit,Diya,Pending,51,2695.48,0.0,137469.61,137469.61,88434.4,49035.21,2026-08,Q3,2026,LEAD-00865,Open,37,Existing
ORD-00866,2025-11-14,CUST-0090,Business Client 0090,Importer,Mumbai,West,Home Decor,Wall Decor,Sales Call,Kabir,Won,67,3928.38,0.0,263201.27,263201.27,197681.85,65519.42,2025-11,Q4,2025,LEAD-00866,Converted,16,Existing
ORD-00867,2025-08-24,CUST-0275,Business Client 0275,Retailer,Bengaluru,South,Clothing & Fashion,Fashion Accessories,Email Campaign,Aarav,Won,87,1033.58,0.15,89921.5,76433.27,44421.18,32012.09,2025-08,Q3,2025,LEAD-00867,Converted,45,Existing
ORD-00868,2025-11-30,CUST-0223,Business Client 0223,Retailer,Surat,West,Houseware,Storage,Website,Aarav,Won,46,2123.37,0.1,97675.18,87907.66,68130.23,19777.43,2025-11,Q4,2025,LEAD-00868,Converted,8,Existing
ORD-00869,2026-01-11,CUST-0082,Business Client 0082,Retailer,Bengaluru,South,Houseware,Storage,Sales Call,Ishita,Won,58,1036.1,0.2,60093.94,48075.15,32031.81,16043.34,2026-01,Q1,2026,LEAD-00869,Converted,26,Existing
ORD-00870,2026-04-04,CUST-0285,Business Client 0285,Retailer,Gurugram,North,Home Textiles,Cushion Covers,Field Visit,Diya,Won,13,2740.31,0.2,35624.05,28499.24,16651.76,11847.48,2026-04,Q2,2026,LEAD-00870,Converted,4,Existing
ORD-00871,2025-05-17,CUST-0121,Business Client 0121,Retailer,Kochi,South,Clothing & Fashion,Fashion Accessories,Website,Diya,Won,92,1145.39,0.2,105376.13,84300.9,51835.72,32465.18,2025-05,Q2,2025,LEAD-00871,Converted,13,Existing
ORD-00872,2026-08-11,CUST-0381,Business Client 0381,Institutional Buyer,Surat,West,Home Textiles,Curtains,Sales Call,Anaya,Won,83,1374.54,0.0,114086.95,114086.95,73559.83,40527.12,2026-08,Q3,2026,LEAD-00872,Converted,30,Existing
ORD-00873,2026-07-01,CUST-0318,Business Client 0318,Importer,Mumbai,West,Home Decor,Vases,Trade Show,Meera,Won,60,6271.81,0.0,376308.34,376308.34,253200.61,123107.73,2026-07,Q3,2026,LEAD-00873,Converted,11,Existing
ORD-00874,2026-05-28,CUST-0089,Business Client 0089,Manufacturer,Delhi,North,Home Decor,Vases,Trade Show,Diya,Won,94,2025.42,0.1,190389.13,171350.21,111001.65,60348.56,2026-05,Q2,2026,LEAD-00874,Converted,6,Existing
ORD-00875,2025-10-23,CUST-0077,Business Client 0077,Retailer,Kolkata,East,Home Decor,Decorative Lamps,Email Campaign,Anaya,Won,54,3647.77,0.0,196979.84,196979.84,149449.78,47530.06,2025-10,Q4,2025,LEAD-00875,Converted,22,New
ORD-00876,2025-11-16,CUST-0338,Business Client 0338,Importer,Nagpur,Central,Home Decor,Decorative Lamps,Website,Ishita,Won,44,5012.33,0.0,220542.65,220542.65,146913.02,73629.63,2025-11,Q4,2025,LEAD-00876,Converted,5,New
ORD-00877,2026-07-26,CUST-0212,Business Client 0212,Institutional Buyer,Bhubaneswar,East,Home Decor,Rugs,Sales Call,Meera,Won,24,5704.39,0.05,136905.25,130059.98,98147.41,31912.57,2026-07,Q3,2026,LEAD-00877,Converted,34,Existing
ORD-00878,2025-12-15,CUST-0198,Business Client 0198,Manufacturer,Nagpur,Central,Houseware,Kitchenware,Trade Show,Rohan,Won,97,1800.85,0.15,174682.64,148480.24,91443.42,57036.82,2025-12,Q4,2025,LEAD-00878,Converted,13,Existing
ORD-00879,2025-08-17,CUST-0199,Business Client 0199,Retailer,Hyderabad,South,Gifts,Gift Sets,Referral,Ishita,Won,48,1826.75,0.1,87684.19,78915.77,51547.58,27368.19,2025-08,Q3,2025,LEAD-00879,Converted,19,Existing
ORD-00880,2025-09-27,CUST-0098,Business Client 0098,Manufacturer,Nagpur,Central,Clothing & Fashion,Apparel,Sales Call,Arjun,Won,43,3590.95,0.05,154410.81,146690.27,101671.05,45019.22,2025-09,Q3,2025,LEAD-00880,Converted,40,Existing
ORD-00881,2025-10-18,CUST-0175,Business Client 0175,Institutional Buyer,Mumbai,West,Clothing & Fashion,Lifestyle,Trade Show,Rohan,Won,73,2799.74,0.1,204380.8,183942.72,124229.13,59713.59,2025-10,Q4,2025,LEAD-00881,Converted,23,Existing
ORD-00882,2025-06-14,CUST-0110,Business Client 0110,Manufacturer,Kochi,South,Gifts,Festive Gifts,Field Visit,Aarav,Lost,17,1510.52,0.2,25678.84,20543.07,13048.73,7494.34,2025-06,Q2,2025,LEAD-00882,Lost,57,New
ORD-00883,2025-01-05,CUST-0234,Business Client 0234,Importer,Kolkata,East,Home Decor,Decorative Lamps,Referral,Diya,Won,86,6459.96,0.05,555556.14,527778.33,366935.71,160842.62,2025-01,Q1,2025,LEAD-00883,Converted,38,Existing
ORD-00884,2026-01-14,CUST-0382,Business Client 0382,Distributor,Delhi,North,Houseware,Tableware,Field Visit,Kabir,Won,83,1767.55,0.1,146706.44,132035.8,77306.77,54729.03,2026-01,Q1,2026,LEAD-00884,Converted,37,New
ORD-00885,2025-03-19,CUST-0117,Business Client 0117,Importer,Guwahati,East,Gifts,Festive Gifts,Trade Show,Aarav,Won,8,1590.87,0.05,12726.95,12090.6,8152.09,3938.51,2025-03,Q1,2025,LEAD-00885,Converted,24,New
ORD-00886,2026-02-14,CUST-0329,Business Client 0329,Retailer,Kochi,South,Houseware,Storage,Referral,Arjun,Won,87,2408.52,0.1,209541.2,188587.08,118331.39,70255.69,2026-02,Q1,2026,LEAD-00886,Converted,39,Existing
ORD-00887,2026-07-28,CUST-0324,Business Client 0324,Manufacturer,Bhubaneswar,East,Home Textiles,Towels,Field Visit,Anaya,Won,53,3283.2,0.1,174009.43,156608.49,95976.48,60632.01,2026-07,Q3,2026,LEAD-00887,Converted,35,Existing
ORD-00888,2025-05-12,CUST-0019,Business Client 0019,Distributor,Pune,West,Houseware,Storage,Referral,Aarav,Won,48,824.7,0.1,39585.45,35626.9,21548.49,14078.41,2025-05,Q2,2025,LEAD-00888,Converted,21,Existing
ORD-00889,2026-08-24,CUST-0089,Business Client 0089,Interior Designer,Chennai,South,Clothing & Fashion,Lifestyle,Field Visit,Meera,Pending,77,1929.79,0.2,148593.63,118874.91,78988.28,39886.63,2026-08,Q3,2026,LEAD-00889,Open,43,Existing
ORD-00890,2025-02-11,CUST-0363,Business Client 0363,Retailer,Guwahati,East,Home Decor,Rugs,Field Visit,Meera,Won,25,2685.93,0.15,67148.28,57076.04,35606.14,21469.9,2025-02,Q1,2025,LEAD-00890,Converted,41,Existing
ORD-00891,2025-03-30,CUST-0156,Business Client 0156,Institutional Buyer,Delhi,North,Home Textiles,Bedsheets,Trade Show,Anaya,Won,21,2612.46,0.1,54861.75,49375.57,34751.83,14623.74,2025-03,Q1,2025,LEAD-00891,Converted,6,New
ORD-00892,2026-02-06,CUST-0051,Business Client 0051,Manufacturer,Chennai,South,Home Textiles,Bedsheets,Website,Kabir,Won,75,3361.69,0.1,252126.39,226913.75,159396.26,67517.49,2026-02,Q1,2026,LEAD-00892,Converted,6,Existing
ORD-00893,2025-10-23,CUST-0297,Business Client 0297,Distributor,Nagpur,Central,Houseware,Tableware,Trade Show,Aarav,Pending,52,1442.88,0.05,75029.7,71278.22,47118.75,24159.47,2025-10,Q4,2025,LEAD-00893,Open,17,Existing
ORD-00894,2025-10-22,CUST-0294,Business Client 0294,Interior Designer,Nagpur,Central,Home Textiles,Towels,Referral,Aarav,Pending,99,3137.55,0.0,310617.92,310617.92,238506.36,72111.56,2025-10,Q4,2025,LEAD-00894,Open,15,Existing
ORD-00895,2026-09-08,CUST-0268,Business Client 0268,Distributor,Lucknow,North,Home Textiles,Curtains,Trade Show,Meera,Won,35,2238.42,0.1,78344.87,70510.39,54859.41,15650.98,2026-09,Q3,2026,LEAD-00895,Converted,6,Existing
ORD-00896,2026-06-10,CUST-0240,Business Client 0240,Importer,Kolkata,East,Gifts,Corporate Gifts,Website,Meera,Won,53,1271.35,0.05,67381.51,64012.43,37644.93,26367.5,2026-06,Q2,2026,LEAD-00896,Converted,20,Existing
ORD-00897,2026-09-29,CUST-0070,Business Client 0070,Retailer,Guwahati,East,Home Decor,Wall Decor,Trade Show,Anaya,Won,92,4379.33,0.1,402898.56,362608.7,217885.94,144722.76,2026-09,Q3,2026,LEAD-00897,Converted,42,Existing
ORD-00898,2026-02-26,CUST-0356,Business Client 0356,Retailer,Guwahati,East,Houseware,Storage,Website,Anaya,Won,23,1513.6,0.1,34812.83,31331.55,21873.53,9458.02,2026-02,Q1,2026,LEAD-00898,Converted,41,Existing
ORD-00899,2025-01-23,CUST-0357,Business Client 0357,Retailer,Kolkata,East,Gifts,Gift Sets,Trade Show,Anaya,Won,53,1416.7,0.05,75084.87,71330.63,42402.84,28927.79,2025-01,Q1,2025,LEAD-00899,Converted,43,Existing
ORD-00900,2026-07-29,CUST-0147,Business Client 0147,Interior Designer,Delhi,North,Home Textiles,Towels,Field Visit,Arjun,Lost,90,2175.55,0.2,195799.36,156639.49,117464.51,39174.98,2026-07,Q3,2026,LEAD-00900,Lost,34,Existing
ORD-00901,2025-05-23,CUST-0198,Business Client 0198,Retailer,Pune,West,Home Decor,Decorative Lamps,Sales Call,Ishita,Pending,76,3840.97,0.1,291913.43,262722.08,156879.98,105842.1,2025-05,Q2,2025,LEAD-00901,Open,39,New
ORD-00902,2025-05-25,CUST-0272,Business Client 0272,Retailer,Mumbai,West,Home Decor,Wall Decor,Field Visit,Kabir,Won,15,3743.31,0.2,56149.68,44919.75,33209.9,11709.85,2025-05,Q2,2025,LEAD-00902,Converted,8,Existing
ORD-00903,2025-08-13,CUST-0356,Business Client 0356,Retailer,Bhubaneswar,East,Clothing & Fashion,Fashion Accessories,Trade Show,Meera,Won,12,1142.86,0.15,13714.36,11657.2,7691.28,3965.92,2025-08,Q3,2025,LEAD-00903,Converted,8,New
ORD-00904,2026-05-18,CUST-0158,Business Client 0158,Retailer,Delhi,North,Clothing & Fashion,Lifestyle,Sales Call,Anaya,Won,92,1111.77,0.05,102282.46,97168.34,58991.7,38176.64,2026-05,Q2,2026,LEAD-00904,Converted,17,Existing
ORD-00905,2026-09-08,CUST-0230,Business Client 0230,Retailer,Pune,West,Houseware,Tableware,Sales Call,Aarav,Won,100,1513.6,0.05,151359.64,143791.66,100000.78,43790.88,2026-09,Q3,2026,LEAD-00905,Converted,30,Existing
ORD-00906,2025-04-14,CUST-0232,Business Client 0232,Interior Designer,Hyderabad,South,Home Textiles,Towels,Trade Show,Anaya,Won,43,2957.81,0.05,127185.96,120826.66,90882.68,29943.98,2025-04,Q2,2025,LEAD-00906,Converted,39,New
ORD-00907,2025-02-08,CUST-0234,Business Client 0234,Importer,Bhubaneswar,East,Gifts,Festive Gifts,Email Campaign,Anaya,Pending,7,1162.42,0.15,8136.96,6916.41,4975.86,1940.55,2025-02,Q1,2025,LEAD-00907,Open,20,Existing
ORD-00908,2025-07-17,CUST-0269,Business Client 0269,Retailer,Gurugram,North,Home Textiles,Curtains,Trade Show,Diya,Won,31,2724.83,0.15,84469.62,71799.18,54229.71,17569.47,2025-07,Q3,2025,LEAD-00908,Converted,38,New
ORD-00909,2026-08-02,CUST-0380,Business Client 0380,Interior Designer,Kochi,South,Houseware,Storage,Sales Call,Anaya,Lost,58,1350.25,0.05,78314.75,74399.02,51006.61,23392.41,2026-08,Q3,2026,LEAD-00909,Lost,31,Existing
ORD-00910,2026-01-26,CUST-0348,Business Client 0348,Distributor,Nagpur,Central,Home Textiles,Cushion Covers,Referral,Rohan,Won,62,1277.0,0.0,79173.71,79173.71,61339.81,17833.9,2026-01,Q1,2026,LEAD-00910,Converted,8,Existing
ORD-00911,2025-06-28,CUST-0283,Business Client 0283,Distributor,Nagpur,Central,Home Textiles,Curtains,Trade Show,Aarav,Won,59,522.21,0.05,30810.41,29269.89,17653.33,11616.56,2025-06,Q2,2025,LEAD-00911,Converted,27,Existing
ORD-00912,2026-07-08,CUST-0165,Business Client 0165,Retailer,Nagpur,Central,Home Decor,Wall Decor,Field Visit,Arjun,Pending,36,5309.04,0.15,191125.47,162456.65,124178.85,38277.8,2026-07,Q3,2026,LEAD-00912,Open,18,Existing
ORD-00913,2026-03-24,CUST-0247,Business Client 0247,Manufacturer,Hyderabad,South,Clothing & Fashion,Apparel,Trade Show,Anaya,Won,44,1837.03,0.05,80829.2,76787.74,58125.29,18662.45,2026-03,Q1,2026,LEAD-00913,Converted,27,Existing
ORD-00914,2026-05-15,CUST-0235,Business Client 0235,Retailer,Kolkata,East,Home Decor,Decorative Lamps,Sales Call,Anaya,Won,90,4010.62,0.0,360955.49,360955.49,274849.35,86106.14,2026-05,Q2,2026,LEAD-00914,Converted,43,Existing
ORD-00915,2025-01-15,CUST-0347,Business Client 0347,Distributor,Lucknow,North,Clothing & Fashion,Lifestyle,Sales Call,Aarav,Won,9,580.09,0.05,5220.82,4959.78,3127.6,1832.18,2025-01,Q1,2025,LEAD-00915,Converted,16,New
ORD-00916,2026-09-15,CUST-0258,Business Client 0258,Retailer,Nagpur,Central,Clothing & Fashion,Apparel,Website,Aarav,Won,22,4271.67,0.1,93976.77,84579.09,55433.02,29146.07,2026-09,Q3,2026,LEAD-00916,Converted,41,Existing
ORD-00917,2025-10-16,CUST-0139,Business Client 0139,Retailer,Nagpur,Central,Houseware,Storage,Referral,Diya,Won,53,2472.61,0.05,131048.51,124496.08,76518.42,47977.66,2025-10,Q4,2025,LEAD-00917,Converted,4,Existing
ORD-00918,2026-04-23,CUST-0354,Business Client 0354,Distributor,Mumbai,West,Gifts,Corporate Gifts,Trade Show,Kabir,Won,41,1713.23,0.1,70242.33,63218.09,40583.23,22634.86,2026-04,Q2,2026,LEAD-00918,Converted,42,Existing
ORD-00919,2025-08-19,CUST-0372,Business Client 0372,Importer,Lucknow,North,Houseware,Kitchenware,Field Visit,Aarav,Lost,95,2060.04,0.2,195703.36,156562.69,101591.69,54971.0,2025-08,Q3,2025,LEAD-00919,Lost,51,Existing
ORD-00920,2026-02-24,CUST-0153,Business Client 0153,Retailer,Nagpur,Central,Clothing & Fashion,Lifestyle,Trade Show,Diya,Won,76,2078.23,0.05,157945.73,150048.44,104355.67,45692.77,2026-02,Q1,2026,LEAD-00920,Converted,5,Existing
ORD-00921,2025-06-06,CUST-0234,Business Client 0234,Manufacturer,Lucknow,North,Houseware,Utility,Field Visit,Ishita,Pending,95,2727.63,0.15,259124.82,220256.1,156406.28,63849.82,2025-06,Q2,2025,LEAD-00921,Open,43,Existing
ORD-00922,2026-07-04,CUST-0381,Business Client 0381,Institutional Buyer,Guwahati,East,Home Decor,Rugs,Trade Show,Rohan,Won,89,2565.13,0.05,228296.34,216881.52,130966.06,85915.46,2026-07,Q3,2026,LEAD-00922,Converted,40,Existing
ORD-00923,2026-03-17,CUST-0050,Business Client 0050,Retailer,Ahmedabad,West,Home Textiles,Curtains,Website,Arjun,Lost,68,581.61,0.1,39549.31,35594.38,22559.82,13034.56,2026-03,Q1,2026,LEAD-00923,Lost,27,New
ORD-00924,2025-04-07,CUST-0334,Business Client 0334,Retailer,Lucknow,North,Gifts,Gift Sets,Field Visit,Kabir,Won,80,822.27,0.05,65781.22,62492.15,38854.4,23637.75,2025-04,Q2,2025,LEAD-00924,Converted,26,New
ORD-00925,2026-02-15,CUST-0234,Business Client 0234,Retailer,Jaipur,North,Clothing & Fashion,Fashion Accessories,Referral,Kabir,Won,65,1237.95,0.05,80466.48,76443.16,53596.64,22846.52,2026-02,Q1,2026,LEAD-00925,Converted,29,Existing
ORD-00926,2025-10-16,CUST-0379,Business Client 0379,Retailer,Delhi,North,Gifts,Gift Sets,Website,Aarav,Won,77,553.47,0.0,42617.07,42617.07,30060.83,12556.24,2025-10,Q4,2025,LEAD-00926,Converted,19,Existing
ORD-00927,2025-09-11,CUST-0277,Business Client 0277,Retailer,Bhubaneswar,East,Home Textiles,Cushion Covers,Trade Show,Ishita,Pending,66,2539.63,0.0,167615.74,167615.74,116061.98,51553.76,2025-09,Q3,2025,LEAD-00927,Open,27,Existing
ORD-00928,2025-07-15,CUST-0168,Business Client 0168,Institutional Buyer,Bengaluru,South,Home Decor,Decorative Lamps,Trade Show,Rohan,Pending,87,5483.81,0.15,477091.78,405528.02,252290.79,153237.23,2025-07,Q3,2025,LEAD-00928,Open,35,Existing
ORD-00929,2026-08-21,CUST-0106,Business Client 0106,Interior Designer,Kochi,South,Clothing & Fashion,Lifestyle,Trade Show,Meera,Won,13,4102.81,0.2,53336.48,42669.19,26580.85,16088.34,2026-08,Q3,2026,LEAD-00929,Converted,33,Existing
ORD-00930,2026-06-06,CUST-0008,Business Client 0008,Importer,Kochi,South,Gifts,Corporate Gifts,Trade Show,Aarav,Won,96,534.28,0.1,51290.5,46161.45,33254.23,12907.22,2026-06,Q2,2026,LEAD-00930,Converted,36,Existing
ORD-00931,2026-06-01,CUST-0028,Business Client 0028,Importer,Bengaluru,South,Clothing & Fashion,Fashion Accessories,Referral,Rohan,Won,78,4176.43,0.0,325761.17,325761.17,242981.78,82779.39,2026-06,Q2,2026,LEAD-00931,Converted,35,Existing
ORD-00932,2026-09-27,CUST-0218,Business Client 0218,Importer,Surat,West,Home Textiles,Curtains,Website,Aarav,Won,65,1901.89,0.1,123622.68,111260.41,67499.12,43761.29,2026-09,Q3,2026,LEAD-00932,Converted,12,Existing
ORD-00933,2025-04-28,CUST-0134,Business Client 0134,Importer,Mumbai,West,Home Textiles,Bedsheets,Trade Show,Meera,Won,82,1245.19,0.05,102105.57,97000.29,59222.23,37778.06,2025-04,Q2,2025,LEAD-00933,Converted,14,New
ORD-00934,2025-06-08,CUST-0215,Business Client 0215,Distributor,Pune,West,Houseware,Kitchenware,Email Campaign,Meera,Won,87,1556.69,0.0,135431.61,135431.61,81367.19,54064.42,2025-06,Q2,2025,LEAD-00934,Converted,40,Existing
ORD-00935,2025-08-16,CUST-0293,Business Client 0293,Institutional Buyer,Chennai,South,Gifts,Festive Gifts,Sales Call,Anaya,Won,67,2269.17,0.2,152034.1,121627.28,70874.2,50753.08,2025-08,Q3,2025,LEAD-00935,Converted,9,Existing
ORD-00936,2025-08-04,CUST-0299,Business Client 0299,Institutional Buyer,Lucknow,North,Home Decor,Rugs,Field Visit,Anaya,Won,77,6233.04,0.05,479944.02,455946.82,273041.23,182905.59,2025-08,Q3,2025,LEAD-00936,Converted,33,Existing
ORD-00937,2025-01-15,CUST-0299,Business Client 0299,Distributor,Gurugram,North,Home Decor,Decorative Lamps,Email Campaign,Kabir,Won,43,6178.02,0.05,265655.0,252372.25,182131.55,70240.7,2025-01,Q1,2025,LEAD-00937,Converted,43,New
ORD-00938,2025-06-06,CUST-0125,Business Client 0125,Retailer,Kochi,South,Home Textiles,Curtains,Email Campaign,Rohan,Won,99,3164.98,0.05,313332.77,297666.13,224123.41,73542.72,2025-06,Q2,2025,LEAD-00938,Converted,18,Existing
ORD-00939,2025-09-18,CUST-0123,Business Client 0123,Interior Designer,Bengaluru,South,Home Textiles,Curtains,Website,Aarav,Lost,50,2073.47,0.1,103673.38,93306.04,61781.84,31524.2,2025-09,Q3,2025,LEAD-00939,Lost,15,Existing
ORD-00940,2025-06-06,CUST-0266,Business Client 0266,Institutional Buyer,Jaipur,North,Home Decor,Rugs,Sales Call,Kabir,Won,45,2790.28,0.05,125562.75,119284.61,87369.94,31914.67,2025-06,Q2,2025,LEAD-00940,Converted,21,New
ORD-00941,2025-02-16,CUST-0127,Business Client 0127,Institutional Buyer,Lucknow,North,Clothing & Fashion,Lifestyle,Field Visit,Diya,Lost,77,2414.1,0.2,185885.6,148708.48,89143.42,59565.06,2025-02,Q1,2025,LEAD-00941,Lost,49,New
ORD-00942,2025-11-20,CUST-0343,Business Client 0343,Institutional Buyer,Bengaluru,South,Houseware,Utility,Field Visit,Kabir,Won,14,1465.36,0.15,20515.07,17437.81,12658.76,4779.05,2025-11,Q4,2025,LEAD-00942,Converted,7,Existing
ORD-00943,2025-05-10,CUST-0297,Business Client 0297,Interior Designer,Hyderabad,South,Gifts,Corporate Gifts,Website,Aarav,Won,26,1807.4,0.1,46992.51,42293.26,30811.76,11481.5,2025-05,Q2,2025,LEAD-00943,Converted,19,Existing
ORD-00944,2026-02-15,CUST-0343,Business Client 0343,Manufacturer,Surat,West,Clothing & Fashion,Lifestyle,Sales Call,Diya,Won,92,4241.26,0.0,390195.81,390195.81,244724.58,145471.23,2026-02,Q1,2026,LEAD-00944,Converted,26,Existing
ORD-00945,2025-04-05,CUST-0299,Business Client 0299,Retailer,Mumbai,West,Gifts,Festive Gifts,Email Campaign,Anaya,Won,54,439.25,0.05,23719.38,22533.41,16014.79,6518.62,2025-04,Q2,2025,LEAD-00945,Converted,14,Existing
ORD-00946,2026-09-19,CUST-0125,Business Client 0125,Manufacturer,Gurugram,North,Home Textiles,Bedsheets,Referral,Meera,Won,22,1814.1,0.15,39910.1,33923.58,20217.31,13706.27,2026-09,Q3,2026,LEAD-00946,Converted,27,Existing
ORD-00947,2025-10-19,CUST-0129,Business Client 0129,Distributor,Bhubaneswar,East,Clothing & Fashion,Apparel,Field Visit,Arjun,Pending,52,3483.74,0.1,181154.6,163039.14,108938.88,54100.26,2025-10,Q4,2025,LEAD-00947,Open,13,Existing
ORD-00948,2025-10-10,CUST-0290,Business Client 0290,Distributor,Ahmedabad,West,Clothing & Fashion,Lifestyle,Trade Show,Meera,Won,83,4940.65,0.0,410073.79,410073.79,250173.38,159900.41,2025-10,Q4,2025,LEAD-00948,Converted,42,Existing
ORD-00949,2025-03-10,CUST-0112,Business Client 0112,Institutional Buyer,Guwahati,East,Clothing & Fashion,Lifestyle,Referral,Anaya,Won,87,4443.93,0.15,386622.06,328628.75,253179.43,75449.32,2025-03,Q1,2025,LEAD-00949,Converted,18,New
ORD-00950,2025-01-11,CUST-0066,Business Client 0066,Distributor,Surat,West,Clothing & Fashion,Lifestyle,Field Visit,Kabir,Won,57,2854.3,0.2,162695.16,130156.13,96967.33,33188.8,2025-01,Q1,2025,LEAD-00950,Converted,18,New
ORD-00951,2025-09-11,CUST-0296,Business Client 0296,Retailer,Hyderabad,South,Home Decor,Wall Decor,Field Visit,Kabir,Won,11,2910.06,0.05,32010.61,30410.08,22111.9,8298.18,2025-09,Q3,2025,LEAD-00951,Converted,13,Existing
ORD-00952,2026-07-04,CUST-0122,Business Client 0122,Retailer,Surat,West,Gifts,Festive Gifts,Referral,Kabir,Won,28,1703.07,0.15,47686.09,40533.17,28320.66,12212.51,2026-07,Q3,2026,LEAD-00952,Converted,31,Existing
ORD-00953,2025-05-14,CUST-0229,Business Client 0229,Manufacturer,Delhi,North,Home Decor,Vases,Referral,Ishita,Won,68,1482.36,0.1,100800.54,90720.48,54120.29,36600.19,2025-05,Q2,2025,LEAD-00953,Converted,39,New
ORD-00954,2025-01-23,CUST-0182,Business Client 0182,Retailer,Ahmedabad,West,Home Textiles,Bedsheets,Website,Arjun,Won,94,1641.73,0.0,154322.42,154322.42,120243.59,34078.83,2025-01,Q1,2025,LEAD-00954,Converted,20,New
ORD-00955,2025-12-12,CUST-0357,Business Client 0357,Interior Designer,Kochi,South,Home Decor,Decorative Lamps,Website,Kabir,Won,35,3228.12,0.15,112984.13,96036.51,64513.29,31523.22,2025-12,Q4,2025,LEAD-00955,Converted,39,Existing
ORD-00956,2025-10-29,CUST-0381,Business Client 0381,Retailer,Nagpur,Central,Gifts,Festive Gifts,Trade Show,Arjun,Won,69,1086.04,0.0,74936.73,74936.73,54558.5,20378.23,2025-10,Q4,2025,LEAD-00956,Converted,25,Existing
ORD-00957,2025-12-29,CUST-0060,Business Client 0060,Retailer,Gurugram,North,Home Decor,Wall Decor,Trade Show,Ishita,Pending,89,4680.8,0.1,416591.0,374931.9,221178.7,153753.2,2025-12,Q4,2025,LEAD-00957,Open,22,Existing
ORD-00958,2026-01-31,CUST-0229,Business Client 0229,Retailer,Kochi,South,Home Decor,Decorative Lamps,Referral,Aarav,Won,64,1299.2,0.0,83148.97,83148.97,54965.22,28183.75,2026-01,Q1,2026,LEAD-00958,Converted,32,Existing
ORD-00959,2025-08-06,CUST-0018,Business Client 0018,Importer,Mumbai,West,Home Textiles,Bedsheets,Field Visit,Anaya,Won,23,2350.19,0.15,54054.37,45946.21,33555.26,12390.95,2025-08,Q3,2025,LEAD-00959,Converted,25,New
ORD-00960,2025-05-21,CUST-0194,Business Client 0194,Importer,Delhi,North,Home Textiles,Towels,Sales Call,Meera,Pending,11,1584.77,0.0,17432.48,17432.48,10916.75,6515.73,2025-05,Q2,2025,LEAD-00960,Open,55,New
ORD-00961,2026-09-08,CUST-0092,Business Client 0092,Distributor,Pune,West,Home Textiles,Towels,Field Visit,Ishita,Won,26,2682.31,0.1,69739.99,62765.99,43714.78,19051.21,2026-09,Q3,2026,LEAD-00961,Converted,39,Existing
ORD-00962,2025-07-29,CUST-0135,Business Client 0135,Distributor,Hyderabad,South,Home Decor,Vases,Trade Show,Ishita,Won,68,1737.2,0.05,118129.88,112223.39,72475.27,39748.12,2025-07,Q3,2025,LEAD-00962,Converted,32,New
ORD-00963,2026-09-15,CUST-0044,Business Client 0044,Importer,Bhubaneswar,East,Home Textiles,Curtains,Email Campaign,Ishita,Won,63,2200.0,0.15,138600.15,117810.13,74385.46,43424.67,2026-09,Q3,2026,LEAD-00963,Converted,45,Existing
ORD-00964,2026-09-08,CUST-0262,Business Client 0262,Importer,Bhubaneswar,East,Houseware,Storage,Email Campaign,Aarav,Lost,99,1518.28,0.15,150309.85,127763.38,93811.88,33951.5,2026-09,Q3,2026,LEAD-00964,Lost,10,Existing
ORD-00965,2026-04-05,CUST-0117,Business Client 0117,Institutional Buyer,Bhubaneswar,East,Gifts,Corporate Gifts,Website,Ishita,Won,12,654.06,0.0,7848.69,7848.69,5557.28,2291.41,2026-04,Q2,2026,LEAD-00965,Converted,17,Existing
ORD-00966,2025-12-22,CUST-0321,Business Client 0321,Distributor,Surat,West,Home Decor,Vases,Field Visit,Rohan,Won,61,6967.47,0.15,425015.84,361263.47,277159.46,84104.01,2025-12,Q4,2025,LEAD-00966,Converted,21,New
ORD-00967,2025-11-20,CUST-0098,Business Client 0098,Importer,Lucknow,North,Clothing & Fashion,Lifestyle,Field Visit,Meera,Won,21,2812.85,0.1,59069.84,53162.85,34990.02,18172.83,2025-11,Q4,2025,LEAD-00967,Converted,41,Existing
ORD-00968,2025-05-13,CUST-0190,Business Client 0190,Interior Designer,Kochi,South,Home Textiles,Cushion Covers,Website,Aarav,Won,76,3194.66,0.05,242794.42,230654.7,148793.78,81860.92,2025-05,Q2,2025,LEAD-00968,Converted,40,New
ORD-00969,2025-05-07,CUST-0145,Business Client 0145,Retailer,Bengaluru,South,Home Textiles,Bedsheets,Field Visit,Anaya,Won,91,2223.61,0.05,202348.8,192231.36,120919.41,71311.95,2025-05,Q2,2025,LEAD-00969,Converted,37,New
ORD-00970,2025-04-16,CUST-0296,Business Client 0296,Importer,Delhi,North,Gifts,Gift Sets,Field Visit,Rohan,Pending,25,1479.13,0.1,36978.2,33280.38,21772.77,11507.61,2025-04,Q2,2025,LEAD-00970,Open,34,New
ORD-00971,2026-08-27,CUST-0356,Business Client 0356,Manufacturer,Delhi,North,Home Textiles,Towels,Trade Show,Ishita,Pending,94,1407.03,0.0,132260.94,132260.94,82071.06,50189.88,2026-08,Q3,2026,LEAD-00971,Open,15,Existing
ORD-00972,2026-01-13,CUST-0075,Business Client 0075,Institutional Buyer,Ahmedabad,West,Home Decor,Decorative Lamps,Trade Show,Anaya,Won,84,4240.65,0.0,356214.26,356214.26,255245.51,100968.75,2026-01,Q1,2026,LEAD-00972,Converted,6,Existing
ORD-00973,2025-02-20,CUST-0189,Business Client 0189,Importer,Chennai,South,Gifts,Festive Gifts,Trade Show,Meera,Won,60,2066.15,0.0,123969.27,123969.27,79402.41,44566.86,2025-02,Q1,2025,LEAD-00973,Converted,25,New
ORD-00974,2025-01-29,CUST-0062,Business Client 0062,Manufacturer,Jaipur,North,Home Textiles,Curtains,Field Visit,Kabir,Won,18,1608.82,0.05,28958.69,27510.76,20400.12,7110.64,2025-01,Q1,2025,LEAD-00974,Converted,26,New
ORD-00975,2026-04-07,CUST-0328,Business Client 0328,Manufacturer,Kolkata,East,Gifts,Corporate Gifts,Field Visit,Rohan,Won,85,1630.36,0.05,138580.49,131651.47,82969.71,48681.76,2026-04,Q2,2026,LEAD-00975,Converted,7,Existing
ORD-00976,2025-10-23,CUST-0274,Business Client 0274,Retailer,Surat,West,Houseware,Storage,Email Campaign,Ishita,Won,38,2127.19,0.0,80833.19,80833.19,61240.52,19592.67,2025-10,Q4,2025,LEAD-00976,Converted,16,Existing
ORD-00977,2025-10-24,CUST-0056,Business Client 0056,Distributor,Bhubaneswar,East,Home Decor,Wall Decor,Referral,Aarav,Won,48,6506.86,0.1,312329.48,281096.54,186077.25,95019.29,2025-10,Q4,2025,LEAD-00977,Converted,35,Existing
ORD-00978,2026-02-11,CUST-0141,Business Client 0141,Retailer,Lucknow,North,Houseware,Tableware,Trade Show,Ishita,Lost,94,1840.74,0.05,173029.49,164378.02,125789.54,38588.48,2026-02,Q1,2026,LEAD-00978,Lost,43,New
ORD-00979,2026-09-05,CUST-0077,Business Client 0077,Retailer,Nagpur,Central,Houseware,Storage,Field Visit,Diya,Lost,78,2940.69,0.1,229374.0,206436.6,158398.11,48038.49,2026-09,Q3,2026,LEAD-00979,Lost,13,Existing
ORD-00980,2026-02-09,CUST-0279,Business Client 0279,Importer,Ahmedabad,West,Clothing & Fashion,Apparel,Trade Show,Ishita,Won,80,2550.21,0.05,204016.91,193816.07,136817.37,56998.7,2026-02,Q1,2026,LEAD-00980,Converted,43,Existing
ORD-00981,2025-12-12,CUST-0263,Business Client 0263,Importer,Hyderabad,South,Houseware,Kitchenware,Trade Show,Rohan,Won,91,1965.63,0.0,178872.61,178872.61,105101.76,73770.85,2025-12,Q4,2025,LEAD-00981,Converted,13,Existing
ORD-00982,2026-09-14,CUST-0348,Business Client 0348,Manufacturer,Nagpur,Central,Houseware,Utility,Trade Show,Aarav,Won,91,1496.87,0.0,136215.37,136215.37,93228.39,42986.98,2026-09,Q3,2026,LEAD-00982,Converted,16,Existing
ORD-00983,2026-02-24,CUST-0075,Business Client 0075,Importer,Kochi,South,Gifts,Corporate Gifts,Website,Arjun,Won,60,2345.87,0.1,140751.95,126676.75,80284.76,46391.99,2026-02,Q1,2026,LEAD-00983,Converted,20,Existing
ORD-00984,2025-07-01,CUST-0048,Business Client 0048,Importer,Chennai,South,Gifts,Gift Sets,Trade Show,Kabir,Won,56,2256.53,0.0,126365.76,126365.76,88296.71,38069.05,2025-07,Q3,2025,LEAD-00984,Converted,41,Existing
ORD-00985,2025-01-01,CUST-0349,Business Client 0349,Importer,Bengaluru,South,Gifts,Gift Sets,Field Visit,Diya,Won,9,2145.3,0.1,19307.72,17376.95,10506.92,6870.03,2025-01,Q1,2025,LEAD-00985,Converted,5,New
ORD-00986,2026-07-21,CUST-0020,Business Client 0020,Manufacturer,Pune,West,Home Textiles,Cushion Covers,Email Campaign,Arjun,Won,64,566.42,0.0,36250.87,36250.87,26987.98,9262.89,2026-07,Q3,2026,LEAD-00986,Converted,20,Existing
ORD-00987,2026-01-06,CUST-0265,Business Client 0265,Distributor,Chennai,South,Houseware,Utility,Website,Ishita,Won,8,2702.23,0.2,21617.82,17294.25,13214.66,4079.59,2026-01,Q1,2026,LEAD-00987,Converted,29,Existing
ORD-00988,2026-03-07,CUST-0311,Business Client 0311,Institutional Buyer,Kolkata,East,Home Textiles,Cushion Covers,Trade Show,Anaya,Won,78,1688.37,0.05,131692.54,125107.91,77318.83,47789.08,2026-03,Q1,2026,LEAD-00988,Converted,41,Existing
ORD-00989,2025-11-05,CUST-0212,Business Client 0212,Distributor,Nagpur,Central,Gifts,Corporate Gifts,Trade Show,Rohan,Won,88,983.13,0.0,86515.42,86515.42,61768.01,24747.41,2025-11,Q4,2025,LEAD-00989,Converted,40,Existing
ORD-00990,2025-05-17,CUST-0153,Business Client 0153,Distributor,Bengaluru,South,Home Decor,Vases,Sales Call,Diya,Won,91,2447.21,0.05,222695.79,211561.0,128081.28,83479.72,2025-05,Q2,2025,LEAD-00990,Converted,8,Existing
ORD-00991,2025-07-21,CUST-0020,Business Client 0020,Retailer,Bhubaneswar,East,Home Decor,Decorative Lamps,Field Visit,Anaya,Won,25,3007.86,0.2,75196.41,60157.13,43611.89,16545.24,2025-07,Q3,2025,LEAD-00991,Converted,28,New
ORD-00992,2026-03-12,CUST-0078,Business Client 0078,Manufacturer,Mumbai,West,Home Textiles,Curtains,Email Campaign,Diya,Won,98,949.93,0.15,93093.25,79129.26,59122.02,20007.24,2026-03,Q1,2026,LEAD-00992,Converted,12,Existing
ORD-00993,2025-11-09,CUST-0392,Business Client 0392,Institutional Buyer,Kochi,South,Houseware,Utility,Trade Show,Anaya,Won,73,2113.04,0.15,154251.99,131114.19,95860.51,35253.68,2025-11,Q4,2025,LEAD-00993,Converted,31,Existing
ORD-00994,2025-04-27,CUST-0203,Business Client 0203,Manufacturer,Bhubaneswar,East,Home Textiles,Curtains,Field Visit,Rohan,Won,29,2723.32,0.15,78976.31,67129.87,45013.6,22116.27,2025-04,Q2,2025,LEAD-00994,Converted,25,New
ORD-00995,2026-07-29,CUST-0278,Business Client 0278,Distributor,Lucknow,North,Houseware,Kitchenware,Email Campaign,Rohan,Won,50,1828.33,0.05,91416.42,86845.6,53039.67,33805.93,2026-07,Q3,2026,LEAD-00995,Converted,32,Existing
ORD-00996,2025-09-01,CUST-0228,Business Client 0228,Distributor,Nagpur,Central,Houseware,Utility,Referral,Anaya,Won,95,848.53,0.2,80610.55,64488.44,43446.47,21041.97,2025-09,Q3,2025,LEAD-00996,Converted,38,New
ORD-00997,2026-06-21,CUST-0288,Business Client 0288,Manufacturer,Mumbai,West,Houseware,Kitchenware,Trade Show,Diya,Won,60,2387.47,0.05,143248.47,136086.04,96740.66,39345.38,2026-06,Q2,2026,LEAD-00997,Converted,23,New
ORD-00998,2026-08-25,CUST-0387,Business Client 0387,Interior Designer,Hyderabad,South,Clothing & Fashion,Apparel,Trade Show,Ishita,Pending,12,1861.37,0.1,22336.43,20102.79,11695.45,8407.34,2026-08,Q3,2026,LEAD-00998,Open,44,Existing
ORD-00999,2025-03-16,CUST-0067,Business Client 0067,Distributor,Ahmedabad,West,Houseware,Tableware,Sales Call,Arjun,Won,10,526.77,0.1,5267.72,4740.94,2882.53,1858.41,2025-03,Q1,2025,LEAD-00999,Converted,42,Existing
ORD-01000,2026-01-21,CUST-0284,Business Client 0284,Retailer,Nagpur,Central,Home Textiles,Curtains,Trade Show,Arjun,Won,89,1079.04,0.05,96034.24,91232.53,59768.01,31464.52,2026-01,Q1,2026,LEAD-01000,Converted,35,New
ORD-01001,2025-07-29,CUST-0340,Business Client 0340,Importer,Delhi,North,Houseware,Utility,Trade Show,Ishita,Won,38,1360.95,0.05,51716.1,49130.29,29666.41,19463.88,2025-07,Q3,2025,LEAD-01001,Converted,42,Existing
ORD-01002,2026-04-20,CUST-0133,Business Client 0133,Retailer,Pune,West,Houseware,Utility,Sales Call,Anaya,Won,60,2069.38,0.2,124162.82,99330.26,76596.91,22733.35,2026-04,Q2,2026,LEAD-01002,Converted,13,Existing
ORD-01003,2026-02-22,CUST-0209,Business Client 0209,Interior Designer,Jaipur,North,Home Textiles,Towels,Email Campaign,Kabir,Won,27,3098.57,0.0,83661.3,83661.3,61330.97,22330.33,2026-02,Q1,2026,LEAD-01003,Converted,43,Existing
ORD-01004,2025-12-13,CUST-0369,Business Client 0369,Interior Designer,Kochi,South,Home Textiles,Curtains,Email Campaign,Meera,Lost,78,671.54,0.1,52380.04,47142.04,29145.97,17996.07,2025-12,Q4,2025,LEAD-01004,Lost,27,Existing
ORD-01005,2026-06-13,CUST-0014,Business Client 0014,Institutional Buyer,Pune,West,Clothing & Fashion,Lifestyle,Website,Kabir,Won,12,3479.96,0.05,41759.48,39671.51,25522.99,14148.52,2026-06,Q2,2026,LEAD-01005,Converted,40,Existing
ORD-01006,2025-06-28,CUST-0253,Business Client 0253,Retailer,Pune,West,Houseware,Utility,Field Visit,Diya,Won,12,2356.54,0.1,28278.48,25450.63,19092.07,6358.56,2025-06,Q2,2025,LEAD-01006,Converted,18,Existing
ORD-01007,2025-07-01,CUST-0205,Business Client 0205,Distributor,Ahmedabad,West,Home Decor,Rugs,Email Campaign,Kabir,Won,57,3537.42,0.05,201632.71,191551.07,117189.61,74361.46,2025-07,Q3,2025,LEAD-01007,Converted,12,Existing
ORD-01008,2025-01-25,CUST-0224,Business Client 0224,Institutional Buyer,Surat,West,Clothing & Fashion,Apparel,Trade Show,Anaya,Won,60,1720.49,0.15,103229.47,87745.05,60765.23,26979.82,2025-01,Q1,2025,LEAD-01008,Converted,35,New
ORD-01009,2025-06-29,CUST-0278,Business Client 0278,Distributor,Bengaluru,South,Home Textiles,Towels,Website,Arjun,Won,84,1771.07,0.0,148769.93,148769.93,94734.23,54035.7,2025-06,Q2,2025,LEAD-01009,Converted,26,Existing
ORD-01010,2026-05-16,CUST-0341,Business Client 0341,Institutional Buyer,Kolkata,East,Gifts,Festive Gifts,Field Visit,Kabir,Won,76,681.94,0.05,51827.81,49236.42,36391.26,12845.16,2026-05,Q2,2026,LEAD-01010,Converted,14,Existing
ORD-01011,2025-06-10,CUST-0062,Business Client 0062,Interior Designer,Ahmedabad,West,Houseware,Utility,Email Campaign,Aarav,Lost,30,2623.9,0.05,78716.86,74781.02,56322.69,18458.33,2025-06,Q2,2025,LEAD-01011,Lost,52,Existing
ORD-01012,2025-06-26,CUST-0008,Business Client 0008,Retailer,Guwahati,East,Clothing & Fashion,Fashion Accessories,Trade Show,Diya,Won,90,2990.5,0.05,269145.16,255687.9,199344.4,56343.5,2025-06,Q2,2025,LEAD-01012,Converted,21,New
ORD-01013,2025-10-12,CUST-0107,Business Client 0107,Institutional Buyer,Ahmedabad,West,Home Decor,Wall Decor,Field Visit,Arjun,Pending,55,3736.51,0.15,205508.09,174681.87,110427.98,64253.89,2025-10,Q4,2025,LEAD-01013,Open,51,Existing
ORD-01014,2025-03-04,CUST-0084,Business Client 0084,Distributor,Surat,West,Home Textiles,Curtains,Website,Rohan,Won,50,3270.81,0.1,163540.4,147186.36,109867.64,37318.72,2025-03,Q1,2025,LEAD-01014,Converted,45,Existing
ORD-01015,2025-06-05,CUST-0273,Business Client 0273,Importer,Chennai,South,Clothing & Fashion,Apparel,Trade Show,Meera,Won,32,4625.07,0.0,148002.11,148002.11,108953.46,39048.65,2025-06,Q2,2025,LEAD-01015,Converted,8,Existing
ORD-01016,2026-04-14,CUST-0329,Business Client 0329,Retailer,Pune,West,Houseware,Tableware,Website,Anaya,Won,97,1748.36,0.15,169591.12,144152.45,104260.6,39891.85,2026-04,Q2,2026,LEAD-01016,Converted,25,Existing
ORD-01017,2025-02-18,CUST-0240,Business Client 0240,Manufacturer,Mumbai,West,Houseware,Storage,Sales Call,Diya,Won,40,1988.84,0.05,79553.66,75575.98,47285.17,28290.81,2025-02,Q1,2025,LEAD-01017,Converted,35,New
ORD-01018,2025-03-25,CUST-0007,Business Client 0007,Importer,Chennai,South,Clothing & Fashion,Fashion Accessories,Email Campaign,Aarav,Won,66,1549.16,0.15,102244.75,86908.04,60594.2,26313.84,2025-03,Q1,2025,LEAD-01018,Converted,5,Existing
ORD-01019,2025-12-27,CUST-0006,Business Client 0006,Interior Designer,Surat,West,Home Decor,Vases,Trade Show,Ishita,Won,11,2918.55,0.0,32104.1,32104.1,24481.69,7622.41,2025-12,Q4,2025,LEAD-01019,Converted,24,Existing
ORD-01020,2025-05-28,CUST-0200,Business Client 0200,Retailer,Pune,West,Gifts,Festive Gifts,Email Campaign,Diya,Won,59,257.6,0.15,15198.54,12918.76,8513.57,4405.19,2025-05,Q2,2025,LEAD-01020,Converted,31,Existing
ORD-01021,2026-09-22,CUST-0292,Business Client 0292,Retailer,Ahmedabad,West,Houseware,Tableware,Email Campaign,Aarav,Won,48,1736.33,0.1,83343.66,75009.29,51503.48,23505.81,2026-09,Q3,2026,LEAD-01021,Converted,27,Existing
ORD-01022,2025-12-08,CUST-0185,Business Client 0185,Institutional Buyer,Guwahati,East,Home Textiles,Cushion Covers,Website,Aarav,Won,73,512.08,0.05,37381.54,35512.46,20885.02,14627.44,2025-12,Q4,2025,LEAD-01022,Converted,27,Existing
ORD-01023,2026-04-21,CUST-0176,Business Client 0176,Institutional Buyer,Chennai,South,Home Decor,Decorative Lamps,Trade Show,Rohan,Pending,32,5221.62,0.1,167091.79,150382.61,88201.76,62180.85,2026-04,Q2,2026,LEAD-01023,Open,19,Existing
ORD-01024,2025-03-04,CUST-0174,Business Client 0174,Importer,Delhi,North,Home Textiles,Cushion Covers,Trade Show,Diya,Won,17,1199.0,0.0,20383.02,20383.02,13856.33,6526.69,2025-03,Q1,2025,LEAD-01024,Converted,40,New
ORD-01025,2025-12-26,CUST-0055,Business Client 0055,Distributor,Jaipur,North,Clothing & Fashion,Apparel,Field Visit,Arjun,Won,42,1883.18,0.1,79093.44,71184.1,52006.37,19177.73,2025-12,Q4,2025,LEAD-01025,Converted,30,Existing
ORD-01026,2026-07-15,CUST-0398,Business Client 0398,Importer,Surat,West,Home Decor,Decorative Lamps,Website,Aarav,Won,54,1369.37,0.1,73945.79,66551.21,50739.44,15811.77,2026-07,Q3,2026,LEAD-01026,Converted,27,Existing
ORD-01027,2025-11-23,CUST-0084,Business Client 0084,Retailer,Mumbai,West,Clothing & Fashion,Lifestyle,Field Visit,Rohan,Won,20,4380.37,0.0,87607.47,87607.47,59823.14,27784.33,2025-11,Q4,2025,LEAD-01027,Converted,9,Existing
ORD-01028,2025-05-21,CUST-0328,Business Client 0328,Distributor,Nagpur,Central,Home Textiles,Curtains,Website,Aarav,Won,70,1104.32,0.15,77302.43,65707.06,41149.24,24557.82,2025-05,Q2,2025,LEAD-01028,Converted,29,New
ORD-01029,2025-08-03,CUST-0180,Business Client 0180,Manufacturer,Guwahati,East,Houseware,Utility,Referral,Rohan,Won,48,2024.02,0.1,97152.85,87437.56,65341.14,22096.42,2025-08,Q3,2025,LEAD-01029,Converted,18,New
ORD-01030,2026-03-11,CUST-0182,Business Client 0182,Retailer,Chennai,South,Home Textiles,Cushion Covers,Email Campaign,Diya,Won,56,1529.75,0.05,85665.76,81382.48,48739.41,32643.07,2026-03,Q1,2026,LEAD-01030,Converted,32,Existing
ORD-01031,2025-11-14,CUST-0255,Business Client 0255,Importer,Lucknow,North,Gifts,Corporate Gifts,Email Campaign,Rohan,Pending,7,1166.73,0.15,8167.11,6942.04,4592.3,2349.74,2025-11,Q4,2025,LEAD-01031,Open,41,New
ORD-01032,2025-02-01,CUST-0088,Business Client 0088,Interior Designer,Delhi,North,Home Decor,Rugs,Sales Call,Aarav,Won,50,3061.38,0.15,153069.1,130108.73,98024.74,32083.99,2025-02,Q1,2025,LEAD-01032,Converted,13,New
ORD-01033,2025-10-12,CUST-0145,Business Client 0145,Retailer,Jaipur,North,Clothing & Fashion,Apparel,Sales Call,Meera,Won,78,4953.75,0.05,386392.73,367073.1,275164.94,91908.16,2025-10,Q4,2025,LEAD-01033,Converted,31,Existing
ORD-01034,2025-11-01,CUST-0120,Business Client 0120,Retailer,Delhi,North,Gifts,Festive Gifts,Field Visit,Ishita,Lost,75,842.9,0.05,63217.56,60056.68,42687.61,17369.07,2025-11,Q4,2025,LEAD-01034,Lost,54,Existing
ORD-01035,2026-03-05,CUST-0202,Business Client 0202,Distributor,Chennai,South,Home Decor,Wall Decor,Email Campaign,Aarav,Won,5,4790.53,0.05,23952.65,22755.02,14594.33,8160.69,2026-03,Q1,2026,LEAD-01035,Converted,24,New
ORD-01036,2026-04-22,CUST-0347,Business Client 0347,Importer,Kochi,South,Gifts,Corporate Gifts,Referral,Ishita,Lost,81,730.85,0.0,59199.19,59199.19,40432.84,18766.35,2026-04,Q2,2026,LEAD-01036,Lost,13,Existing
ORD-01037,2025-10-13,CUST-0161,Business Client 0161,Distributor,Kolkata,East,Gifts,Festive Gifts,Field Visit,Rohan,Won,38,361.63,0.05,13741.89,13054.79,9950.54,3104.25,2025-10,Q4,2025,LEAD-01037,Converted,7,Existing
ORD-01038,2025-05-24,CUST-0235,Business Client 0235,Interior Designer,Chennai,South,Houseware,Storage,Email Campaign,Meera,Won,21,476.75,0.1,10011.83,9010.65,5992.83,3017.82,2025-05,Q2,2025,LEAD-01038,Converted,7,New
ORD-01039,2026-02-28,CUST-0057,Business Client 0057,Retailer,Bengaluru,South,Clothing & Fashion,Lifestyle,Website,Diya,Pending,84,3586.43,0.1,301259.79,271133.81,187225.19,83908.62,2026-02,Q1,2026,LEAD-01039,Open,7,Existing
ORD-01040,2025-01-19,CUST-0148,Business Client 0148,Interior Designer,Gurugram,North,Home Decor,Decorative Lamps,Email Campaign,Rohan,Won,75,3498.81,0.1,262410.47,236169.42,158858.4,77311.02,2025-01,Q1,2025,LEAD-01040,Converted,29,New
ORD-01041,2025-01-18,CUST-0001,Business Client 0001,Interior Designer,Hyderabad,South,Home Decor,Rugs,Trade Show,Arjun,Won,61,3818.92,0.1,232954.33,209658.9,128544.54,81114.36,2025-01,Q1,2025,LEAD-01041,Converted,43,Existing
ORD-01042,2026-08-13,CUST-0264,Business Client 0264,Manufacturer,Jaipur,North,Home Decor,Vases,Trade Show,Arjun,Won,53,5817.32,0.0,308318.18,308318.18,193441.39,114876.79,2026-08,Q3,2026,LEAD-01042,Converted,19,Existing
ORD-01043,2026-01-06,CUST-0159,Business Client 0159,Retailer,Guwahati,East,Home Textiles,Curtains,Website,Ishita,Pending,97,1582.11,0.05,153464.63,145791.4,110031.52,35759.88,2026-01,Q1,2026,LEAD-01043,Open,46,Existing
ORD-01044,2025-06-24,CUST-0373,Business Client 0373,Distributor,Nagpur,Central,Home Textiles,Curtains,Field Visit,Anaya,Won,13,1093.3,0.1,14212.94,12791.64,9759.55,3032.09,2025-06,Q2,2025,LEAD-01044,Converted,31,Existing
ORD-01045,2025-07-13,CUST-0070,Business Client 0070,Retailer,Nagpur,Central,Home Textiles,Towels,Referral,Diya,Won,52,2292.09,0.15,119188.8,101310.48,64215.3,37095.18,2025-07,Q3,2025,LEAD-01045,Converted,19,New
ORD-01046,2026-05-17,CUST-0019,Business Client 0019,Institutional Buyer,Hyderabad,South,Houseware,Utility,Sales Call,Ishita,Won,25,1404.51,0.05,35112.63,33357.0,22139.74,11217.26,2026-05,Q2,2026,LEAD-01046,Converted,41,Existing
ORD-01047,2025-04-23,CUST-0094,Business Client 0094,Retailer,Ahmedabad,West,Home Decor,Vases,Field Visit,Ishita,Won,50,3986.31,0.2,199315.57,159452.46,114350.59,45101.87,2025-04,Q2,2025,LEAD-01047,Converted,4,Existing
ORD-01048,2025-04-24,CUST-0185,Business Client 0185,Distributor,Ahmedabad,West,Gifts,Corporate Gifts,Field Visit,Diya,Won,88,1957.95,0.2,172300.01,137840.01,90317.33,47522.68,2025-04,Q2,2025,LEAD-01048,Converted,22,New
ORD-01049,2025-08-10,CUST-0227,Business Client 0227,Manufacturer,Guwahati,East,Houseware,Kitchenware,Website,Diya,Won,66,2203.26,0.0,145415.48,145415.48,108678.44,36737.04,2025-08,Q3,2025,LEAD-01049,Converted,20,Existing
ORD-01050,2025-09-21,CUST-0170,Business Client 0170,Importer,Guwahati,East,Home Textiles,Bedsheets,Sales Call,Anaya,Won,23,3228.43,0.0,74253.92,74253.92,44656.47,29597.45,2025-09,Q3,2025,LEAD-01050,Converted,31,Existing
ORD-01051,2025-02-24,CUST-0201,Business Client 0201,Interior Designer,Mumbai,West,Home Textiles,Curtains,Email Campaign,Kabir,Won,9,2152.3,0.15,19370.67,16465.07,12775.88,3689.19,2025-02,Q1,2025,LEAD-01051,Converted,15,New
ORD-01052,2026-04-03,CUST-0087,Business Client 0087,Retailer,Chennai,South,Home Textiles,Towels,Field Visit,Anaya,Won,14,2698.53,0.05,37779.49,35890.51,22654.86,13235.65,2026-04,Q2,2026,LEAD-01052,Converted,9,Existing
ORD-01053,2025-06-11,CUST-0062,Business Client 0062,Interior Designer,Pune,West,Home Decor,Vases,Sales Call,Kabir,Won,12,6258.16,0.05,75097.91,71343.01,49493.9,21849.11,2025-06,Q2,2025,LEAD-01053,Converted,10,Existing
ORD-01054,2026-01-15,CUST-0054,Business Client 0054,Retailer,Pune,West,Home Textiles,Towels,Referral,Anaya,Pending,95,2248.61,0.1,213618.4,192256.56,138848.56,53408.0,2026-01,Q1,2026,LEAD-01054,Open,31,Existing
ORD-01055,2025-03-28,CUST-0237,Business Client 0237,Retailer,Mumbai,West,Home Textiles,Towels,Website,Meera,Won,64,2223.93,0.05,142331.28,135214.71,80397.58,54817.13,2025-03,Q1,2025,LEAD-01055,Converted,6,Existing
ORD-01056,2025-02-24,CUST-0125,Business Client 0125,Retailer,Chennai,South,Home Decor,Wall Decor,Referral,Arjun,Won,95,3796.07,0.05,360627.04,342595.69,240107.57,102488.12,2025-02,Q1,2025,LEAD-01056,Converted,24,New
ORD-01057,2026-04-21,CUST-0024,Business Client 0024,Retailer,Bengaluru,South,Houseware,Storage,Website,Rohan,Won,81,726.46,0.05,58842.87,55900.73,41935.68,13965.05,2026-04,Q2,2026,LEAD-01057,Converted,11,Existing
ORD-01058,2025-06-27,CUST-0198,Business Client 0198,Retailer,Kochi,South,Home Decor,Wall Decor,Field Visit,Ishita,Won,52,1930.34,0.0,100377.82,100377.82,76432.5,23945.32,2025-06,Q2,2025,LEAD-01058,Converted,31,Existing
ORD-01059,2026-01-26,CUST-0157,Business Client 0157,Institutional Buyer,Bhubaneswar,East,Houseware,Tableware,Website,Ishita,Won,56,903.1,0.05,50573.76,48045.07,29600.41,18444.66,2026-01,Q1,2026,LEAD-01059,Converted,33,Existing
ORD-01060,2025-12-15,CUST-0376,Business Client 0376,Importer,Mumbai,West,Home Decor,Decorative Lamps,Email Campaign,Anaya,Pending,87,6097.42,0.1,530475.74,477428.17,361968.08,115460.09,2025-12,Q4,2025,LEAD-01060,Open,54,Existing
ORD-01061,2025-01-08,CUST-0373,Business Client 0373,Retailer,Bengaluru,South,Home Textiles,Curtains,Website,Meera,Won,62,928.48,0.2,57566.06,46052.85,30963.85,15089.0,2025-01,Q1,2025,LEAD-01061,Converted,14,New
ORD-01062,2025-11-09,CUST-0365,Business Client 0365,Importer,Surat,West,Home Textiles,Curtains,Trade Show,Anaya,Won,65,2357.48,0.1,153236.2,137912.58,88155.47,49757.11,2025-11,Q4,2025,LEAD-01062,Converted,23,Existing
ORD-01063,2026-03-19,CUST-0371,Business Client 0371,Interior Designer,Bengaluru,South,Clothing & Fashion,Lifestyle,Trade Show,Meera,Won,8,2169.16,0.0,17353.24,17353.24,10940.24,6413.0,2026-03,Q1,2026,LEAD-01063,Converted,19,Existing
ORD-01064,2025-11-24,CUST-0121,Business Client 0121,Distributor,Nagpur,Central,Houseware,Kitchenware,Trade Show,Kabir,Won,42,2826.46,0.0,118711.31,118711.31,72164.62,46546.69,2025-11,Q4,2025,LEAD-01064,Converted,28,Existing
ORD-01065,2025-02-23,CUST-0258,Business Client 0258,Distributor,Pune,West,Home Textiles,Cushion Covers,Email Campaign,Kabir,Won,94,2649.89,0.15,249090.11,211726.59,134011.48,77715.11,2025-02,Q1,2025,LEAD-01065,Converted,12,New
ORD-01066,2025-08-27,CUST-0177,Business Client 0177,Distributor,Nagpur,Central,Houseware,Storage,Website,Rohan,Won,27,1171.65,0.15,31634.48,26889.31,17493.77,9395.54,2025-08,Q3,2025,LEAD-01066,Converted,42,Existing
ORD-01067,2025-08-17,CUST-0003,Business Client 0003,Importer,Mumbai,West,Gifts,Festive Gifts,Trade Show,Aarav,Won,65,2420.85,0.2,157355.38,125884.31,73204.03,52680.28,2025-08,Q3,2025,LEAD-01067,Converted,43,Existing
ORD-01068,2026-08-02,CUST-0350,Business Client 0350,Interior Designer,Ahmedabad,West,Clothing & Fashion,Lifestyle,Trade Show,Aarav,Won,35,864.88,0.15,30270.78,25730.17,16593.41,9136.76,2026-08,Q3,2026,LEAD-01068,Converted,43,Existing
ORD-01069,2025-02-20,CUST-0312,Business Client 0312,Importer,Ahmedabad,West,Home Decor,Decorative Lamps,Email Campaign,Ishita,Won,29,5710.52,0.1,165605.05,149044.55,89738.03,59306.52,2025-02,Q1,2025,LEAD-01069,Converted,6,New
ORD-01070,2026-09-01,CUST-0356,Business Client 0356,Manufacturer,Bengaluru,South,Houseware,Storage,Referral,Arjun,Won,9,482.33,0.15,4340.93,3689.79,2747.01,942.78,2026-09,Q3,2026,LEAD-01070,Converted,19,Existing
ORD-01071,2026-08-27,CUST-0398,Business Client 0398,Retailer,Pune,West,Houseware,Utility,Trade Show,Diya,Won,72,2026.21,0.1,145887.46,131298.71,96227.06,35071.65,2026-08,Q3,2026,LEAD-01071,Converted,15,Existing
ORD-01072,2025-09-21,CUST-0061,Business Client 0061,Manufacturer,Gurugram,North,Home Decor,Decorative Lamps,Referral,Aarav,Won,64,3493.92,0.0,223610.67,223610.67,142285.04,81325.63,2025-09,Q3,2025,LEAD-01072,Converted,18,Existing
ORD-01073,2026-02-22,CUST-0363,Business Client 0363,Retailer,Bengaluru,South,Houseware,Storage,Trade Show,Rohan,Won,32,1975.92,0.1,63229.42,56906.48,40314.07,16592.41,2026-02,Q1,2026,LEAD-01073,Converted,7,Existing
ORD-01074,2025-04-06,CUST-0184,Business Client 0184,Retailer,Chennai,South,Home Decor,Vases,Website,Ishita,Pending,84,1690.34,0.2,141988.3,113590.64,84460.95,29129.69,2025-04,Q2,2025,LEAD-01074,Open,50,New
ORD-01075,2025-03-29,CUST-0030,Business Client 0030,Interior Designer,Hyderabad,South,Home Decor,Rugs,Email Campaign,Anaya,Won,24,4484.37,0.0,107624.93,107624.93,76708.9,30916.03,2025-03,Q1,2025,LEAD-01075,Converted,30,New
ORD-01076,2025-03-19,CUST-0240,Business Client 0240,Manufacturer,Bhubaneswar,East,Gifts,Festive Gifts,Sales Call,Anaya,Won,39,2238.78,0.05,87312.38,82946.77,53037.44,29909.33,2025-03,Q1,2025,LEAD-01076,Converted,42,Existing
ORD-01077,2025-10-15,CUST-0269,Business Client 0269,Retailer,Kochi,South,Gifts,Festive Gifts,Website,Rohan,Won,72,716.16,0.1,51563.4,46407.06,29613.08,16793.98,2025-10,Q4,2025,LEAD-01077,Converted,40,Existing
ORD-01078,2025-04-30,CUST-0158,Business Client 0158,Manufacturer,Chennai,South,Home Textiles,Towels,Website,Aarav,Won,18,3392.67,0.0,61068.0,61068.0,45797.03,15270.97,2025-04,Q2,2025,LEAD-01078,Converted,16,New
ORD-01079,2026-05-06,CUST-0366,Business Client 0366,Interior Designer,Bengaluru,South,Home Decor,Decorative Lamps,Trade Show,Meera,Won,41,4423.94,0.05,181381.43,172312.36,106759.73,65552.63,2026-05,Q2,2026,LEAD-01079,Converted,40,Existing
ORD-01080,2026-03-28,CUST-0013,Business Client 0013,Importer,Surat,West,Home Decor,Vases,Email Campaign,Aarav,Lost,70,3394.29,0.05,237600.34,225720.32,140741.77,84978.55,2026-03,Q1,2026,LEAD-01080,Lost,40,Existing
ORD-01081,2026-05-15,CUST-0264,Business Client 0264,Institutional Buyer,Kochi,South,Home Textiles,Towels,Field Visit,Diya,Won,16,3068.45,0.1,49095.18,44185.66,28386.92,15798.74,2026-05,Q2,2026,LEAD-01081,Converted,24,Existing
ORD-01082,2025-06-14,CUST-0391,Business Client 0391,Distributor,Guwahati,East,Gifts,Gift Sets,Trade Show,Diya,Pending,100,376.47,0.15,37647.15,32000.08,23542.55,8457.53,2025-06,Q2,2025,LEAD-01082,Open,34,New
ORD-01083,2025-07-01,CUST-0319,Business Client 0319,Interior Designer,Guwahati,East,Home Textiles,Cushion Covers,Trade Show,Arjun,Pending,55,1192.89,0.15,65608.9,55767.56,33570.76,22196.8,2025-07,Q3,2025,LEAD-01083,Open,37,Existing
ORD-01084,2026-04-14,CUST-0003,Business Client 0003,Interior Designer,Surat,West,Home Textiles,Curtains,Referral,Diya,Lost,74,2224.42,0.0,164606.76,164606.76,110994.88,53611.88,2026-04,Q2,2026,LEAD-01084,Lost,30,Existing
ORD-01085,2025-01-07,CUST-0353,Business Client 0353,Manufacturer,Kochi,South,Home Textiles,Towels,Website,Rohan,Lost,77,2165.26,0.1,166724.69,150052.22,105167.45,44884.77,2025-01,Q1,2025,LEAD-01085,Lost,46,New
ORD-01086,2025-11-26,CUST-0345,Business Client 0345,Importer,Delhi,North,Houseware,Storage,Trade Show,Rohan,Lost,49,1411.76,0.0,69176.45,69176.45,53905.64,15270.81,2025-11,Q4,2025,LEAD-01086,Lost,7,Existing
ORD-01087,2025-05-31,CUST-0134,Business Client 0134,Manufacturer,Lucknow,North,Home Decor,Wall Decor,Email Campaign,Diya,Lost,35,1960.07,0.1,68602.53,61742.27,39977.81,21764.46,2025-05,Q2,2025,LEAD-01087,Lost,32,Existing
ORD-01088,2025-03-26,CUST-0258,Business Client 0258,Manufacturer,Lucknow,North,Houseware,Tableware,Referral,Anaya,Won,9,2014.49,0.15,18130.38,15410.82,10367.75,5043.07,2025-03,Q1,2025,LEAD-01088,Converted,28,Existing
ORD-01089,2025-05-27,CUST-0107,Business Client 0107,Manufacturer,Delhi,North,Gifts,Gift Sets,Trade Show,Aarav,Won,38,831.89,0.0,31611.9,31611.9,24078.05,7533.85,2025-05,Q2,2025,LEAD-01089,Converted,36,Existing
ORD-01090,2026-09-16,CUST-0064,Business Client 0064,Manufacturer,Pune,West,Home Decor,Decorative Lamps,Website,Ishita,Won,48,2180.7,0.15,104673.74,88972.68,66933.17,22039.51,2026-09,Q3,2026,LEAD-01090,Converted,20,Existing
ORD-01091,2026-01-16,CUST-0326,Business Client 0326,Manufacturer,Ahmedabad,West,Home Textiles,Curtains,Website,Arjun,Won,54,538.46,0.2,29076.57,23261.26,15229.37,8031.89,2026-01,Q1,2026,LEAD-01091,Converted,36,Existing
ORD-01092,2026-07-02,CUST-0321,Business Client 0321,Manufacturer,Hyderabad,South,Home Textiles,Curtains,Trade Show,Arjun,Won,30,2739.38,0.05,82181.38,78072.31,53760.79,24311.52,2026-07,Q3,2026,LEAD-01092,Converted,28,Existing
ORD-01093,2025-10-12,CUST-0350,Business Client 0350,Importer,Nagpur,Central,Home Decor,Rugs,Email Campaign,Meera,Won,56,883.42,0.15,49471.67,42050.92,28039.38,14011.54,2025-10,Q4,2025,LEAD-01093,Converted,36,New
ORD-01094,2025-03-23,CUST-0310,Business Client 0310,Retailer,Bhubaneswar,East,Home Textiles,Towels,Trade Show,Kabir,Lost,64,1281.46,0.1,82013.62,73812.25,46566.08,27246.17,2025-03,Q1,2025,LEAD-01094,Lost,29,New
ORD-01095,2026-05-29,CUST-0172,Business Client 0172,Manufacturer,Surat,West,Home Textiles,Cushion Covers,Email Campaign,Ishita,Won,30,1646.69,0.05,49400.76,46930.73,28365.99,18564.74,2026-05,Q2,2026,LEAD-01095,Converted,30,New
ORD-01096,2026-06-07,CUST-0182,Business Client 0182,Manufacturer,Delhi,North,Home Decor,Decorative Lamps,Sales Call,Anaya,Won,47,909.06,0.0,42725.7,42725.7,28310.51,14415.19,2026-06,Q2,2026,LEAD-01096,Converted,28,Existing
ORD-01097,2026-01-21,CUST-0145,Business Client 0145,Retailer,Surat,West,Home Textiles,Cushion Covers,Field Visit,Ishita,Won,88,529.65,0.05,46609.19,44278.73,28037.99,16240.74,2026-01,Q1,2026,LEAD-01097,Converted,7,Existing
ORD-01098,2026-04-16,CUST-0210,Business Client 0210,Importer,Bengaluru,South,Home Decor,Wall Decor,Sales Call,Ishita,Won,54,6795.5,0.1,366956.95,330261.26,208579.65,121681.61,2026-04,Q2,2026,LEAD-01098,Converted,12,Existing
ORD-01099,2025-04-29,CUST-0103,Business Client 0103,Retailer,Guwahati,East,Clothing & Fashion,Fashion Accessories,Sales Call,Meera,Won,48,3159.3,0.1,151646.29,136481.66,104795.97,31685.69,2025-04,Q2,2025,LEAD-01099,Converted,18,New
ORD-01100,2026-01-31,CUST-0130,Business Client 0130,Importer,Gurugram,North,Home Textiles,Bedsheets,Website,Arjun,Won,93,1480.54,0.05,137690.23,130805.72,97318.93,33486.79,2026-01,Q1,2026,LEAD-01100,Converted,19,Existing
ORD-01101,2026-06-16,CUST-0231,Business Client 0231,Retailer,Guwahati,East,Home Decor,Wall Decor,Field Visit,Kabir,Won,28,1564.17,0.05,43796.84,41607.0,26902.26,14704.74,2026-06,Q2,2026,LEAD-01101,Converted,19,Existing
ORD-01102,2025-09-18,CUST-0187,Business Client 0187,Distributor,Lucknow,North,Home Decor,Vases,Referral,Arjun,Won,11,2566.8,0.0,28234.84,28234.84,18230.43,10004.41,2025-09,Q3,2025,LEAD-01102,Converted,16,Existing
ORD-01103,2025-09-13,CUST-0393,Business Client 0393,Manufacturer,Chennai,South,Clothing & Fashion,Lifestyle,Website,Anaya,Won,30,1860.12,0.0,55803.67,55803.67,34215.05,21588.62,2025-09,Q3,2025,LEAD-01103,Converted,17,Existing
ORD-01104,2025-08-14,CUST-0148,Business Client 0148,Distributor,Guwahati,East,Houseware,Storage,Website,Kabir,Won,18,1571.58,0.0,28288.5,28288.5,21530.62,6757.88,2025-08,Q3,2025,LEAD-01104,Converted,25,Existing
ORD-01105,2025-02-22,CUST-0013,Business Client 0013,Retailer,Pune,West,Houseware,Storage,Field Visit,Arjun,Won,22,1981.77,0.0,43598.84,43598.84,29180.23,14418.61,2025-02,Q1,2025,LEAD-01105,Converted,24,New
ORD-01106,2026-05-15,CUST-0246,Business Client 0246,Importer,Lucknow,North,Gifts,Festive Gifts,Email Campaign,Diya,Pending,58,2412.88,0.1,139946.94,125952.25,81020.6,44931.65,2026-05,Q2,2026,LEAD-01106,Open,4,Existing
ORD-01107,2026-05-21,CUST-0087,Business Client 0087,Manufacturer,Mumbai,West,Houseware,Storage,Website,Rohan,Won,90,1183.8,0.1,106542.07,95887.86,71883.19,24004.67,2026-05,Q2,2026,LEAD-01107,Converted,44,Existing
ORD-01108,2025-12-30,CUST-0395,Business Client 0395,Retailer,Pune,West,Home Textiles,Cushion Covers,Trade Show,Meera,Won,11,3340.37,0.1,36744.06,33069.66,19182.07,13887.59,2025-12,Q4,2025,LEAD-01108,Converted,7,Existing
ORD-01109,2025-10-07,CUST-0226,Business Client 0226,Interior Designer,Nagpur,Central,Home Textiles,Towels,Field Visit,Kabir,Won,26,3489.57,0.1,90728.72,81655.85,49085.66,32570.19,2025-10,Q4,2025,LEAD-01109,Converted,13,New
ORD-01110,2026-08-16,CUST-0337,Business Client 0337,Retailer,Bhubaneswar,East,Gifts,Festive Gifts,Email Campaign,Rohan,Won,67,467.6,0.05,31329.11,29762.65,22337.01,7425.64,2026-08,Q3,2026,LEAD-01110,Converted,38,Existing
ORD-01111,2025-06-07,CUST-0195,Business Client 0195,Manufacturer,Hyderabad,South,Clothing & Fashion,Apparel,Email Campaign,Kabir,Won,60,2313.5,0.1,138809.93,124928.94,89548.57,35380.37,2025-06,Q2,2025,LEAD-01111,Converted,12,Existing
ORD-01112,2026-09-24,CUST-0233,Business Client 0233,Manufacturer,Nagpur,Central,Home Textiles,Bedsheets,Field Visit,Anaya,Won,43,3166.01,0.05,136138.25,129331.34,80543.3,48788.04,2026-09,Q3,2026,LEAD-01112,Converted,19,Existing
ORD-01113,2025-02-28,CUST-0322,Business Client 0322,Distributor,Chennai,South,Houseware,Kitchenware,Referral,Aarav,Won,80,683.4,0.05,54672.39,51938.77,34801.12,17137.65,2025-02,Q1,2025,LEAD-01113,Converted,21,New
ORD-01114,2025-05-08,CUST-0337,Business Client 0337,Interior Designer,Bhubaneswar,East,Home Decor,Rugs,Email Campaign,Kabir,Lost,69,2960.67,0.15,204286.31,173643.36,117844.58,55798.78,2025-05,Q2,2025,LEAD-01114,Lost,57,Existing
ORD-01115,2025-04-25,CUST-0227,Business Client 0227,Retailer,Bengaluru,South,Clothing & Fashion,Apparel,Field Visit,Arjun,Pending,83,3043.52,0.0,252612.05,252612.05,157402.63,95209.42,2025-04,Q2,2025,LEAD-01115,Open,28,Existing
ORD-01116,2025-07-28,CUST-0081,Business Client 0081,Institutional Buyer,Hyderabad,South,Gifts,Gift Sets,Sales Call,Arjun,Won,100,1303.61,0.1,130360.96,117324.86,84528.21,32796.65,2025-07,Q3,2025,LEAD-01116,Converted,18,Existing
ORD-01117,2026-06-10,CUST-0148,Business Client 0148,Distributor,Kochi,South,Houseware,Utility,Field Visit,Kabir,Won,75,526.68,0.0,39501.03,39501.03,25257.68,14243.35,2026-06,Q2,2026,LEAD-01117,Converted,18,Existing
ORD-01118,2026-06-05,CUST-0025,Business Client 0025,Manufacturer,Guwahati,East,Home Decor,Wall Decor,Website,Meera,Lost,52,2012.0,0.05,104623.85,99392.66,63418.89,35973.77,2026-06,Q2,2026,LEAD-01118,Lost,47,Existing
ORD-01119,2026-07-06,CUST-0355,Business Client 0355,Retailer,Surat,West,Home Textiles,Bedsheets,Sales Call,Aarav,Won,98,3420.82,0.05,335240.65,318478.62,243072.5,75406.12,2026-07,Q3,2026,LEAD-01119,Converted,43,New
ORD-01120,2025-08-25,CUST-0098,Business Client 0098,Retailer,Pune,West,Home Decor,Vases,Website,Meera,Won,26,2242.27,0.15,58299.06,49554.2,33465.01,16089.19,2025-08,Q3,2025,LEAD-01120,Converted,45,New
ORD-01121,2025-10-08,CUST-0397,Business Client 0397,Retailer,Gurugram,North,Home Decor,Vases,Website,Kabir,Won,59,1937.14,0.05,114291.18,108576.62,84582.25,23994.37,2025-10,Q4,2025,LEAD-01121,Converted,44,Existing
ORD-01122,2025-12-25,CUST-0279,Business Client 0279,Institutional Buyer,Surat,West,Clothing & Fashion,Lifestyle,Email Campaign,Anaya,Won,17,1369.56,0.05,23282.55,22118.43,15845.22,6273.21,2025-12,Q4,2025,LEAD-01122,Converted,40,Existing
ORD-01123,2025-07-20,CUST-0019,Business Client 0019,Distributor,Delhi,North,Clothing & Fashion,Lifestyle,Email Campaign,Diya,Won,60,2873.18,0.0,172390.79,172390.79,126179.54,46211.25,2025-07,Q3,2025,LEAD-01123,Converted,23,Existing
ORD-01124,2025-10-05,CUST-0252,Business Client 0252,Retailer,Hyderabad,South,Clothing & Fashion,Lifestyle,Field Visit,Ishita,Pending,87,2459.29,0.0,213958.17,213958.17,145424.88,68533.29,2025-10,Q4,2025,LEAD-01124,Open,20,New
ORD-01125,2025-08-23,CUST-0055,Business Client 0055,Manufacturer,Bhubaneswar,East,Houseware,Kitchenware,Field Visit,Meera,Pending,67,1512.32,0.05,101325.11,96258.85,61360.51,34898.34,2025-08,Q3,2025,LEAD-01125,Open,40,Existing
ORD-01126,2026-05-09,CUST-0058,Business Client 0058,Distributor,Pune,West,Clothing & Fashion,Fashion Accessories,Trade Show,Ishita,Won,50,3754.8,0.0,187740.24,187740.24,134488.96,53251.28,2026-05,Q2,2026,LEAD-01126,Converted,21,Existing
ORD-01127,2025-01-04,CUST-0304,Business Client 0304,Manufacturer,Kolkata,East,Home Decor,Wall Decor,Email Campaign,Anaya,Won,48,5868.18,0.0,281672.42,281672.42,192156.74,89515.68,2025-01,Q1,2025,LEAD-01127,Converted,19,New
ORD-01128,2026-03-18,CUST-0130,Business Client 0130,Retailer,Kochi,South,Home Textiles,Cushion Covers,Field Visit,Kabir,Won,100,2220.13,0.1,222013.04,199811.73,117378.65,82433.08,2026-03,Q1,2026,LEAD-01128,Converted,8,Existing
ORD-01129,2025-01-29,CUST-0304,Business Client 0304,Institutional Buyer,Chennai,South,Home Textiles,Cushion Covers,Referral,Aarav,Won,91,2806.9,0.05,255428.22,242656.81,162789.53,79867.28,2025-01,Q1,2025,LEAD-01129,Converted,4,Existing
ORD-01130,2025-04-19,CUST-0347,Business Client 0347,Interior Designer,Bengaluru,South,Houseware,Storage,Trade Show,Diya,Won,35,1142.65,0.05,39992.69,37993.05,26848.46,11144.59,2025-04,Q2,2025,LEAD-01130,Converted,22,Existing
ORD-01131,2026-09-02,CUST-0191,Business Client 0191,Manufacturer,Hyderabad,South,Home Textiles,Bedsheets,Sales Call,Meera,Pending,51,2921.49,0.05,148996.06,141546.25,101021.15,40525.1,2026-09,Q3,2026,LEAD-01131,Open,32,Existing
ORD-01132,2025-03-16,CUST-0017,Business Client 0017,Distributor,Jaipur,North,Gifts,Corporate Gifts,Email Campaign,Meera,Won,70,1018.0,0.15,71260.2,60571.17,42680.54,17890.63,2025-03,Q1,2025,LEAD-01132,Converted,24,New
ORD-01133,2025-05-26,CUST-0127,Business Client 0127,Manufacturer,Surat,West,Houseware,Tableware,Sales Call,Rohan,Lost,81,1512.54,0.2,122515.54,98012.43,63962.94,34049.49,2025-05,Q2,2025,LEAD-01133,Lost,42,Existing
ORD-01134,2025-05-08,CUST-0203,Business Client 0203,Interior Designer,Delhi,North,Gifts,Corporate Gifts,Sales Call,Diya,Pending,63,2246.21,0.0,141511.21,141511.21,99637.14,41874.07,2025-05,Q2,2025,LEAD-01134,Open,33,Existing
ORD-01135,2025-02-11,CUST-0216,Business Client 0216,Distributor,Jaipur,North,Gifts,Corporate Gifts,Field Visit,Meera,Won,7,619.9,0.1,4339.28,3905.36,2638.09,1267.27,2025-02,Q1,2025,LEAD-01135,Converted,26,New
ORD-01136,2025-12-22,CUST-0233,Business Client 0233,Distributor,Bengaluru,South,Home Textiles,Towels,Sales Call,Rohan,Won,26,607.13,0.15,15785.45,13417.64,10303.22,3114.42,2025-12,Q4,2025,LEAD-01136,Converted,26,Existing
ORD-01137,2025-02-10,CUST-0143,Business Client 0143,Retailer,Delhi,North,Houseware,Storage,Sales Call,Arjun,Pending,83,1597.56,0.05,132597.59,125967.71,90650.33,35317.38,2025-02,Q1,2025,LEAD-01137,Open,40,New
ORD-01138,2025-02-03,CUST-0219,Business Client 0219,Importer,Ahmedabad,West,Houseware,Tableware,Sales Call,Aarav,Won,48,1095.94,0.2,52605.0,42084.0,25801.21,16282.79,2025-02,Q1,2025,LEAD-01138,Converted,5,New
ORD-01139,2025-01-17,CUST-0241,Business Client 0241,Retailer,Kolkata,East,Home Decor,Decorative Lamps,Sales Call,Rohan,Lost,84,2121.71,0.0,178223.38,178223.38,110826.22,67397.16,2025-01,Q1,2025,LEAD-01139,Lost,30,New
ORD-01140,2025-06-02,CUST-0062,Business Client 0062,Retailer,Jaipur,North,Clothing & Fashion,Fashion Accessories,Trade Show,Arjun,Lost,84,4158.26,0.1,349294.23,314364.81,238230.36,76134.45,2025-06,Q2,2025,LEAD-01140,Lost,60,Existing
ORD-01141,2026-01-13,CUST-0166,Business Client 0166,Distributor,Jaipur,North,Home Textiles,Cushion Covers,Website,Meera,Pending,56,2946.42,0.1,164999.34,148499.4,106052.25,42447.15,2026-01,Q1,2026,LEAD-01141,Open,21,Existing
ORD-01142,2026-08-11,CUST-0122,Business Client 0122,Importer,Surat,West,Houseware,Utility,Sales Call,Arjun,Won,100,1156.14,0.1,115613.97,104052.58,67111.31,36941.27,2026-08,Q3,2026,LEAD-01142,Converted,12,Existing
ORD-01143,2026-08-22,CUST-0246,Business Client 0246,Institutional Buyer,Kochi,South,Home Decor,Vases,Email Campaign,Meera,Lost,22,5249.23,0.0,115483.01,115483.01,84534.39,30948.62,2026-08,Q3,2026,LEAD-01143,Lost,18,Existing
ORD-01144,2026-09-21,CUST-0234,Business Client 0234,Retailer,Nagpur,Central,Houseware,Kitchenware,Website,Anaya,Won,45,1796.78,0.1,80854.94,72769.45,42532.97,30236.48,2026-09,Q3,2026,LEAD-01144,Converted,39,Existing
ORD-01145,2025-12-08,CUST-0340,Business Client 0340,Distributor,Jaipur,North,Home Textiles,Cushion Covers,Email Campaign,Arjun,Won,78,2937.35,0.15,229113.56,194746.53,126740.87,68005.66,2025-12,Q4,2025,LEAD-01145,Converted,31,Existing
ORD-01146,2025-01-27,CUST-0340,Business Client 0340,Distributor,Mumbai,West,Gifts,Festive Gifts,Trade Show,Rohan,Won,97,397.98,0.1,38603.82,34743.43,25232.31,9511.12,2025-01,Q1,2025,LEAD-01146,Converted,26,Existing
ORD-01147,2025-10-14,CUST-0042,Business Client 0042,Distributor,Nagpur,Central,Gifts,Gift Sets,Referral,Rohan,Won,41,2188.26,0.1,89718.57,80746.71,50568.89,30177.82,2025-10,Q4,2025,LEAD-01147,Converted,30,Existing
ORD-01148,2025-06-17,CUST-0280,Business Client 0280,Institutional Buyer,Pune,West,Home Textiles,Bedsheets,Sales Call,Kabir,Won,56,2345.53,0.05,131349.46,124781.99,72527.86,52254.13,2025-06,Q2,2025,LEAD-01148,Converted,27,New
ORD-01149,2026-09-02,CUST-0371,Business Client 0371,Manufacturer,Pune,West,Clothing & Fashion,Apparel,Website,Meera,Won,30,1264.19,0.15,37925.75,32236.88,21820.3,10416.58,2026-09,Q3,2026,LEAD-01149,Converted,17,Existing
ORD-01150,2025-09-25,CUST-0037,Business Client 0037,Distributor,Jaipur,North,Home Decor,Vases,Field Visit,Ishita,Won,34,2309.43,0.1,78520.6,70668.54,52314.94,18353.6,2025-09,Q3,2025,LEAD-01150,Converted,38,Existing
ORD-01151,2026-03-31,CUST-0147,Business Client 0147,Distributor,Hyderabad,South,Clothing & Fashion,Fashion Accessories,Sales Call,Diya,Lost,84,4787.57,0.1,402155.69,361940.12,232122.94,129817.18,2026-03,Q1,2026,LEAD-01151,Lost,22,Existing
ORD-01152,2026-02-05,CUST-0358,Business Client 0358,Institutional Buyer,Lucknow,North,Gifts,Corporate Gifts,Sales Call,Anaya,Won,75,2421.25,0.0,181593.42,181593.42,111587.49,70005.93,2026-02,Q1,2026,LEAD-01152,Converted,24,Existing
ORD-01153,2026-04-21,CUST-0258,Business Client 0258,Distributor,Ahmedabad,West,Gifts,Festive Gifts,Email Campaign,Kabir,Pending,75,1207.45,0.15,90558.91,76975.08,57461.69,19513.39,2026-04,Q2,2026,LEAD-01153,Open,27,Existing
ORD-01154,2026-09-26,CUST-0069,Business Client 0069,Importer,Chennai,South,Houseware,Tableware,Trade Show,Diya,Won,12,1192.21,0.0,14306.51,14306.51,9135.88,5170.63,2026-09,Q3,2026,LEAD-01154,Converted,11,Existing
ORD-01155,2026-07-12,CUST-0132,Business Client 0132,Importer,Guwahati,East,Home Decor,Decorative Lamps,Trade Show,Anaya,Pending,81,3394.8,0.1,274978.93,247481.04,166708.28,80772.76,2026-07,Q3,2026,LEAD-01155,Open,53,Existing
ORD-01156,2026-07-30,CUST-0166,Business Client 0166,Retailer,Chennai,South,Home Textiles,Curtains,Sales Call,Arjun,Won,55,1215.27,0.05,66839.91,63497.92,39883.52,23614.4,2026-07,Q3,2026,LEAD-01156,Converted,45,Existing
ORD-01157,2025-05-10,CUST-0013,Business Client 0013,Distributor,Bhubaneswar,East,Houseware,Storage,Trade Show,Arjun,Pending,67,1873.79,0.15,125544.08,106712.47,78343.44,28369.03,2025-05,Q2,2025,LEAD-01157,Open,15,Existing
ORD-01158,2025-12-29,CUST-0255,Business Client 0255,Distributor,Gurugram,North,Home Decor,Rugs,Email Campaign,Diya,Won,34,2197.44,0.15,74713.03,63506.08,47247.02,16259.06,2025-12,Q4,2025,LEAD-01158,Converted,12,Existing
ORD-01159,2025-10-19,CUST-0178,Business Client 0178,Importer,Gurugram,North,Home Textiles,Cushion Covers,Sales Call,Arjun,Lost,7,1154.28,0.05,8079.93,7675.94,5453.75,2222.19,2025-10,Q4,2025,LEAD-01159,Lost,18,Existing
ORD-01160,2026-01-06,CUST-0015,Business Client 0015,Retailer,Kolkata,East,Home Textiles,Towels,Website,Arjun,Pending,20,1977.27,0.05,39545.36,37568.09,25664.54,11903.55,2026-01,Q1,2026,LEAD-01160,Open,56,Existing
ORD-01161,2025-01-29,CUST-0398,Business Client 0398,Importer,Kolkata,East,Houseware,Kitchenware,Website,Diya,Won,59,1544.65,0.2,91134.08,72907.26,46636.64,26270.62,2025-01,Q1,2025,LEAD-01161,Converted,19,New
ORD-01162,2025-05-29,CUST-0298,Business Client 0298,Retailer,Pune,West,Home Textiles,Cushion Covers,Sales Call,Rohan,Won,27,2952.75,0.0,79724.2,79724.2,47672.8,32051.4,2025-05,Q2,2025,LEAD-01162,Converted,28,New
ORD-01163,2025-10-23,CUST-0135,Business Client 0135,Institutional Buyer,Bhubaneswar,East,Home Textiles,Curtains,Trade Show,Kabir,Won,68,2652.98,0.1,180402.36,162362.12,113160.55,49201.57,2025-10,Q4,2025,LEAD-01163,Converted,21,Existing
ORD-01164,2025-01-11,CUST-0023,Business Client 0023,Retailer,Gurugram,North,Home Decor,Decorative Lamps,Sales Call,Anaya,Won,12,6657.37,0.05,79888.42,75894.0,46907.84,28986.16,2025-01,Q1,2025,LEAD-01164,Converted,37,New
ORD-01165,2026-05-27,CUST-0300,Business Client 0300,Interior Designer,Delhi,North,Clothing & Fashion,Lifestyle,Trade Show,Meera,Won,93,1655.14,0.05,153928.34,146231.92,104091.2,42140.72,2026-05,Q2,2026,LEAD-01165,Converted,41,Existing
ORD-01166,2025-04-23,CUST-0261,Business Client 0261,Retailer,Bengaluru,South,Houseware,Storage,Referral,Ishita,Won,41,1567.33,0.1,64260.59,57834.53,41831.57,16002.96,2025-04,Q2,2025,LEAD-01166,Converted,6,Existing
ORD-01167,2025-07-06,CUST-0103,Business Client 0103,Importer,Chennai,South,Home Textiles,Curtains,Trade Show,Ishita,Won,97,2681.28,0.05,260083.98,247079.78,143658.61,103421.17,2025-07,Q3,2025,LEAD-01167,Converted,23,Existing
ORD-01168,2025-08-15,CUST-0364,Business Client 0364,Importer,Bhubaneswar,East,Houseware,Kitchenware,Email Campaign,Diya,Pending,20,442.98,0.15,8859.61,7530.67,4696.39,2834.28,2025-08,Q3,2025,LEAD-01168,Open,52,Existing
ORD-01169,2025-11-06,CUST-0126,Business Client 0126,Importer,Jaipur,North,Gifts,Festive Gifts,Sales Call,Arjun,Won,72,1104.09,0.0,79494.17,79494.17,61694.61,17799.56,2025-11,Q4,2025,LEAD-01169,Converted,16,Existing
ORD-01170,2025-04-08,CUST-0169,Business Client 0169,Distributor,Pune,West,Home Textiles,Cushion Covers,Email Campaign,Meera,Won,66,1969.07,0.0,129958.63,129958.63,81355.51,48603.12,2025-04,Q2,2025,LEAD-01170,Converted,20,New
ORD-01171,2025-02-24,CUST-0253,Business Client 0253,Importer,Gurugram,North,Home Decor,Wall Decor,Email Campaign,Meera,Won,40,1205.98,0.1,48239.38,43415.44,26359.64,17055.8,2025-02,Q1,2025,LEAD-01171,Converted,17,New
ORD-01172,2026-09-15,CUST-0120,Business Client 0120,Distributor,Delhi,North,Home Textiles,Towels,Website,Diya,Lost,95,744.77,0.2,70753.61,56602.89,38883.24,17719.65,2026-09,Q3,2026,LEAD-01172,Lost,31,Existing
ORD-01173,2026-02-10,CUST-0074,Business Client 0074,Importer,Kochi,South,Home Textiles,Cushion Covers,Referral,Aarav,Won,27,1463.54,0.0,39515.52,39515.52,25436.11,14079.41,2026-02,Q1,2026,LEAD-01173,Converted,25,Existing
ORD-01174,2025-03-10,CUST-0312,Business Client 0312,Retailer,Delhi,North,Home Textiles,Bedsheets,Website,Diya,Won,77,702.27,0.2,54074.91,43259.93,28267.04,14992.89,2025-03,Q1,2025,LEAD-01174,Converted,32,Existing
ORD-01175,2025-11-08,CUST-0289,Business Client 0289,Distributor,Nagpur,Central,Home Decor,Wall Decor,Trade Show,Aarav,Won,70,5080.44,0.1,355630.71,320067.64,195157.04,124910.6,2025-11,Q4,2025,LEAD-01175,Converted,5,New
ORD-01176,2025-10-16,CUST-0023,Business Client 0023,Distributor,Ahmedabad,West,Home Decor,Vases,Field Visit,Kabir,Pending,56,1663.7,0.15,93167.0,79191.95,55228.53,23963.42,2025-10,Q4,2025,LEAD-01176,Open,33,Existing
ORD-01177,2026-07-02,CUST-0029,Business Client 0029,Importer,Ahmedabad,West,Clothing & Fashion,Apparel,Field Visit,Anaya,Won,11,901.27,0.0,9913.94,9913.94,7539.12,2374.82,2026-07,Q3,2026,LEAD-01177,Converted,17,Existing
ORD-01178,2025-05-28,CUST-0337,Business Client 0337,Manufacturer,Delhi,North,Houseware,Storage,Email Campaign,Kabir,Won,53,2189.15,0.1,116025.13,104422.61,77106.72,27315.89,2025-05,Q2,2025,LEAD-01178,Converted,37,Existing
ORD-01179,2026-04-12,CUST-0208,Business Client 0208,Distributor,Pune,West,Clothing & Fashion,Lifestyle,Sales Call,Meera,Won,85,4325.38,0.2,367657.14,294125.71,191843.48,102282.23,2026-04,Q2,2026,LEAD-01179,Converted,16,Existing
ORD-01180,2025-09-01,CUST-0205,Business Client 0205,Interior Designer,Kolkata,East,Home Textiles,Curtains,Email Campaign,Diya,Won,85,710.33,0.1,60377.96,54340.16,35670.06,18670.1,2025-09,Q3,2025,LEAD-01180,Converted,13,Existing
ORD-01181,2026-05-06,CUST-0003,Business Client 0003,Retailer,Delhi,North,Home Textiles,Curtains,Referral,Arjun,Won,24,2422.86,0.1,58148.56,52333.7,37277.05,15056.65,2026-05,Q2,2026,LEAD-01181,Converted,11,Existing
ORD-01182,2026-05-22,CUST-0400,Business Client 0400,Interior Designer,Bengaluru,South,Gifts,Festive Gifts,Trade Show,Rohan,Won,39,1887.78,0.1,73623.43,66261.09,41547.94,24713.15,2026-05,Q2,2026,LEAD-01182,Converted,10,Existing
ORD-01183,2025-12-31,CUST-0068,Business Client 0068,Institutional Buyer,Guwahati,East,Home Decor,Wall Decor,Trade Show,Anaya,Pending,93,2481.57,0.15,230786.33,196168.38,141550.87,54617.51,2025-12,Q4,2025,LEAD-01183,Open,4,Existing
ORD-01184,2026-04-27,CUST-0283,Business Client 0283,Institutional Buyer,Delhi,North,Gifts,Gift Sets,Trade Show,Aarav,Won,65,418.4,0.05,27195.76,25835.97,17281.09,8554.88,2026-04,Q2,2026,LEAD-01184,Converted,29,Existing
ORD-01185,2025-07-20,CUST-0262,Business Client 0262,Importer,Lucknow,North,Gifts,Corporate Gifts,Sales Call,Arjun,Won,26,2090.45,0.2,54351.79,43481.43,33284.06,10197.37,2025-07,Q3,2025,LEAD-01185,Converted,35,Existing
ORD-01186,2025-06-03,CUST-0138,Business Client 0138,Interior Designer,Hyderabad,South,Home Decor,Vases,Sales Call,Meera,Won,20,3880.64,0.05,77612.8,73732.16,43005.1,30727.06,2025-06,Q2,2025,LEAD-01186,Converted,22,New
ORD-01187,2026-03-26,CUST-0089,Business Client 0089,Distributor,Bhubaneswar,East,Gifts,Gift Sets,Trade Show,Anaya,Won,38,276.62,0.15,10511.71,8934.95,5686.22,3248.73,2026-03,Q1,2026,LEAD-01187,Converted,18,Existing
ORD-01188,2026-05-16,CUST-0181,Business Client 0181,Distributor,Gurugram,North,Gifts,Corporate Gifts,Field Visit,Meera,Won,8,1258.21,0.2,10065.64,8052.51,5717.57,2334.94,2026-05,Q2,2026,LEAD-01188,Converted,5,Existing
ORD-01189,2025-03-14,CUST-0259,Business Client 0259,Institutional Buyer,Mumbai,West,Houseware,Kitchenware,Sales Call,Diya,Won,35,1328.87,0.0,46510.37,46510.37,31494.42,15015.95,2025-03,Q1,2025,LEAD-01189,Converted,40,New
ORD-01190,2025-10-23,CUST-0212,Business Client 0212,Importer,Mumbai,West,Gifts,Corporate Gifts,Field Visit,Ishita,Pending,56,1991.51,0.05,111524.42,105948.2,80648.18,25300.02,2025-10,Q4,2025,LEAD-01190,Open,7,Existing
ORD-01191,2025-01-17,CUST-0001,Business Client 0001,Institutional Buyer,Chennai,South,Clothing & Fashion,Fashion Accessories,Sales Call,Rohan,Lost,16,2038.91,0.0,32622.49,32622.49,22720.89,9901.6,2025-01,Q1,2025,LEAD-01191,Lost,60,New
ORD-01192,2025-08-05,CUST-0060,Business Client 0060,Manufacturer,Gurugram,North,Home Textiles,Towels,Field Visit,Diya,Won,82,1804.97,0.0,148007.35,148007.35,89897.28,58110.07,2025-08,Q3,2025,LEAD-01192,Converted,42,New
ORD-01193,2025-03-02,CUST-0124,Business Client 0124,Importer,Pune,West,Gifts,Festive Gifts,Email Campaign,Ishita,Lost,37,1597.67,0.05,59113.97,56158.27,39963.27,16195.0,2025-03,Q1,2025,LEAD-01193,Lost,16,New
ORD-01194,2026-09-08,CUST-0236,Business Client 0236,Institutional Buyer,Lucknow,North,Home Decor,Vases,Sales Call,Meera,Lost,54,6039.65,0.05,326141.37,309834.3,187550.21,122284.09,2026-09,Q3,2026,LEAD-01194,Lost,17,Existing
ORD-01195,2025-02-11,CUST-0016,Business Client 0016,Importer,Kochi,South,Clothing & Fashion,Fashion Accessories,Trade Show,Meera,Won,13,3830.24,0.15,49793.1,42324.14,31670.73,10653.41,2025-02,Q1,2025,LEAD-01195,Converted,42,New
ORD-01196,2025-01-25,CUST-0377,Business Client 0377,Interior Designer,Lucknow,North,Home Decor,Decorative Lamps,Trade Show,Kabir,Pending,49,5938.21,0.1,290972.51,261875.26,195570.66,66304.6,2025-01,Q1,2025,LEAD-01196,Open,18,New
ORD-01197,2025-02-08,CUST-0263,Business Client 0263,Retailer,Pune,West,Home Decor,Wall Decor,Sales Call,Ishita,Won,87,2565.71,0.05,223216.8,212055.96,161087.83,50968.13,2025-02,Q1,2025,LEAD-01197,Converted,20,New
ORD-01198,2025-05-11,CUST-0078,Business Client 0078,Retailer,Delhi,North,Clothing & Fashion,Fashion Accessories,Trade Show,Diya,Won,79,1518.52,0.2,119963.26,95970.61,64465.92,31504.69,2025-05,Q2,2025,LEAD-01198,Converted,9,Existing
ORD-01199,2026-05-13,CUST-0269,Business Client 0269,Institutional Buyer,Kolkata,East,Home Textiles,Curtains,Field Visit,Meera,Lost,82,1307.56,0.15,107219.86,91136.88,57049.31,34087.57,2026-05,Q2,2026,LEAD-01199,Lost,44,Existing
ORD-01200,2025-08-17,CUST-0395,Business Client 0395,Retailer,Nagpur,Central,Houseware,Tableware,Sales Call,Ishita,Won,85,1315.69,0.0,111833.72,111833.72,85438.21,26395.51,2025-08,Q3,2025,LEAD-01200,Converted,16,Existing
ORD-01201,2025-04-18,CUST-0088,Business Client 0088,Retailer,Nagpur,Central,Home Textiles,Curtains,Trade Show,Aarav,Won,33,528.75,0.05,17448.69,16576.25,10787.58,5788.67,2025-04,Q2,2025,LEAD-01201,Converted,15,Existing
ORD-01202,2025-06-21,CUST-0218,Business Client 0218,Interior Designer,Lucknow,North,Houseware,Tableware,Sales Call,Kabir,Won,40,729.1,0.2,29164.18,23331.34,16509.52,6821.82,2025-06,Q2,2025,LEAD-01202,Converted,33,Existing
ORD-01203,2026-03-11,CUST-0163,Business Client 0163,Manufacturer,Hyderabad,South,Home Textiles,Towels,Field Visit,Ishita,Won,89,2042.56,0.05,181788.24,172698.83,125432.05,47266.78,2026-03,Q1,2026,LEAD-01203,Converted,24,Existing
ORD-01204,2026-04-23,CUST-0286,Business Client 0286,Distributor,Chennai,South,Home Decor,Vases,Email Campaign,Aarav,Won,58,4860.06,0.1,281883.36,253695.03,186761.44,66933.59,2026-04,Q2,2026,LEAD-01204,Converted,5,Existing
ORD-01205,2025-04-12,CUST-0162,Business Client 0162,Interior Designer,Kochi,South,Houseware,Utility,Sales Call,Rohan,Won,26,2713.5,0.1,70551.08,63495.97,48029.72,15466.25,2025-04,Q2,2025,LEAD-01205,Converted,21,New
ORD-01206,2026-06-08,CUST-0116,Business Client 0116,Distributor,Hyderabad,South,Home Decor,Wall Decor,Sales Call,Anaya,Won,90,4580.83,0.05,412274.91,391661.16,290514.06,101147.1,2026-06,Q2,2026,LEAD-01206,Converted,31,Existing
ORD-01207,2025-10-02,CUST-0381,Business Client 0381,Interior Designer,Hyderabad,South,Home Textiles,Towels,Sales Call,Diya,Won,23,1472.7,0.0,33872.15,33872.15,25199.11,8673.04,2025-10,Q4,2025,LEAD-01207,Converted,7,Existing
ORD-01208,2026-09-05,CUST-0359,Business Client 0359,Retailer,Pune,West,Home Textiles,Cushion Covers,Sales Call,Ishita,Won,88,3393.38,0.1,298617.25,268755.52,177069.15,91686.37,2026-09,Q3,2026,LEAD-01208,Converted,45,Existing
ORD-01209,2025-02-13,CUST-0381,Business Client 0381,Distributor,Mumbai,West,Gifts,Corporate Gifts,Website,Arjun,Won,70,970.58,0.0,67940.74,67940.74,43727.08,24213.66,2025-02,Q1,2025,LEAD-01209,Converted,9,New
ORD-01210,2025-01-17,CUST-0080,Business Client 0080,Importer,Jaipur,North,Home Textiles,Bedsheets,Email Campaign,Arjun,Lost,29,1285.55,0.0,37281.0,37281.0,26837.82,10443.18,2025-01,Q1,2025,LEAD-01210,Lost,4,New
ORD-01211,2025-11-26,CUST-0033,Business Client 0033,Manufacturer,Jaipur,North,Houseware,Kitchenware,Trade Show,Kabir,Won,28,1633.58,0.0,45740.26,45740.26,29464.27,16275.99,2025-11,Q4,2025,LEAD-01211,Converted,12,Existing
ORD-01212,2026-07-23,CUST-0285,Business Client 0285,Importer,Hyderabad,South,Home Textiles,Cushion Covers,Sales Call,Kabir,Won,73,2365.57,0.1,172686.48,155417.83,102650.95,52766.88,2026-07,Q3,2026,LEAD-01212,Converted,23,Existing
ORD-01213,2026-05-12,CUST-0229,Business Client 0229,Importer,Bengaluru,South,Clothing & Fashion,Apparel,Website,Diya,Pending,78,2915.23,0.0,227388.24,227388.24,143419.23,83969.01,2026-05,Q2,2026,LEAD-01213,Open,33,Existing
ORD-01214,2025-01-12,CUST-0142,Business Client 0142,Interior Designer,Jaipur,North,Clothing & Fashion,Fashion Accessories,Website,Meera,Won,31,2538.61,0.15,78696.85,66892.32,50076.17,16816.15,2025-01,Q1,2025,LEAD-01214,Converted,40,Existing
ORD-01215,2025-11-14,CUST-0250,Business Client 0250,Importer,Surat,West,Houseware,Kitchenware,Sales Call,Anaya,Won,8,845.14,0.2,6761.15,5408.92,4212.16,1196.76,2025-11,Q4,2025,LEAD-01215,Converted,41,Existing
ORD-01216,2026-08-15,CUST-0247,Business Client 0247,Interior Designer,Hyderabad,South,Clothing & Fashion,Lifestyle,Referral,Diya,Pending,25,3503.29,0.15,87582.35,74444.99,49513.84,24931.15,2026-08,Q3,2026,LEAD-01216,Open,10,Existing
ORD-01217,2025-08-04,CUST-0212,Business Client 0212,Retailer,Delhi,North,Home Textiles,Bedsheets,Trade Show,Kabir,Pending,16,2753.57,0.15,44057.2,37448.62,28749.05,8699.57,2025-08,Q3,2025,LEAD-01217,Open,41,Existing
ORD-01218,2025-12-05,CUST-0353,Business Client 0353,Retailer,Bhubaneswar,East,Clothing & Fashion,Fashion Accessories,Field Visit,Meera,Pending,49,4602.99,0.15,225546.29,191714.34,128471.51,63242.83,2025-12,Q4,2025,LEAD-01218,Open,39,Existing
ORD-01219,2025-03-22,CUST-0307,Business Client 0307,Institutional Buyer,Hyderabad,South,Home Decor,Vases,Field Visit,Diya,Won,48,4191.64,0.05,201198.85,191138.91,111479.27,79659.64,2025-03,Q1,2025,LEAD-01219,Converted,38,Existing
ORD-01220,2026-04-30,CUST-0194,Business Client 0194,Importer,Guwahati,East,Houseware,Kitchenware,Sales Call,Meera,Won,44,385.31,0.15,16953.81,14410.74,10991.38,3419.36,2026-04,Q2,2026,LEAD-01220,Converted,33,Existing
ORD-01221,2026-01-09,CUST-0133,Business Client 0133,Institutional Buyer,Hyderabad,South,Home Decor,Decorative Lamps,Referral,Diya,Won,60,5532.13,0.1,331927.73,298734.95,232711.54,66023.41,2026-01,Q1,2026,LEAD-01221,Converted,45,Existing
ORD-01222,2025-07-19,CUST-0324,Business Client 0324,Manufacturer,Chennai,South,Home Decor,Rugs,Trade Show,Rohan,Won,76,6220.49,0.05,472756.98,449119.13,288272.29,160846.84,2025-07,Q3,2025,LEAD-01222,Converted,7,Existing
ORD-01223,2026-06-21,CUST-0145,Business Client 0145,Importer,Delhi,North,Home Decor,Wall Decor,Sales Call,Anaya,Won,70,909.24,0.0,63647.08,63647.08,48703.29,14943.79,2026-06,Q2,2026,LEAD-01223,Converted,28,Existing
ORD-01224,2026-04-11,CUST-0136,Business Client 0136,Manufacturer,Mumbai,West,Home Textiles,Curtains,Email Campaign,Meera,Won,49,2935.43,0.1,143836.18,129452.56,80332.29,49120.27,2026-04,Q2,2026,LEAD-01224,Converted,34,Existing
ORD-01225,2025-03-30,CUST-0001,Business Client 0001,Retailer,Lucknow,North,Home Textiles,Towels,Trade Show,Arjun,Pending,74,2954.34,0.2,218620.99,174896.79,103519.38,71377.41,2025-03,Q1,2025,LEAD-01225,Open,13,Existing
ORD-01226,2025-09-25,CUST-0375,Business Client 0375,Retailer,Guwahati,East,Houseware,Kitchenware,Referral,Rohan,Won,43,743.88,0.05,31986.76,30387.42,21467.91,8919.51,2025-09,Q3,2025,LEAD-01226,Converted,18,New
ORD-01227,2026-07-25,CUST-0356,Business Client 0356,Retailer,Ahmedabad,West,Houseware,Tableware,Trade Show,Diya,Won,93,1280.38,0.0,119075.24,119075.24,81434.31,37640.93,2026-07,Q3,2026,LEAD-01227,Converted,29,Existing
ORD-01228,2026-05-04,CUST-0027,Business Client 0027,Retailer,Pune,West,Houseware,Kitchenware,Trade Show,Rohan,Won,75,1293.79,0.15,97034.12,82479.0,50677.86,31801.14,2026-05,Q2,2026,LEAD-01228,Converted,13,New
ORD-01229,2026-06-22,CUST-0162,Business Client 0162,Institutional Buyer,Pune,West,Home Decor,Wall Decor,Trade Show,Meera,Won,26,958.05,0.0,24909.21,24909.21,18836.39,6072.82,2026-06,Q2,2026,LEAD-01229,Converted,15,Existing
ORD-01230,2025-02-16,CUST-0337,Business Client 0337,Retailer,Hyderabad,South,Houseware,Kitchenware,Referral,Kabir,Pending,54,1813.77,0.0,97943.77,97943.77,58124.31,39819.46,2025-02,Q1,2025,LEAD-01230,Open,47,New
ORD-01231,2025-10-15,CUST-0160,Business Client 0160,Retailer,Hyderabad,South,Home Textiles,Towels,Trade Show,Anaya,Won,13,2658.21,0.05,34556.78,32828.94,20585.09,12243.85,2025-10,Q4,2025,LEAD-01231,Converted,43,New
ORD-01232,2025-01-16,CUST-0295,Business Client 0295,Institutional Buyer,Lucknow,North,Home Decor,Rugs,Trade Show,Diya,Won,74,5649.82,0.05,418086.67,397182.33,233774.55,163407.78,2025-01,Q1,2025,LEAD-01232,Converted,24,New
ORD-01233,2026-02-05,CUST-0216,Business Client 0216,Retailer,Chennai,South,Home Textiles,Curtains,Email Campaign,Arjun,Lost,71,1712.02,0.1,121553.41,109398.07,66356.42,43041.65,2026-02,Q1,2026,LEAD-01233,Lost,34,Existing
ORD-01234,2025-03-27,CUST-0010,Business Client 0010,Retailer,Lucknow,North,Gifts,Gift Sets,Sales Call,Diya,Won,92,634.15,0.05,58341.54,55424.46,39402.1,16022.36,2025-03,Q1,2025,LEAD-01234,Converted,10,New
ORD-01235,2025-09-07,CUST-0029,Business Client 0029,Importer,Chennai,South,Home Decor,Vases,Website,Ishita,Lost,57,3385.33,0.15,192963.77,164019.21,105718.13,58301.08,2025-09,Q3,2025,LEAD-01235,Lost,28,Existing
ORD-01236,2026-01-26,CUST-0145,Business Client 0145,Retailer,Ahmedabad,West,Houseware,Utility,Trade Show,Kabir,Won,19,581.46,0.1,11047.68,9942.91,6490.4,3452.51,2026-01,Q1,2026,LEAD-01236,Converted,30,Existing
ORD-01237,2025-12-01,CUST-0171,Business Client 0171,Retailer,Mumbai,West,Clothing & Fashion,Lifestyle,Website,Meera,Won,49,1037.67,0.0,50845.65,50845.65,32546.95,18298.7,2025-12,Q4,2025,LEAD-01237,Converted,38,New
ORD-01238,2026-09-21,CUST-0165,Business Client 0165,Retailer,Gurugram,North,Home Textiles,Towels,Trade Show,Arjun,Won,30,689.39,0.0,20681.71,20681.71,12045.73,8635.98,2026-09,Q3,2026,LEAD-01238,Converted,5,Existing
ORD-01239,2026-06-03,CUST-0387,Business Client 0387,Importer,Surat,West,Clothing & Fashion,Apparel,Trade Show,Arjun,Pending,29,3360.82,0.0,97463.92,97463.92,65761.23,31702.69,2026-06,Q2,2026,LEAD-01239,Open,46,Existing
ORD-01240,2025-05-17,CUST-0059,Business Client 0059,Manufacturer,Kochi,South,Gifts,Gift Sets,Email Campaign,Ishita,Won,42,1964.59,0.0,82512.63,82512.63,60007.11,22505.52,2025-05,Q2,2025,LEAD-01240,Converted,18,New
ORD-01241,2026-05-13,CUST-0081,Business Client 0081,Retailer,Pune,West,Clothing & Fashion,Apparel,Email Campaign,Meera,Won,87,2185.61,0.1,190147.92,171133.12,104855.52,66277.6,2026-05,Q2,2026,LEAD-01241,Converted,27,Existing
ORD-01242,2026-04-22,CUST-0230,Business Client 0230,Manufacturer,Hyderabad,South,Home Textiles,Cushion Covers,Website,Anaya,Won,6,3401.49,0.0,20408.95,20408.95,15229.19,5179.76,2026-04,Q2,2026,LEAD-01242,Converted,23,Existing
ORD-01243,2026-08-17,CUST-0369,Business Client 0369,Retailer,Gurugram,North,Gifts,Gift Sets,Sales Call,Rohan,Won,99,1884.76,0.15,186591.22,158602.54,97181.81,61420.73,2026-08,Q3,2026,LEAD-01243,Converted,13,Existing
ORD-01244,2025-08-11,CUST-0023,Business Client 0023,Importer,Pune,West,Home Textiles,Cushion Covers,Sales Call,Rohan,Won,63,1310.61,0.05,82568.7,78440.27,59621.06,18819.21,2025-08,Q3,2025,LEAD-01244,Converted,27,Existing
ORD-01245,2026-01-07,CUST-0116,Business Client 0116,Retailer,Kolkata,East,Home Textiles,Bedsheets,Trade Show,Meera,Won,44,3113.4,0.05,136989.44,130139.97,78816.8,51323.17,2026-01,Q1,2026,LEAD-01245,Converted,27,Existing
ORD-01246,2026-02-06,CUST-0271,Business Client 0271,Importer,Kolkata,East,Home Textiles,Bedsheets,Field Visit,Aarav,Pending,45,1618.33,0.05,72824.9,69183.66,52653.62,16530.04,2026-02,Q1,2026,LEAD-01246,Open,37,Existing
ORD-01247,2026-03-19,CUST-0046,Business Client 0046,Manufacturer,Gurugram,North,Home Decor,Rugs,Sales Call,Meera,Won,49,5447.43,0.05,266924.31,253578.1,186327.2,67250.9,2026-03,Q1,2026,LEAD-01247,Converted,43,New
ORD-01248,2026-05-05,CUST-0061,Business Client 0061,Distributor,Delhi,North,Clothing & Fashion,Fashion Accessories,Sales Call,Arjun,Won,59,2415.44,0.0,142510.99,142510.99,105953.0,36557.99,2026-05,Q2,2026,LEAD-01248,Converted,37,Existing
ORD-01249,2026-09-07,CUST-0109,Business Client 0109,Importer,Surat,West,Houseware,Kitchenware,Field Visit,Ishita,Won,17,2461.38,0.05,41843.39,39751.22,31000.81,8750.41,2026-09,Q3,2026,LEAD-01249,Converted,44,Existing
ORD-01250,2025-09-30,CUST-0298,Business Client 0298,Manufacturer,Lucknow,North,Home Textiles,Bedsheets,Referral,Ishita,Won,95,3366.44,0.1,319812.06,287830.85,205655.8,82175.05,2025-09,Q3,2025,LEAD-01250,Converted,43,Existing
ORD-01251,2026-06-10,CUST-0188,Business Client 0188,Interior Designer,Mumbai,West,Home Decor,Rugs,Trade Show,Aarav,Lost,55,2616.02,0.05,143880.84,136686.79,96113.66,40573.13,2026-06,Q2,2026,LEAD-01251,Lost,33,Existing
ORD-01252,2025-06-08,CUST-0351,Business Client 0351,Retailer,Delhi,North,Home Decor,Decorative Lamps,Trade Show,Kabir,Won,7,3939.47,0.0,27576.3,27576.3,19249.44,8326.86,2025-06,Q2,2025,LEAD-01252,Converted,29,New
ORD-01253,2025-06-01,CUST-0126,Business Client 0126,Retailer,Lucknow,North,Clothing & Fashion,Lifestyle,Website,Rohan,Won,95,2861.28,0.15,271821.76,231048.5,162970.96,68077.54,2025-06,Q2,2025,LEAD-01253,Converted,4,New
ORD-01254,2026-09-12,CUST-0052,Business Client 0052,Distributor,Guwahati,East,Home Textiles,Bedsheets,Sales Call,Anaya,Won,17,1444.4,0.15,24554.84,20871.62,12883.24,7988.38,2026-09,Q3,2026,LEAD-01254,Converted,33,Existing
ORD-01255,2025-07-07,CUST-0194,Business Client 0194,Retailer,Ahmedabad,West,Home Decor,Rugs,Trade Show,Ishita,Won,20,4196.29,0.15,83925.75,71336.89,45356.28,25980.61,2025-07,Q3,2025,LEAD-01255,Converted,21,Existing
ORD-01256,2025-04-08,CUST-0309,Business Client 0309,Distributor,Bhubaneswar,East,Houseware,Tableware,Email Campaign,Rohan,Won,27,2791.9,0.05,75381.43,71612.36,52623.95,18988.41,2025-04,Q2,2025,LEAD-01256,Converted,29,New
ORD-01257,2025-05-11,CUST-0399,Business Client 0399,Importer,Nagpur,Central,Home Textiles,Towels,Trade Show,Diya,Won,52,1817.28,0.0,94498.76,94498.76,73247.44,21251.32,2025-05,Q2,2025,LEAD-01257,Converted,12,Existing
ORD-01258,2025-06-20,CUST-0170,Business Client 0170,Manufacturer,Jaipur,North,Clothing & Fashion,Fashion Accessories,Sales Call,Diya,Won,82,4327.7,0.15,354871.6,301640.86,204396.88,97243.98,2025-06,Q2,2025,LEAD-01258,Converted,12,Existing
ORD-01259,2025-07-02,CUST-0260,Business Client 0260,Retailer,Surat,West,Clothing & Fashion,Fashion Accessories,Email Campaign,Rohan,Won,69,1296.76,0.05,89476.41,85002.59,59847.57,25155.02,2025-07,Q3,2025,LEAD-01259,Converted,4,New
ORD-01260,2025-12-30,CUST-0034,Business Client 0034,Distributor,Kolkata,East,Houseware,Utility,Referral,Anaya,Won,6,1758.29,0.2,10549.74,8439.79,6526.32,1913.47,2025-12,Q4,2025,LEAD-01260,Converted,10,Existing
ORD-01261,2025-02-08,CUST-0227,Business Client 0227,Retailer,Kochi,South,Houseware,Storage,Email Campaign,Kabir,Pending,90,2295.11,0.05,206560.2,196232.19,151765.53,44466.66,2025-02,Q1,2025,LEAD-01261,Open,3,New
ORD-01262,2026-06-11,CUST-0128,Business Client 0128,Importer,Delhi,North,Gifts,Corporate Gifts,Referral,Kabir,Pending,55,1294.75,0.15,71211.44,60529.72,39112.51,21417.21,2026-06,Q2,2026,LEAD-01262,Open,46,Existing
ORD-01263,2026-05-12,CUST-0034,Business Client 0034,Institutional Buyer,Pune,West,Gifts,Gift Sets,Website,Kabir,Won,30,2255.92,0.15,67677.52,57525.89,34418.38,23107.51,2026-05,Q2,2026,LEAD-01263,Converted,41,Existing
ORD-01264,2026-05-31,CUST-0134,Business Client 0134,Manufacturer,Delhi,North,Gifts,Corporate Gifts,Email Campaign,Rohan,Won,78,2004.74,0.1,156369.57,140732.61,105085.38,35647.23,2026-05,Q2,2026,LEAD-01264,Converted,14,Existing
ORD-01265,2025-12-15,CUST-0137,Business Client 0137,Retailer,Bengaluru,South,Home Textiles,Bedsheets,Trade Show,Diya,Pending,31,2348.61,0.05,72806.77,69166.43,52793.53,16372.9,2025-12,Q4,2025,LEAD-01265,Open,41,Existing
ORD-01266,2026-02-01,CUST-0292,Business Client 0292,Interior Designer,Pune,West,Gifts,Corporate Gifts,Trade Show,Arjun,Pending,71,523.02,0.2,37134.73,29707.78,20869.97,8837.81,2026-02,Q1,2026,LEAD-01266,Open,36,Existing
ORD-01267,2025-06-10,CUST-0181,Business Client 0181,Institutional Buyer,Bengaluru,South,Home Textiles,Curtains,Trade Show,Aarav,Pending,68,552.81,0.15,37590.91,31952.28,22532.04,9420.24,2025-06,Q2,2025,LEAD-01267,Open,20,New
ORD-01268,2025-01-16,CUST-0277,Business Client 0277,Distributor,Guwahati,East,Home Textiles,Bedsheets,Referral,Kabir,Won,72,3250.3,0.0,234021.78,234021.78,174241.81,59779.97,2025-01,Q1,2025,LEAD-01268,Converted,21,New
ORD-01269,2026-05-08,CUST-0106,Business Client 0106,Retailer,Bengaluru,South,Home Textiles,Towels,Email Campaign,Meera,Lost,76,3304.69,0.1,251156.39,226040.75,174855.5,51185.25,2026-05,Q2,2026,LEAD-01269,Lost,17,Existing
ORD-01270,2026-03-02,CUST-0386,Business Client 0386,Interior Designer,Lucknow,North,Home Textiles,Curtains,Field Visit,Meera,Pending,76,2435.8,0.1,185121.09,166608.98,120970.44,45638.54,2026-03,Q1,2026,LEAD-01270,Open,49,Existing
ORD-01271,2025-04-18,CUST-0142,Business Client 0142,Retailer,Delhi,North,Houseware,Utility,Email Campaign,Arjun,Won,66,586.59,0.05,38714.98,36779.23,27942.0,8837.23,2025-04,Q2,2025,LEAD-01271,Converted,43,Existing
ORD-01272,2026-03-26,CUST-0391,Business Client 0391,Institutional Buyer,Kolkata,East,Home Decor,Wall Decor,Field Visit,Diya,Won,72,5188.76,0.05,373591.03,354911.48,257465.12,97446.36,2026-03,Q1,2026,LEAD-01272,Converted,11,Existing
ORD-01273,2025-11-07,CUST-0033,Business Client 0033,Interior Designer,Guwahati,East,Home Textiles,Towels,Field Visit,Diya,Won,85,3108.85,0.2,264252.33,211401.87,125039.49,86362.38,2025-11,Q4,2025,LEAD-01273,Converted,37,Existing
ORD-01274,2025-06-19,CUST-0223,Business Client 0223,Institutional Buyer,Guwahati,East,Houseware,Utility,Trade Show,Meera,Pending,38,390.14,0.1,14825.42,13342.88,8540.72,4802.16,2025-06,Q2,2025,LEAD-01274,Open,52,New
ORD-01275,2026-06-30,CUST-0032,Business Client 0032,Distributor,Lucknow,North,Home Textiles,Cushion Covers,Trade Show,Arjun,Won,74,770.31,0.05,57002.93,54152.78,32319.48,21833.3,2026-06,Q2,2026,LEAD-01275,Converted,33,Existing
ORD-01276,2026-02-18,CUST-0129,Business Client 0129,Importer,Jaipur,North,Clothing & Fashion,Apparel,Referral,Ishita,Won,54,788.71,0.15,42590.36,36201.81,24716.24,11485.57,2026-02,Q1,2026,LEAD-01276,Converted,37,Existing
ORD-01277,2025-09-08,CUST-0042,Business Client 0042,Distributor,Surat,West,Houseware,Storage,Trade Show,Ishita,Won,87,1597.43,0.15,138976.81,118130.29,86945.33,31184.96,2025-09,Q3,2025,LEAD-01277,Converted,24,New
ORD-01278,2025-05-21,CUST-0247,Business Client 0247,Distributor,Kolkata,East,Home Decor,Decorative Lamps,Field Visit,Kabir,Won,41,4308.52,0.05,176649.18,167816.72,127551.18,40265.54,2025-05,Q2,2025,LEAD-01278,Converted,15,Existing
ORD-01279,2025-10-01,CUST-0230,Business Client 0230,Retailer,Bengaluru,South,Home Textiles,Towels,Sales Call,Ishita,Won,54,585.94,0.1,31640.64,28476.58,17762.94,10713.64,2025-10,Q4,2025,LEAD-01279,Converted,9,Existing
ORD-01280,2026-02-20,CUST-0066,Business Client 0066,Distributor,Pune,West,Clothing & Fashion,Lifestyle,Sales Call,Diya,Won,58,3379.04,0.1,195984.31,176385.88,107960.65,68425.23,2026-02,Q1,2026,LEAD-01280,Converted,42,Existing
ORD-01281,2026-08-31,CUST-0104,Business Client 0104,Distributor,Gurugram,North,Home Textiles,Bedsheets,Email Campaign,Ishita,Won,37,1787.88,0.0,66151.74,66151.74,46963.28,19188.46,2026-08,Q3,2026,LEAD-01281,Converted,9,Existing
ORD-01282,2025-02-08,CUST-0248,Business Client 0248,Retailer,Gurugram,North,Home Textiles,Bedsheets,Trade Show,Kabir,Won,88,3465.67,0.0,304978.94,304978.94,192537.03,112441.91,2025-02,Q1,2025,LEAD-01282,Converted,7,New
ORD-01283,2025-01-29,CUST-0200,Business Client 0200,Importer,Surat,West,Home Textiles,Curtains,Email Campaign,Diya,Won,6,1622.32,0.05,9733.89,9247.2,5543.19,3704.01,2025-01,Q1,2025,LEAD-01283,Converted,12,Existing
ORD-01284,2026-04-22,CUST-0106,Business Client 0106,Institutional Buyer,Guwahati,East,Clothing & Fashion,Fashion Accessories,Sales Call,Meera,Lost,48,3993.4,0.0,191683.1,191683.1,144093.76,47589.34,2026-04,Q2,2026,LEAD-01284,Lost,17,Existing
ORD-01285,2025-11-14,CUST-0139,Business Client 0139,Importer,Lucknow,North,Gifts,Corporate Gifts,Trade Show,Anaya,Pending,64,277.22,0.0,17742.12,17742.12,11106.82,6635.3,2025-11,Q4,2025,LEAD-01285,Open,25,Existing
ORD-01286,2025-09-02,CUST-0080,Business Client 0080,Interior Designer,Pune,West,Home Textiles,Cushion Covers,Sales Call,Kabir,Pending,46,3458.81,0.1,159105.23,143194.7,110115.03,33079.67,2025-09,Q3,2025,LEAD-01286,Open,5,Existing
ORD-01287,2025-09-29,CUST-0369,Business Client 0369,Distributor,Surat,West,Home Decor,Vases,Trade Show,Ishita,Won,48,6679.27,0.15,320604.75,272514.04,191180.66,81333.38,2025-09,Q3,2025,LEAD-01287,Converted,26,New
ORD-01288,2026-03-16,CUST-0271,Business Client 0271,Interior Designer,Kochi,South,Home Decor,Decorative Lamps,Trade Show,Arjun,Won,97,6649.7,0.0,645020.44,645020.44,389297.98,255722.46,2026-03,Q1,2026,LEAD-01288,Converted,7,Existing
ORD-01289,2025-08-27,CUST-0007,Business Client 0007,Interior Designer,Delhi,North,Home Decor,Decorative Lamps,Sales Call,Anaya,Won,10,3057.84,0.2,30578.41,24462.73,16570.92,7891.81,2025-08,Q3,2025,LEAD-01289,Converted,40,Existing
ORD-01290,2026-01-12,CUST-0385,Business Client 0385,Manufacturer,Chennai,South,Home Textiles,Bedsheets,Sales Call,Rohan,Won,94,1890.81,0.15,177736.42,151075.96,94739.56,56336.4,2026-01,Q1,2026,LEAD-01290,Converted,10,Existing
ORD-01291,2025-09-23,CUST-0075,Business Client 0075,Retailer,Hyderabad,South,Gifts,Gift Sets,Website,Ishita,Won,40,1167.21,0.05,46688.24,44353.83,33939.93,10413.9,2025-09,Q3,2025,LEAD-01291,Converted,9,Existing
ORD-01292,2025-12-25,CUST-0317,Business Client 0317,Retailer,Surat,West,Clothing & Fashion,Apparel,Field Visit,Ishita,Won,95,1928.25,0.1,183184.04,164865.64,120216.55,44649.09,2025-12,Q4,2025,LEAD-01292,Converted,45,Existing
ORD-01293,2025-12-06,CUST-0128,Business Client 0128,Institutional Buyer,Lucknow,North,Clothing & Fashion,Lifestyle,Referral,Anaya,Won,54,4924.76,0.05,265937.19,252640.33,158673.57,93966.76,2025-12,Q4,2025,LEAD-01293,Converted,18,Existing
ORD-01294,2026-01-24,CUST-0116,Business Client 0116,Importer,Kolkata,East,Home Decor,Vases,Sales Call,Diya,Won,62,6275.87,0.1,389104.08,350193.67,211933.18,138260.49,2026-01,Q1,2026,LEAD-01294,Converted,38,Existing
ORD-01295,2026-07-31,CUST-0296,Business Client 0296,Manufacturer,Guwahati,East,Clothing & Fashion,Lifestyle,Sales Call,Arjun,Won,19,3260.98,0.0,61958.6,61958.6,37201.37,24757.23,2026-07,Q3,2026,LEAD-01295,Converted,35,Existing
ORD-01296,2025-01-03,CUST-0140,Business Client 0140,Retailer,Bengaluru,South,Home Decor,Wall Decor,Website,Ishita,Won,61,3177.79,0.2,193845.41,155076.33,97276.4,57799.93,2025-01,Q1,2025,LEAD-01296,Converted,17,New
ORD-01297,2026-03-05,CUST-0271,Business Client 0271,Distributor,Kolkata,East,Houseware,Kitchenware,Trade Show,Rohan,Won,12,1338.38,0.15,16060.51,13651.44,9923.56,3727.88,2026-03,Q1,2026,LEAD-01297,Converted,38,Existing
ORD-01298,2025-05-22,CUST-0068,Business Client 0068,Manufacturer,Gurugram,North,Home Decor,Rugs,Field Visit,Arjun,Won,17,4296.22,0.05,73035.82,69384.03,48099.95,21284.08,2025-05,Q2,2025,LEAD-01298,Converted,14,New
ORD-01299,2026-01-11,CUST-0227,Business Client 0227,Institutional Buyer,Delhi,North,Clothing & Fashion,Lifestyle,Referral,Meera,Won,43,3626.97,0.05,155959.88,148161.89,109982.14,38179.75,2026-01,Q1,2026,LEAD-01299,Converted,13,Existing
ORD-01300,2025-11-20,CUST-0204,Business Client 0204,Manufacturer,Delhi,North,Clothing & Fashion,Fashion Accessories,Trade Show,Arjun,Won,78,2358.75,0.0,183982.87,183982.87,141821.98,42160.89,2025-11,Q4,2025,LEAD-01300,Converted,20,Existing
ORD-01301,2025-05-26,CUST-0058,Business Client 0058,Institutional Buyer,Nagpur,Central,Home Decor,Decorative Lamps,Field Visit,Kabir,Won,27,4058.69,0.1,109584.6,98626.14,57550.95,41075.19,2025-05,Q2,2025,LEAD-01301,Converted,16,Existing
ORD-01302,2025-10-20,CUST-0009,Business Client 0009,Interior Designer,Jaipur,North,Clothing & Fashion,Fashion Accessories,Field Visit,Rohan,Won,97,2584.6,0.0,250706.07,250706.07,163313.25,87392.82,2025-10,Q4,2025,LEAD-01302,Converted,37,Existing
ORD-01303,2026-03-08,CUST-0107,Business Client 0107,Retailer,Jaipur,North,Home Textiles,Towels,Email Campaign,Aarav,Pending,92,936.45,0.1,86153.21,77537.89,56877.78,20660.11,2026-03,Q1,2026,LEAD-01303,Open,32,Existing
ORD-01304,2026-08-08,CUST-0060,Business Client 0060,Retailer,Kochi,South,Home Textiles,Towels,Website,Aarav,Won,35,2180.01,0.1,76300.46,68670.41,48558.92,20111.49,2026-08,Q3,2026,LEAD-01304,Converted,13,Existing
ORD-01305,2026-02-03,CUST-0187,Business Client 0187,Retailer,Bengaluru,South,Home Decor,Vases,Field Visit,Diya,Won,97,3051.69,0.0,296014.35,296014.35,209239.93,86774.42,2026-02,Q1,2026,LEAD-01305,Converted,35,Existing
ORD-01306,2025-12-10,CUST-0149,Business Client 0149,Importer,Bengaluru,South,Gifts,Corporate Gifts,Email Campaign,Aarav,Won,11,611.32,0.1,6724.53,6052.07,4508.71,1543.36,2025-12,Q4,2025,LEAD-01306,Converted,15,Existing
ORD-01307,2025-05-20,CUST-0263,Business Client 0263,Importer,Hyderabad,South,Clothing & Fashion,Fashion Accessories,Field Visit,Aarav,Won,96,1078.48,0.05,103534.29,98357.58,58730.13,39627.45,2025-05,Q2,2025,LEAD-01307,Converted,16,Existing
ORD-01308,2025-07-06,CUST-0385,Business Client 0385,Importer,Kolkata,East,Home Textiles,Towels,Email Campaign,Anaya,Won,77,3078.59,0.1,237051.11,213346.0,150993.95,62352.05,2025-07,Q3,2025,LEAD-01308,Converted,24,Existing
ORD-01309,2025-03-02,CUST-0397,Business Client 0397,Manufacturer,Mumbai,West,Houseware,Tableware,Referral,Aarav,Lost,89,1874.97,0.0,166871.91,166871.91,99830.87,67041.04,2025-03,Q1,2025,LEAD-01309,Lost,33,Existing
ORD-01310,2026-01-15,CUST-0219,Business Client 0219,Institutional Buyer,Delhi,North,Gifts,Gift Sets,Referral,Aarav,Pending,34,1558.99,0.0,53005.79,53005.79,35142.4,17863.39,2026-01,Q1,2026,LEAD-01310,Open,38,Existing
ORD-01311,2026-03-16,CUST-0256,Business Client 0256,Institutional Buyer,Nagpur,Central,Home Textiles,Bedsheets,Trade Show,Ishita,Won,63,1492.74,0.1,94042.35,84638.11,53942.19,30695.92,2026-03,Q1,2026,LEAD-01311,Converted,35,Existing
ORD-01312,2025-11-15,CUST-0135,Business Client 0135,Interior Designer,Lucknow,North,Houseware,Tableware,Email Campaign,Diya,Lost,16,1164.47,0.2,18631.44,14905.15,11302.8,3602.35,2025-11,Q4,2025,LEAD-01312,Lost,46,Existing
ORD-01313,2025-10-29,CUST-0072,Business Client 0072,Institutional Buyer,Lucknow,North,Clothing & Fashion,Fashion Accessories,Referral,Kabir,Won,31,2573.66,0.05,79783.39,75794.22,46653.89,29140.33,2025-10,Q4,2025,LEAD-01313,Converted,38,Existing
ORD-01314,2025-12-10,CUST-0012,Business Client 0012,Retailer,Hyderabad,South,Home Decor,Decorative Lamps,Trade Show,Meera,Won,50,4114.93,0.0,205746.69,205746.69,147370.83,58375.86,2025-12,Q4,2025,LEAD-01314,Converted,39,Existing
ORD-01315,2025-01-11,CUST-0363,Business Client 0363,Retailer,Pune,West,Home Textiles,Cushion Covers,Email Campaign,Meera,Won,21,1829.77,0.05,38425.21,36503.95,24414.32,12089.63,2025-01,Q1,2025,LEAD-01315,Converted,41,New
ORD-01316,2025-03-03,CUST-0315,Business Client 0315,Retailer,Chennai,South,Home Decor,Wall Decor,Sales Call,Kabir,Pending,84,3923.63,0.0,329585.34,329585.34,244069.23,85516.11,2025-03,Q1,2025,LEAD-01316,Open,44,New
ORD-01317,2025-08-14,CUST-0250,Business Client 0250,Institutional Buyer,Kochi,South,Home Textiles,Bedsheets,Sales Call,Diya,Won,78,2194.19,0.0,171146.49,171146.49,110777.67,60368.82,2025-08,Q3,2025,LEAD-01317,Converted,16,New
ORD-01318,2025-06-02,CUST-0229,Business Client 0229,Institutional Buyer,Ahmedabad,West,Houseware,Utility,Website,Aarav,Pending,81,1979.27,0.0,160320.76,160320.76,107283.06,53037.7,2025-06,Q2,2025,LEAD-01318,Open,57,Existing
ORD-01319,2026-07-18,CUST-0264,Business Client 0264,Importer,Lucknow,North,Gifts,Corporate Gifts,Field Visit,Kabir,Won,7,680.48,0.1,4763.38,4287.04,2602.49,1684.55,2026-07,Q3,2026,LEAD-01319,Converted,25,Existing
ORD-01320,2026-07-25,CUST-0140,Business Client 0140,Distributor,Nagpur,Central,Clothing & Fashion,Apparel,Field Visit,Arjun,Won,92,4996.61,0.1,459687.88,413719.09,270771.79,142947.3,2026-07,Q3,2026,LEAD-01320,Converted,5,Existing
ORD-01321,2026-08-07,CUST-0091,Business Client 0091,Distributor,Gurugram,North,Home Decor,Wall Decor,Website,Aarav,Won,70,2469.56,0.1,172869.48,155582.53,116539.15,39043.38,2026-08,Q3,2026,LEAD-01321,Converted,32,Existing
ORD-01322,2026-07-29,CUST-0032,Business Client 0032,Interior Designer,Kolkata,East,Clothing & Fashion,Fashion Accessories,Sales Call,Meera,Won,48,3925.7,0.15,188433.42,160168.41,123647.94,36520.47,2026-07,Q3,2026,LEAD-01322,Converted,16,Existing
ORD-01323,2025-11-06,CUST-0218,Business Client 0218,Retailer,Bhubaneswar,East,Clothing & Fashion,Lifestyle,Email Campaign,Rohan,Won,66,3026.91,0.0,199776.16,199776.16,120434.89,79341.27,2025-11,Q4,2025,LEAD-01323,Converted,38,Existing
ORD-01324,2025-08-31,CUST-0043,Business Client 0043,Retailer,Chennai,South,Houseware,Storage,Email Campaign,Meera,Won,7,1500.6,0.1,10504.22,9453.79,5614.22,3839.57,2025-08,Q3,2025,LEAD-01324,Converted,16,Existing
ORD-01325,2026-05-08,CUST-0260,Business Client 0260,Retailer,Guwahati,East,Home Decor,Wall Decor,Trade Show,Aarav,Won,93,1650.02,0.15,153451.83,130434.05,80979.75,49454.3,2026-05,Q2,2026,LEAD-01325,Converted,37,Existing
ORD-01326,2026-01-01,CUST-0159,Business Client 0159,Manufacturer,Pune,West,Home Decor,Vases,Website,Anaya,Won,86,2200.35,0.1,189229.72,170306.74,101723.69,68583.05,2026-01,Q1,2026,LEAD-01326,Converted,22,New
ORD-01327,2025-11-26,CUST-0139,Business Client 0139,Importer,Nagpur,Central,Clothing & Fashion,Lifestyle,Referral,Kabir,Won,23,4990.54,0.05,114782.43,109043.31,79083.5,29959.81,2025-11,Q4,2025,LEAD-01327,Converted,12,Existing
ORD-01328,2025-04-17,CUST-0310,Business Client 0310,Manufacturer,Jaipur,North,Home Textiles,Bedsheets,Email Campaign,Anaya,Won,5,3189.09,0.0,15945.47,15945.47,9314.59,6630.88,2025-04,Q2,2025,LEAD-01328,Converted,34,Existing
ORD-01329,2025-08-14,CUST-0380,Business Client 0380,Interior Designer,Lucknow,North,Home Textiles,Curtains,Email Campaign,Diya,Won,24,2826.24,0.05,67829.85,64438.35,39744.9,24693.45,2025-08,Q3,2025,LEAD-01329,Converted,36,Existing
ORD-01330,2025-08-06,CUST-0398,Business Client 0398,Importer,Nagpur,Central,Houseware,Utility,Trade Show,Rohan,Pending,31,1276.4,0.15,39568.3,33633.06,21637.31,11995.75,2025-08,Q3,2025,LEAD-01330,Open,46,Existing
ORD-01331,2026-05-21,CUST-0364,Business Client 0364,Importer,Lucknow,North,Houseware,Tableware,Sales Call,Ishita,Pending,56,694.65,0.1,38900.2,35010.18,22004.65,13005.53,2026-05,Q2,2026,LEAD-01331,Open,27,Existing
ORD-01332,2025-09-16,CUST-0254,Business Client 0254,Institutional Buyer,Gurugram,North,Home Textiles,Towels,Field Visit,Ishita,Won,80,1591.61,0.1,127328.43,114595.59,71980.81,42614.78,2025-09,Q3,2025,LEAD-01332,Converted,18,Existing
ORD-01333,2026-06-01,CUST-0167,Business Client 0167,Manufacturer,Pune,West,Clothing & Fashion,Fashion Accessories,Trade Show,Anaya,Won,44,4791.01,0.15,210804.25,179183.61,113263.57,65920.04,2026-06,Q2,2026,LEAD-01333,Converted,22,Existing
ORD-01334,2025-02-23,CUST-0249,Business Client 0249,Distributor,Mumbai,West,Home Decor,Decorative Lamps,Email Campaign,Meera,Won,35,6886.46,0.2,241026.17,192820.94,126244.15,66576.79,2025-02,Q1,2025,LEAD-01334,Converted,34,New
ORD-01335,2025-02-16,CUST-0197,Business Client 0197,Retailer,Hyderabad,South,Houseware,Tableware,Trade Show,Ishita,Won,90,2940.19,0.05,264616.84,251386.0,149635.93,101750.07,2025-02,Q1,2025,LEAD-01335,Converted,19,New
ORD-01336,2026-06-05,CUST-0309,Business Client 0309,Distributor,Kochi,South,Home Textiles,Curtains,Field Visit,Meera,Won,40,572.88,0.05,22915.12,21769.37,14775.21,6994.16,2026-06,Q2,2026,LEAD-01336,Converted,18,Existing
ORD-01337,2025-04-09,CUST-0053,Business Client 0053,Retailer,Chennai,South,Home Textiles,Cushion Covers,Email Campaign,Aarav,Lost,99,1903.37,0.1,188433.56,169590.21,121830.29,47759.92,2025-04,Q2,2025,LEAD-01337,Lost,19,New
ORD-01338,2025-01-20,CUST-0368,Business Client 0368,Importer,Jaipur,North,Home Textiles,Bedsheets,Email Campaign,Ishita,Won,12,856.93,0.2,10283.12,8226.5,5360.93,2865.57,2025-01,Q1,2025,LEAD-01338,Converted,17,New
ORD-01339,2026-07-27,CUST-0159,Business Client 0159,Importer,Nagpur,Central,Houseware,Kitchenware,Trade Show,Ishita,Won,39,1222.83,0.05,47690.29,45305.77,30223.12,15082.65,2026-07,Q3,2026,LEAD-01339,Converted,30,Existing
ORD-01340,2026-05-05,CUST-0049,Business Client 0049,Retailer,Jaipur,North,Home Textiles,Bedsheets,Field Visit,Aarav,Won,30,573.29,0.1,17198.82,15478.94,9982.75,5496.19,2026-05,Q2,2026,LEAD-01340,Converted,41,Existing
ORD-01341,2026-02-23,CUST-0083,Business Client 0083,Retailer,Nagpur,Central,Houseware,Storage,Sales Call,Arjun,Won,85,1515.51,0.0,128818.57,128818.57,88235.51,40583.06,2026-02,Q1,2026,LEAD-01341,Converted,22,Existing
ORD-01342,2025-03-03,CUST-0287,Business Client 0287,Retailer,Ahmedabad,West,Gifts,Corporate Gifts,Field Visit,Aarav,Won,20,785.92,0.05,15718.36,14932.44,11161.13,3771.31,2025-03,Q1,2025,LEAD-01342,Converted,40,New
ORD-01343,2025-05-25,CUST-0063,Business Client 0063,Retailer,Delhi,North,Home Decor,Wall Decor,Sales Call,Anaya,Won,41,2762.31,0.15,113254.84,96266.62,65430.64,30835.98,2025-05,Q2,2025,LEAD-01343,Converted,7,Existing
ORD-01344,2025-08-04,CUST-0142,Business Client 0142,Distributor,Kochi,South,Clothing & Fashion,Apparel,Sales Call,Kabir,Won,57,3744.73,0.15,213449.39,181431.98,139449.05,41982.93,2025-08,Q3,2025,LEAD-01344,Converted,29,Existing
ORD-01345,2025-01-03,CUST-0083,Business Client 0083,Importer,Lucknow,North,Home Decor,Rugs,Sales Call,Rohan,Lost,71,5603.0,0.0,397812.71,397812.71,236379.45,161433.26,2025-01,Q1,2025,LEAD-01345,Lost,51,New
ORD-01346,2025-06-09,CUST-0028,Business Client 0028,Retailer,Gurugram,North,Gifts,Gift Sets,Trade Show,Arjun,Won,87,1605.32,0.0,139662.47,139662.47,97770.02,41892.45,2025-06,Q2,2025,LEAD-01346,Converted,44,Existing
ORD-01347,2025-04-30,CUST-0272,Business Client 0272,Institutional Buyer,Bhubaneswar,East,Clothing & Fashion,Apparel,Sales Call,Anaya,Won,15,2100.42,0.05,31506.27,29930.96,18920.13,11010.83,2025-04,Q2,2025,LEAD-01347,Converted,43,New
ORD-01348,2025-03-30,CUST-0210,Business Client 0210,Distributor,Pune,West,Houseware,Storage,Trade Show,Arjun,Pending,7,2797.16,0.05,19580.12,18601.12,11792.72,6808.4,2025-03,Q1,2025,LEAD-01348,Open,34,New
ORD-01349,2025-11-25,CUST-0306,Business Client 0306,Retailer,Ahmedabad,West,Home Textiles,Curtains,Referral,Arjun,Lost,48,2734.04,0.0,131234.02,131234.02,78912.67,52321.35,2025-11,Q4,2025,LEAD-01349,Lost,31,New
ORD-01350,2026-08-03,CUST-0386,Business Client 0386,Importer,Bengaluru,South,Gifts,Gift Sets,Website,Meera,Won,36,1846.98,0.0,66491.15,66491.15,49768.18,16722.97,2026-08,Q3,2026,LEAD-01350,Converted,40,Existing
ORD-01351,2025-12-23,CUST-0219,Business Client 0219,Interior Designer,Kolkata,East,Home Decor,Decorative Lamps,Website,Rohan,Won,30,6505.19,0.05,195155.82,185398.03,137960.61,47437.42,2025-12,Q4,2025,LEAD-01351,Converted,7,Existing
ORD-01352,2026-09-02,CUST-0196,Business Client 0196,Manufacturer,Guwahati,East,Clothing & Fashion,Lifestyle,Referral,Aarav,Won,62,3089.22,0.2,191531.5,153225.2,114089.96,39135.24,2026-09,Q3,2026,LEAD-01352,Converted,29,Existing
ORD-01353,2025-09-24,CUST-0011,Business Client 0011,Distributor,Surat,West,Houseware,Utility,Email Campaign,Rohan,Won,87,1914.17,0.1,166533.14,149879.82,112059.13,37820.69,2025-09,Q3,2025,LEAD-01353,Converted,21,New
ORD-01354,2026-09-09,CUST-0200,Business Client 0200,Retailer,Guwahati,East,Houseware,Storage,Trade Show,Arjun,Won,14,1037.64,0.05,14527.03,13800.68,10254.3,3546.38,2026-09,Q3,2026,LEAD-01354,Converted,44,Existing
ORD-01355,2025-11-19,CUST-0036,Business Client 0036,Interior Designer,Delhi,North,Gifts,Festive Gifts,Field Visit,Meera,Won,8,2161.85,0.05,17294.83,16430.09,12472.29,3957.8,2025-11,Q4,2025,LEAD-01355,Converted,38,New
ORD-01356,2026-09-27,CUST-0342,Business Client 0342,Interior Designer,Hyderabad,South,Home Decor,Wall Decor,Sales Call,Diya,Won,55,1158.69,0.1,63727.7,57354.93,33800.03,23554.9,2026-09,Q3,2026,LEAD-01356,Converted,44,New
ORD-01357,2026-06-25,CUST-0061,Business Client 0061,Manufacturer,Surat,West,Gifts,Festive Gifts,Email Campaign,Anaya,Won,21,760.8,0.05,15976.73,15177.9,9014.92,6162.98,2026-06,Q2,2026,LEAD-01357,Converted,44,Existing
ORD-01358,2025-07-14,CUST-0169,Business Client 0169,Interior Designer,Guwahati,East,Clothing & Fashion,Lifestyle,Sales Call,Kabir,Won,68,1007.07,0.05,68481.01,65056.96,38081.92,26975.04,2025-07,Q3,2025,LEAD-01358,Converted,32,Existing
ORD-01359,2025-11-28,CUST-0310,Business Client 0310,Retailer,Hyderabad,South,Houseware,Storage,Sales Call,Diya,Won,23,884.56,0.0,20344.82,20344.82,12931.79,7413.03,2025-11,Q4,2025,LEAD-01359,Converted,27,Existing
ORD-01360,2025-06-19,CUST-0031,Business Client 0031,Institutional Buyer,Gurugram,North,Home Textiles,Bedsheets,Website,Kabir,Won,45,1414.49,0.15,63652.04,54104.24,38489.89,15614.35,2025-06,Q2,2025,LEAD-01360,Converted,7,Existing
ORD-01361,2026-06-05,CUST-0203,Business Client 0203,Distributor,Bengaluru,South,Clothing & Fashion,Lifestyle,Sales Call,Diya,Won,60,3070.93,0.0,184255.98,184255.98,127554.68,56701.3,2026-06,Q2,2026,LEAD-01361,Converted,24,Existing
ORD-01362,2026-04-08,CUST-0335,Business Client 0335,Importer,Bhubaneswar,East,Home Decor,Rugs,Sales Call,Arjun,Won,98,5675.02,0.0,556152.19,556152.19,411124.44,145027.75,2026-04,Q2,2026,LEAD-01362,Converted,42,Existing
ORD-01363,2025-02-09,CUST-0147,Business Client 0147,Retailer,Lucknow,North,Home Textiles,Bedsheets,Email Campaign,Aarav,Won,8,3332.2,0.1,26657.6,23991.84,14480.05,9511.79,2025-02,Q1,2025,LEAD-01363,Converted,10,New
ORD-01364,2026-06-21,CUST-0392,Business Client 0392,Institutional Buyer,Mumbai,West,Home Textiles,Curtains,Sales Call,Kabir,Won,42,2534.75,0.2,106459.51,85167.61,54510.37,30657.24,2026-06,Q2,2026,LEAD-01364,Converted,26,Existing
ORD-01365,2025-09-18,CUST-0101,Business Client 0101,Retailer,Bhubaneswar,East,Houseware,Storage,Email Campaign,Arjun,Won,43,2178.74,0.1,93685.69,84317.12,59133.66,25183.46,2025-09,Q3,2025,LEAD-01365,Converted,43,Existing
ORD-01366,2026-01-30,CUST-0359,Business Client 0359,Importer,Kolkata,East,Houseware,Kitchenware,Sales Call,Arjun,Won,99,1617.13,0.2,160095.58,128076.47,99485.73,28590.74,2026-01,Q1,2026,LEAD-01366,Converted,24,Existing
ORD-01367,2025-08-14,CUST-0213,Business Client 0213,Institutional Buyer,Delhi,North,Gifts,Corporate Gifts,Sales Call,Kabir,Lost,82,1360.87,0.0,111591.19,111591.19,65970.22,45620.97,2025-08,Q3,2025,LEAD-01367,Lost,29,New
ORD-01368,2025-05-04,CUST-0002,Business Client 0002,Interior Designer,Bhubaneswar,East,Clothing & Fashion,Lifestyle,Website,Rohan,Won,66,4023.07,0.05,265522.53,252246.4,160037.95,92208.45,2025-05,Q2,2025,LEAD-01368,Converted,44,Existing
ORD-01369,2025-02-07,CUST-0130,Business Client 0130,Institutional Buyer,Pune,West,Home Decor,Wall Decor,Field Visit,Ishita,Won,35,3183.09,0.05,111408.22,105837.81,65295.46,40542.35,2025-02,Q1,2025,LEAD-01369,Converted,28,New
ORD-01370,2025-11-24,CUST-0197,Business Client 0197,Interior Designer,Kochi,South,Home Decor,Vases,Email Campaign,Anaya,Won,45,1691.68,0.0,76125.72,76125.72,51480.13,24645.59,2025-11,Q4,2025,LEAD-01370,Converted,34,Existing
ORD-01371,2025-09-08,CUST-0339,Business Client 0339,Institutional Buyer,Jaipur,North,Gifts,Gift Sets,Website,Meera,Pending,82,579.56,0.05,47523.86,45147.66,33255.85,11891.81,2025-09,Q3,2025,LEAD-01371,Open,47,Existing
ORD-01372,2025-06-25,CUST-0136,Business Client 0136,Retailer,Nagpur,Central,Houseware,Tableware,Trade Show,Rohan,Won,11,1062.27,0.1,11684.98,10516.48,6355.28,4161.2,2025-06,Q2,2025,LEAD-01372,Converted,8,New
ORD-01373,2026-08-25,CUST-0147,Business Client 0147,Interior Designer,Ahmedabad,West,Houseware,Storage,Website,Diya,Won,85,2973.88,0.15,252779.84,214862.86,157665.68,57197.18,2026-08,Q3,2026,LEAD-01373,Converted,34,Existing
ORD-01374,2026-03-30,CUST-0392,Business Client 0392,Manufacturer,Chennai,South,Gifts,Gift Sets,Field Visit,Aarav,Won,62,601.71,0.1,37305.89,33575.3,20289.18,13286.12,2026-03,Q1,2026,LEAD-01374,Converted,4,Existing
ORD-01375,2025-02-06,CUST-0139,Business Client 0139,Institutional Buyer,Bengaluru,South,Home Decor,Decorative Lamps,Website,Arjun,Won,45,6142.15,0.1,276396.62,248756.96,173822.9,74934.06,2025-02,Q1,2025,LEAD-01375,Converted,33,New
ORD-01376,2025-11-12,CUST-0309,Business Client 0309,Distributor,Jaipur,North,Home Textiles,Curtains,Website,Kabir,Won,73,1484.24,0.15,108349.35,92096.95,58456.99,33639.96,2025-11,Q4,2025,LEAD-01376,Converted,21,Existing
ORD-01377,2026-08-16,CUST-0148,Business Client 0148,Retailer,Ahmedabad,West,Houseware,Tableware,Trade Show,Meera,Pending,53,2294.78,0.0,121623.58,121623.58,91497.39,30126.19,2026-08,Q3,2026,LEAD-01377,Open,58,Existing
ORD-01378,2025-04-24,CUST-0035,Business Client 0035,Interior Designer,Delhi,North,Gifts,Gift Sets,Website,Rohan,Won,28,1420.71,0.15,39779.95,33812.96,25680.77,8132.19,2025-04,Q2,2025,LEAD-01378,Converted,29,Existing
ORD-01379,2025-02-09,CUST-0257,Business Client 0257,Distributor,Guwahati,East,Home Decor,Decorative Lamps,Field Visit,Kabir,Won,22,2529.4,0.15,55646.78,47299.76,34048.97,13250.79,2025-02,Q1,2025,LEAD-01379,Converted,43,Existing
ORD-01380,2025-10-28,CUST-0386,Business Client 0386,Distributor,Gurugram,North,Houseware,Utility,Sales Call,Rohan,Won,17,1084.98,0.15,18444.7,15678.0,11394.95,4283.05,2025-10,Q4,2025,LEAD-01380,Converted,18,Existing
ORD-01381,2025-08-12,CUST-0345,Business Client 0345,Importer,Nagpur,Central,Gifts,Corporate Gifts,Referral,Arjun,Won,37,1243.15,0.15,45996.47,39097.0,27122.16,11974.84,2025-08,Q3,2025,LEAD-01381,Converted,22,Existing
ORD-01382,2025-11-14,CUST-0196,Business Client 0196,Distributor,Mumbai,West,Home Textiles,Towels,Website,Ishita,Won,10,2298.13,0.1,22981.27,20683.14,13656.07,7027.07,2025-11,Q4,2025,LEAD-01382,Converted,13,Existing
ORD-01383,2025-12-15,CUST-0117,Business Client 0117,Institutional Buyer,Lucknow,North,Home Decor,Decorative Lamps,Trade Show,Diya,Lost,62,3973.13,0.05,246334.0,234017.3,172706.02,61311.28,2025-12,Q4,2025,LEAD-01383,Lost,3,Existing
ORD-01384,2025-04-25,CUST-0167,Business Client 0167,Distributor,Pune,West,Home Decor,Wall Decor,Field Visit,Meera,Won,99,6677.41,0.05,661063.72,628010.53,386713.66,241296.87,2025-04,Q2,2025,LEAD-01384,Converted,19,New
ORD-01385,2025-11-19,CUST-0093,Business Client 0093,Distributor,Hyderabad,South,Clothing & Fashion,Apparel,Referral,Rohan,Won,18,2375.78,0.15,42764.09,36349.48,25612.36,10737.12,2025-11,Q4,2025,LEAD-01385,Converted,34,Existing
ORD-01386,2026-07-22,CUST-0275,Business Client 0275,Manufacturer,Chennai,South,Home Textiles,Towels,Email Campaign,Kabir,Won,20,1584.3,0.1,31686.09,28517.48,18591.06,9926.42,2026-07,Q3,2026,LEAD-01386,Converted,19,Existing
ORD-01387,2025-02-09,CUST-0336,Business Client 0336,Distributor,Lucknow,North,Gifts,Gift Sets,Email Campaign,Diya,Won,18,2334.94,0.1,42029.0,37826.1,22257.02,15569.08,2025-02,Q1,2025,LEAD-01387,Converted,19,New
ORD-01388,2025-02-09,CUST-0400,Business Client 0400,Importer,Kochi,South,Clothing & Fashion,Apparel,Email Campaign,Diya,Lost,68,739.17,0.0,50263.78,50263.78,31844.49,18419.29,2025-02,Q1,2025,LEAD-01388,Lost,53,Existing
ORD-01389,2025-10-16,CUST-0179,Business Client 0179,Retailer,Hyderabad,South,Gifts,Corporate Gifts,Trade Show,Meera,Pending,22,1713.58,0.1,37698.71,33928.84,23905.03,10023.81,2025-10,Q4,2025,LEAD-01389,Open,56,Existing
ORD-01390,2025-09-19,CUST-0161,Business Client 0161,Manufacturer,Delhi,North,Home Decor,Vases,Website,Ishita,Won,57,6873.94,0.05,391814.72,372223.98,225987.39,146236.59,2025-09,Q3,2025,LEAD-01390,Converted,38,Existing
ORD-01391,2025-08-04,CUST-0324,Business Client 0324,Institutional Buyer,Gurugram,North,Clothing & Fashion,Fashion Accessories,Sales Call,Ishita,Won,15,895.35,0.15,13430.29,11415.75,7725.47,3690.28,2025-08,Q3,2025,LEAD-01391,Converted,12,Existing
ORD-01392,2025-05-27,CUST-0337,Business Client 0337,Manufacturer,Kochi,South,Home Textiles,Cushion Covers,Referral,Aarav,Won,84,3061.84,0.0,257194.44,257194.44,183225.79,73968.65,2025-05,Q2,2025,LEAD-01392,Converted,43,Existing
ORD-01393,2025-12-02,CUST-0013,Business Client 0013,Interior Designer,Gurugram,North,Home Textiles,Curtains,Trade Show,Anaya,Won,37,1778.96,0.05,65821.48,62530.41,38505.61,24024.8,2025-12,Q4,2025,LEAD-01393,Converted,13,Existing
ORD-01394,2025-06-17,CUST-0031,Business Client 0031,Manufacturer,Kochi,South,Houseware,Utility,Field Visit,Anaya,Won,61,762.68,0.15,46523.71,39545.15,24117.49,15427.66,2025-06,Q2,2025,LEAD-01394,Converted,21,New
ORD-01395,2025-04-02,CUST-0037,Business Client 0037,Importer,Jaipur,North,Clothing & Fashion,Fashion Accessories,Trade Show,Kabir,Won,54,2563.94,0.1,138452.83,124607.55,89905.12,34702.43,2025-04,Q2,2025,LEAD-01395,Converted,18,New
ORD-01396,2025-12-19,CUST-0349,Business Client 0349,Importer,Lucknow,North,Home Textiles,Curtains,Trade Show,Rohan,Won,47,609.32,0.1,28637.97,25774.17,19863.57,5910.6,2025-12,Q4,2025,LEAD-01396,Converted,33,Existing
ORD-01397,2026-07-25,CUST-0253,Business Client 0253,Manufacturer,Jaipur,North,Home Textiles,Cushion Covers,Trade Show,Kabir,Won,34,1602.13,0.05,54472.44,51748.82,33043.17,18705.65,2026-07,Q3,2026,LEAD-01397,Converted,35,Existing
ORD-01398,2026-07-25,CUST-0349,Business Client 0349,Retailer,Nagpur,Central,Home Decor,Wall Decor,Sales Call,Kabir,Won,97,4578.33,0.1,444097.92,399688.13,297696.04,101992.09,2026-07,Q3,2026,LEAD-01398,Converted,43,Existing
ORD-01399,2025-12-29,CUST-0221,Business Client 0221,Distributor,Pune,West,Home Decor,Decorative Lamps,Field Visit,Arjun,Won,49,3995.32,0.1,195770.72,176193.65,105210.33,70983.32,2025-12,Q4,2025,LEAD-01399,Converted,30,New
ORD-01400,2026-07-11,CUST-0358,Business Client 0358,Interior Designer,Hyderabad,South,Clothing & Fashion,Lifestyle,Field Visit,Ishita,Lost,85,1185.28,0.05,100748.61,95711.18,63004.89,32706.29,2026-07,Q3,2026,LEAD-01400,Lost,55,Existing
ORD-01401,2025-12-11,CUST-0124,Business Client 0124,Interior Designer,Delhi,North,Home Decor,Decorative Lamps,Referral,Meera,Pending,69,2792.99,0.0,192716.1,192716.1,122404.36,70311.74,2025-12,Q4,2025,LEAD-01401,Open,33,Existing
ORD-01402,2025-06-19,CUST-0140,Business Client 0140,Retailer,Chennai,South,Home Decor,Wall Decor,Website,Aarav,Pending,80,5854.5,0.0,468360.0,468360.0,308294.99,160065.01,2025-06,Q2,2025,LEAD-01402,Open,28,Existing
ORD-01403,2025-12-22,CUST-0110,Business Client 0110,Retailer,Chennai,South,Houseware,Utility,Website,Ishita,Won,33,2366.59,0.05,78097.54,74192.66,53862.77,20329.89,2025-12,Q4,2025,LEAD-01403,Converted,9,Existing
ORD-01404,2025-07-10,CUST-0296,Business Client 0296,Institutional Buyer,Nagpur,Central,Houseware,Kitchenware,Referral,Aarav,Won,41,971.53,0.1,39832.83,35849.54,22342.76,13506.78,2025-07,Q3,2025,LEAD-01404,Converted,27,Existing
ORD-01405,2026-02-26,CUST-0289,Business Client 0289,Institutional Buyer,Ahmedabad,West,Houseware,Tableware,Email Campaign,Aarav,Won,72,2046.57,0.1,147353.38,132618.04,78638.6,53979.44,2026-02,Q1,2026,LEAD-01405,Converted,12,Existing
ORD-01406,2025-01-07,CUST-0200,Business Client 0200,Retailer,Hyderabad,South,Home Decor,Rugs,Sales Call,Aarav,Won,16,2504.95,0.15,40079.12,34067.25,23476.7,10590.55,2025-01,Q1,2025,LEAD-01406,Converted,30,New
ORD-01407,2025-05-13,CUST-0112,Business Client 0112,Interior Designer,Kochi,South,Gifts,Festive Gifts,Trade Show,Arjun,Won,49,2032.53,0.1,99594.04,89634.63,54419.55,35215.08,2025-05,Q2,2025,LEAD-01407,Converted,10,Existing
ORD-01408,2026-07-11,CUST-0032,Business Client 0032,Interior Designer,Guwahati,East,Home Textiles,Curtains,Sales Call,Ishita,Won,58,2125.3,0.1,123267.63,110940.87,64376.01,46564.86,2026-07,Q3,2026,LEAD-01408,Converted,9,Existing
ORD-01409,2025-01-31,CUST-0096,Business Client 0096,Manufacturer,Kolkata,East,Home Decor,Rugs,Trade Show,Ishita,Won,26,2238.3,0.1,58195.79,52376.22,35321.21,17055.01,2025-01,Q1,2025,LEAD-01409,Converted,36,New
ORD-01410,2026-06-19,CUST-0221,Business Client 0221,Distributor,Surat,West,Gifts,Gift Sets,Trade Show,Arjun,Won,82,1722.31,0.2,141229.09,112983.27,78104.08,34879.19,2026-06,Q2,2026,LEAD-01410,Converted,24,Existing
ORD-01411,2026-03-02,CUST-0120,Business Client 0120,Interior Designer,Chennai,South,Clothing & Fashion,Apparel,Sales Call,Meera,Won,69,688.49,0.05,47505.61,45130.33,28836.99,16293.34,2026-03,Q1,2026,LEAD-01411,Converted,41,Existing
ORD-01412,2026-01-29,CUST-0144,Business Client 0144,Importer,Chennai,South,Home Decor,Vases,Trade Show,Rohan,Pending,35,4757.31,0.1,166505.81,149855.23,90379.57,59475.66,2026-01,Q1,2026,LEAD-01412,Open,23,Existing
ORD-01413,2025-12-29,CUST-0099,Business Client 0099,Distributor,Lucknow,North,Houseware,Utility,Sales Call,Diya,Pending,76,861.69,0.0,65488.49,65488.49,44604.48,20884.01,2025-12,Q4,2025,LEAD-01413,Open,51,Existing
ORD-01414,2026-03-13,CUST-0400,Business Client 0400,Retailer,Jaipur,North,Clothing & Fashion,Apparel,Trade Show,Ishita,Won,95,3587.08,0.1,340772.15,306694.94,210098.67,96596.27,2026-03,Q1,2026,LEAD-01414,Converted,40,Existing
ORD-01415,2026-07-05,CUST-0322,Business Client 0322,Distributor,Hyderabad,South,Houseware,Storage,Trade Show,Rohan,Pending,53,568.73,0.05,30142.71,28635.58,18276.25,10359.33,2026-07,Q3,2026,LEAD-01415,Open,9,Existing
ORD-01416,2025-03-23,CUST-0329,Business Client 0329,Manufacturer,Surat,West,Home Decor,Vases,Sales Call,Anaya,Won,96,6165.59,0.2,591896.22,473516.98,301332.09,172184.89,2025-03,Q1,2025,LEAD-01416,Converted,31,New
ORD-01417,2025-12-22,CUST-0249,Business Client 0249,Distributor,Ahmedabad,West,Home Textiles,Curtains,Field Visit,Meera,Won,53,1716.79,0.0,90989.8,90989.8,68741.85,22247.95,2025-12,Q4,2025,LEAD-01417,Converted,8,Existing
ORD-01418,2025-09-15,CUST-0327,Business Client 0327,Interior Designer,Gurugram,North,Houseware,Kitchenware,Referral,Aarav,Won,20,2099.59,0.0,41991.74,41991.74,32736.48,9255.26,2025-09,Q3,2025,LEAD-01418,Converted,15,Existing
ORD-01419,2026-08-12,CUST-0207,Business Client 0207,Importer,Lucknow,North,Clothing & Fashion,Fashion Accessories,Referral,Rohan,Pending,100,4535.09,0.15,453508.7,385482.39,262974.31,122508.08,2026-08,Q3,2026,LEAD-01419,Open,39,Existing
ORD-01420,2026-06-08,CUST-0372,Business Client 0372,Distributor,Kochi,South,Home Textiles,Cushion Covers,Trade Show,Arjun,Won,8,1412.14,0.15,11297.09,9602.52,6532.38,3070.14,2026-06,Q2,2026,LEAD-01420,Converted,44,Existing
ORD-01421,2025-10-22,CUST-0365,Business Client 0365,Interior Designer,Chennai,South,Clothing & Fashion,Apparel,Website,Anaya,Won,34,702.02,0.1,23868.65,21481.78,15977.75,5504.03,2025-10,Q4,2025,LEAD-01421,Converted,41,Existing
ORD-01422,2025-08-12,CUST-0234,Business Client 0234,Distributor,Bhubaneswar,East,Clothing & Fashion,Apparel,Sales Call,Arjun,Lost,82,3693.82,0.2,302893.02,242314.42,176247.91,66066.51,2025-08,Q3,2025,LEAD-01422,Lost,31,Existing
ORD-01423,2026-06-09,CUST-0244,Business Client 0244,Importer,Mumbai,West,Houseware,Utility,Email Campaign,Anaya,Pending,10,2049.73,0.05,20497.31,19472.44,13099.95,6372.49,2026-06,Q2,2026,LEAD-01423,Open,46,Existing
ORD-01424,2025-02-15,CUST-0119,Business Client 0119,Interior Designer,Gurugram,North,Home Textiles,Bedsheets,Sales Call,Rohan,Won,93,557.1,0.1,51810.0,46629.0,34648.48,11980.52,2025-02,Q1,2025,LEAD-01424,Converted,5,New
ORD-01425,2025-04-23,CUST-0396,Business Client 0396,Importer,Gurugram,North,Houseware,Tableware,Sales Call,Diya,Won,60,2933.4,0.1,176003.85,158403.47,108349.95,50053.52,2025-04,Q2,2025,LEAD-01425,Converted,15,New
ORD-01426,2025-08-21,CUST-0374,Business Client 0374,Importer,Mumbai,West,Home Textiles,Bedsheets,Website,Meera,Lost,88,3411.74,0.05,300232.76,285221.13,209859.85,75361.28,2025-08,Q3,2025,LEAD-01426,Lost,47,Existing
ORD-01427,2025-01-17,CUST-0297,Business Client 0297,Retailer,Guwahati,East,Clothing & Fashion,Apparel,Field Visit,Arjun,Won,74,1665.13,0.2,123219.57,98575.65,73054.95,25520.7,2025-01,Q1,2025,LEAD-01427,Converted,5,New
ORD-01428,2025-12-26,CUST-0124,Business Client 0124,Importer,Bengaluru,South,Clothing & Fashion,Fashion Accessories,Sales Call,Kabir,Won,41,650.05,0.05,26651.91,25319.32,15449.67,9869.65,2025-12,Q4,2025,LEAD-01428,Converted,44,Existing
ORD-01429,2025-08-11,CUST-0082,Business Client 0082,Importer,Nagpur,Central,Home Decor,Vases,Sales Call,Anaya,Lost,62,1236.76,0.1,76679.03,69011.13,52526.9,16484.23,2025-08,Q3,2025,LEAD-01429,Lost,19,New
ORD-01430,2026-03-24,CUST-0332,Business Client 0332,Retailer,Bengaluru,South,Gifts,Gift Sets,Email Campaign,Aarav,Won,49,1017.35,0.1,49850.12,44865.1,28020.57,16844.53,2026-03,Q1,2026,LEAD-01430,Converted,33,New
ORD-01431,2025-12-31,CUST-0071,Business Client 0071,Distributor,Nagpur,Central,Home Textiles,Curtains,Website,Ishita,Won,19,2542.99,0.1,48316.77,43485.1,26204.89,17280.21,2025-12,Q4,2025,LEAD-01431,Converted,39,New
ORD-01432,2025-11-22,CUST-0175,Business Client 0175,Institutional Buyer,Mumbai,West,Home Textiles,Cushion Covers,Trade Show,Ishita,Pending,87,3108.58,0.0,270446.31,270446.31,185954.27,84492.04,2025-11,Q4,2025,LEAD-01432,Open,41,Existing
ORD-01433,2026-04-12,CUST-0153,Business Client 0153,Distributor,Nagpur,Central,Houseware,Tableware,Sales Call,Rohan,Pending,10,1009.34,0.1,10093.39,9084.05,5290.73,3793.32,2026-04,Q2,2026,LEAD-01433,Open,37,Existing
ORD-01434,2026-02-18,CUST-0169,Business Client 0169,Importer,Gurugram,North,Houseware,Kitchenware,Sales Call,Rohan,Won,30,496.05,0.0,14881.48,14881.48,10580.66,4300.82,2026-02,Q1,2026,LEAD-01434,Converted,27,Existing
ORD-01435,2026-03-31,CUST-0293,Business Client 0293,Institutional Buyer,Bengaluru,South,Houseware,Storage,Website,Ishita,Pending,15,2649.06,0.1,39735.91,35762.32,22133.17,13629.15,2026-03,Q1,2026,LEAD-01435,Open,34,Existing
ORD-01436,2026-08-09,CUST-0107,Business Client 0107,Retailer,Kochi,South,Home Textiles,Bedsheets,Referral,Meera,Won,64,2716.9,0.1,173881.68,156493.51,120867.81,35625.7,2026-08,Q3,2026,LEAD-01436,Converted,30,Existing
ORD-01437,2025-08-21,CUST-0327,Business Client 0327,Distributor,Kochi,South,Houseware,Storage,Field Visit,Arjun,Won,56,1870.29,0.1,104736.07,94262.46,57266.62,36995.84,2025-08,Q3,2025,LEAD-01437,Converted,40,New
ORD-01438,2025-08-12,CUST-0182,Business Client 0182,Importer,Gurugram,North,Home Textiles,Towels,Trade Show,Meera,Won,31,1515.67,0.0,46985.88,46985.88,31389.99,15595.89,2025-08,Q3,2025,LEAD-01438,Converted,5,Existing
ORD-01439,2026-02-16,CUST-0351,Business Client 0351,Importer,Jaipur,North,Home Textiles,Towels,Referral,Kabir,Won,55,1055.91,0.05,58075.17,55171.42,39898.58,15272.84,2026-02,Q1,2026,LEAD-01439,Converted,18,Existing
ORD-01440,2026-07-26,CUST-0271,Business Client 0271,Manufacturer,Hyderabad,South,Home Textiles,Towels,Trade Show,Arjun,Won,53,2934.02,0.05,155502.98,147727.83,103016.99,44710.84,2026-07,Q3,2026,LEAD-01440,Converted,14,Existing
ORD-01441,2025-12-01,CUST-0016,Business Client 0016,Importer,Delhi,North,Home Textiles,Towels,Trade Show,Ishita,Won,13,3098.32,0.0,40278.16,40278.16,31328.95,8949.21,2025-12,Q4,2025,LEAD-01441,Converted,30,Existing
ORD-01442,2025-08-10,CUST-0219,Business Client 0219,Interior Designer,Surat,West,Clothing & Fashion,Apparel,Sales Call,Anaya,Won,30,2786.83,0.0,83604.96,83604.96,53523.49,30081.47,2025-08,Q3,2025,LEAD-01442,Converted,26,Existing
ORD-01443,2025-02-06,CUST-0085,Business Client 0085,Distributor,Guwahati,East,Home Textiles,Bedsheets,Sales Call,Diya,Lost,75,986.55,0.0,73990.88,73990.88,44676.09,29314.79,2025-02,Q1,2025,LEAD-01443,Lost,57,Existing
ORD-01444,2025-10-05,CUST-0239,Business Client 0239,Retailer,Kolkata,East,Home Textiles,Bedsheets,Email Campaign,Kabir,Won,36,792.64,0.05,28535.22,27108.45,17703.7,9404.75,2025-10,Q4,2025,LEAD-01444,Converted,33,Existing
ORD-01445,2025-07-15,CUST-0304,Business Client 0304,Distributor,Bhubaneswar,East,Clothing & Fashion,Lifestyle,Email Campaign,Kabir,Won,80,1246.57,0.1,99725.82,89753.23,57659.97,32093.26,2025-07,Q3,2025,LEAD-01445,Converted,27,Existing
ORD-01446,2026-04-29,CUST-0337,Business Client 0337,Interior Designer,Lucknow,North,Gifts,Festive Gifts,Referral,Diya,Won,33,2129.31,0.0,70267.09,70267.09,45706.58,24560.51,2026-04,Q2,2026,LEAD-01446,Converted,22,Existing
ORD-01447,2025-08-30,CUST-0329,Business Client 0329,Retailer,Jaipur,North,Home Decor,Decorative Lamps,Trade Show,Rohan,Won,66,4372.27,0.2,288569.5,230855.6,141865.53,88990.07,2025-08,Q3,2025,LEAD-01447,Converted,32,Existing
ORD-01448,2025-11-20,CUST-0254,Business Client 0254,Interior Designer,Gurugram,North,Clothing & Fashion,Fashion Accessories,Email Campaign,Anaya,Won,39,4877.86,0.1,190236.53,171212.88,116373.06,54839.82,2025-11,Q4,2025,LEAD-01448,Converted,16,Existing
ORD-01449,2025-07-11,CUST-0216,Business Client 0216,Manufacturer,Gurugram,North,Home Textiles,Bedsheets,Trade Show,Diya,Won,94,1122.59,0.15,105523.5,89694.97,57326.9,32368.07,2025-07,Q3,2025,LEAD-01449,Converted,26,Existing
ORD-01450,2025-01-17,CUST-0343,Business Client 0343,Retailer,Bengaluru,South,Home Decor,Vases,Website,Rohan,Pending,17,1975.45,0.05,33582.67,31903.54,21271.55,10631.99,2025-01,Q1,2025,LEAD-01450,Open,44,New
ORD-01451,2026-06-08,CUST-0251,Business Client 0251,Institutional Buyer,Pune,West,Home Textiles,Cushion Covers,Referral,Diya,Won,15,815.91,0.15,12238.7,10402.9,7932.65,2470.25,2026-06,Q2,2026,LEAD-01451,Converted,44,New
ORD-01452,2026-02-05,CUST-0341,Business Client 0341,Institutional Buyer,Chennai,South,Houseware,Utility,Referral,Arjun,Won,45,2920.32,0.1,131414.18,118272.76,87896.51,30376.25,2026-02,Q1,2026,LEAD-01452,Converted,32,Existing
ORD-01453,2025-01-22,CUST-0360,Business Client 0360,Interior Designer,Nagpur,Central,Home Decor,Wall Decor,Sales Call,Kabir,Won,30,3906.64,0.0,117199.08,117199.08,80461.33,36737.75,2025-01,Q1,2025,LEAD-01453,Converted,9,New
ORD-01454,2026-04-19,CUST-0232,Business Client 0232,Distributor,Delhi,North,Home Decor,Vases,Website,Meera,Won,68,1043.42,0.0,70952.83,70952.83,51769.89,19182.94,2026-04,Q2,2026,LEAD-01454,Converted,26,Existing
ORD-01455,2025-04-30,CUST-0006,Business Client 0006,Retailer,Jaipur,North,Home Textiles,Cushion Covers,Website,Diya,Won,94,2173.02,0.05,204263.48,194050.3,133815.01,60235.29,2025-04,Q2,2025,LEAD-01455,Converted,34,New
ORD-01456,2025-07-29,CUST-0198,Business Client 0198,Distributor,Bengaluru,South,Home Textiles,Bedsheets,Referral,Arjun,Won,61,1350.78,0.0,82397.29,82397.29,62118.61,20278.68,2025-07,Q3,2025,LEAD-01456,Converted,24,Existing
ORD-01457,2025-11-02,CUST-0357,Business Client 0357,Institutional Buyer,Gurugram,North,Home Textiles,Curtains,Sales Call,Meera,Won,70,539.22,0.2,37745.46,30196.37,20672.84,9523.53,2025-11,Q4,2025,LEAD-01457,Converted,27,Existing
ORD-01458,2025-09-27,CUST-0365,Business Client 0365,Importer,Nagpur,Central,Houseware,Kitchenware,Email Campaign,Ishita,Lost,33,1727.37,0.15,57003.23,48452.75,35208.44,13244.31,2025-09,Q3,2025,LEAD-01458,Lost,23,Existing
ORD-01459,2025-10-12,CUST-0387,Business Client 0387,Manufacturer,Delhi,North,Clothing & Fashion,Apparel,Referral,Diya,Won,5,1163.9,0.0,5819.52,5819.52,3869.46,1950.06,2025-10,Q4,2025,LEAD-01459,Converted,12,Existing
ORD-01460,2025-08-15,CUST-0043,Business Client 0043,Importer,Chennai,South,Home Textiles,Cushion Covers,Trade Show,Meera,Won,83,3109.02,0.2,258048.61,206438.89,143906.41,62532.48,2025-08,Q3,2025,LEAD-01460,Converted,25,Existing
ORD-01461,2026-01-16,CUST-0237,Business Client 0237,Institutional Buyer,Surat,West,Home Decor,Vases,Trade Show,Diya,Won,73,3877.52,0.15,283059.24,240600.35,157675.29,82925.06,2026-01,Q1,2026,LEAD-01461,Converted,7,Existing
ORD-01462,2026-04-05,CUST-0157,Business Client 0157,Institutional Buyer,Ahmedabad,West,Home Textiles,Curtains,Sales Call,Rohan,Won,95,1160.8,0.15,110275.85,93734.48,63694.83,30039.65,2026-04,Q2,2026,LEAD-01462,Converted,16,Existing
ORD-01463,2025-01-07,CUST-0394,Business Client 0394,Importer,Chennai,South,Clothing & Fashion,Apparel,Sales Call,Anaya,Won,65,2153.87,0.2,140001.31,112001.05,84259.02,27742.03,2025-01,Q1,2025,LEAD-01463,Converted,37,New
ORD-01464,2025-01-29,CUST-0271,Business Client 0271,Retailer,Mumbai,West,Home Textiles,Bedsheets,Trade Show,Diya,Won,26,3310.32,0.1,86068.22,77461.4,57001.77,20459.63,2025-01,Q1,2025,LEAD-01464,Converted,6,Existing
ORD-01465,2025-02-02,CUST-0225,Business Client 0225,Manufacturer,Kochi,South,Gifts,Corporate Gifts,Website,Arjun,Pending,89,2136.79,0.0,190174.73,190174.73,129108.23,61066.5,2025-02,Q1,2025,LEAD-01465,Open,27,New
ORD-01466,2025-03-20,CUST-0341,Business Client 0341,Importer,Surat,West,Houseware,Tableware,Referral,Rohan,Won,7,1920.96,0.0,13446.7,13446.7,8130.54,5316.16,2025-03,Q1,2025,LEAD-01466,Converted,31,New
ORD-01467,2026-04-04,CUST-0152,Business Client 0152,Institutional Buyer,Nagpur,Central,Clothing & Fashion,Apparel,Trade Show,Meera,Won,14,4441.43,0.1,62180.07,55962.06,37945.58,18016.48,2026-04,Q2,2026,LEAD-01467,Converted,29,Existing
ORD-01468,2026-07-24,CUST-0058,Business Client 0058,Distributor,Delhi,North,Clothing & Fashion,Fashion Accessories,Sales Call,Arjun,Pending,32,4101.13,0.15,131236.07,111550.66,72168.06,39382.6,2026-07,Q3,2026,LEAD-01468,Open,43,Existing
ORD-01469,2026-06-22,CUST-0221,Business Client 0221,Importer,Bengaluru,South,Home Textiles,Bedsheets,Sales Call,Aarav,Won,51,3487.92,0.0,177884.03,177884.03,113856.85,64027.18,2026-06,Q2,2026,LEAD-01469,Converted,18,Existing
ORD-01470,2026-04-27,CUST-0295,Business Client 0295,Retailer,Nagpur,Central,Home Textiles,Towels,Trade Show,Rohan,Won,85,1923.27,0.0,163477.91,163477.91,126856.91,36621.0,2026-04,Q2,2026,LEAD-01470,Converted,11,Existing
ORD-01471,2026-03-06,CUST-0262,Business Client 0262,Distributor,Surat,West,Gifts,Corporate Gifts,Trade Show,Meera,Pending,20,1271.78,0.0,25435.65,25435.65,18779.93,6655.72,2026-03,Q1,2026,LEAD-01471,Open,39,Existing
ORD-01472,2025-10-12,CUST-0090,Business Client 0090,Retailer,Ahmedabad,West,Houseware,Kitchenware,Field Visit,Aarav,Won,8,2947.77,0.2,23582.13,18865.7,14214.49,4651.21,2025-10,Q4,2025,LEAD-01472,Converted,27,Existing
ORD-01473,2026-05-31,CUST-0132,Business Client 0132,Interior Designer,Delhi,North,Home Textiles,Curtains,Referral,Arjun,Won,61,1692.95,0.15,103269.92,87779.44,56451.64,31327.8,2026-05,Q2,2026,LEAD-01473,Converted,40,Existing
ORD-01474,2025-04-09,CUST-0344,Business Client 0344,Distributor,Pune,West,Home Textiles,Towels,Trade Show,Kabir,Won,56,1391.39,0.1,77917.98,70126.18,52037.78,18088.4,2025-04,Q2,2025,LEAD-01474,Converted,7,New
ORD-01475,2026-02-01,CUST-0125,Business Client 0125,Importer,Kolkata,East,Gifts,Festive Gifts,Trade Show,Ishita,Won,39,1755.83,0.0,68477.38,68477.38,52898.3,15579.08,2026-02,Q1,2026,LEAD-01475,Converted,15,Existing
ORD-01476,2026-05-04,CUST-0001,Business Client 0001,Manufacturer,Delhi,North,Clothing & Fashion,Lifestyle,Sales Call,Arjun,Won,26,891.79,0.05,23186.57,22027.24,12819.52,9207.72,2026-05,Q2,2026,LEAD-01476,Converted,22,Existing
ORD-01477,2025-02-08,CUST-0175,Business Client 0175,Importer,Nagpur,Central,Home Textiles,Towels,Trade Show,Arjun,Won,78,3459.37,0.1,269830.84,242847.75,175232.1,67615.65,2025-02,Q1,2025,LEAD-01477,Converted,18,New
ORD-01478,2025-09-28,CUST-0280,Business Client 0280,Retailer,Guwahati,East,Houseware,Utility,Trade Show,Aarav,Won,66,2204.41,0.0,145490.74,145490.74,89626.28,55864.46,2025-09,Q3,2025,LEAD-01478,Converted,33,Existing
ORD-01479,2025-06-06,CUST-0222,Business Client 0222,Manufacturer,Jaipur,North,Houseware,Kitchenware,Website,Rohan,Pending,74,1450.75,0.05,107355.71,101987.93,74556.96,27430.97,2025-06,Q2,2025,LEAD-01479,Open,38,New
ORD-01480,2025-03-16,CUST-0005,Business Client 0005,Retailer,Gurugram,North,Home Textiles,Towels,Sales Call,Anaya,Won,40,2783.92,0.05,111356.96,105789.11,62054.52,43734.59,2025-03,Q1,2025,LEAD-01480,Converted,15,New
ORD-01481,2025-05-10,CUST-0004,Business Client 0004,Retailer,Bhubaneswar,East,Clothing & Fashion,Lifestyle,Sales Call,Aarav,Pending,24,2299.89,0.1,55197.42,49677.68,35218.46,14459.22,2025-05,Q2,2025,LEAD-01481,Open,22,New
ORD-01482,2025-03-25,CUST-0079,Business Client 0079,Institutional Buyer,Kochi,South,Home Textiles,Curtains,Website,Rohan,Won,69,2141.99,0.0,147797.05,147797.05,86527.4,61269.65,2025-03,Q1,2025,LEAD-01482,Converted,37,New
ORD-01483,2025-01-22,CUST-0319,Business Client 0319,Importer,Bhubaneswar,East,Clothing & Fashion,Lifestyle,Field Visit,Aarav,Won,74,3093.54,0.05,228922.22,217476.11,153428.91,64047.2,2025-01,Q1,2025,LEAD-01483,Converted,10,New
ORD-01484,2026-04-04,CUST-0324,Business Client 0324,Retailer,Bengaluru,South,Gifts,Festive Gifts,Website,Diya,Won,14,1384.14,0.1,19377.94,17440.14,10799.75,6640.39,2026-04,Q2,2026,LEAD-01484,Converted,31,Existing
ORD-01485,2026-06-23,CUST-0388,Business Client 0388,Manufacturer,Kochi,South,Home Decor,Decorative Lamps,Trade Show,Ishita,Won,17,6900.35,0.05,117306.03,111440.73,85101.23,26339.5,2026-06,Q2,2026,LEAD-01485,Converted,31,Existing
ORD-01486,2026-01-17,CUST-0306,Business Client 0306,Distributor,Ahmedabad,West,Houseware,Utility,Sales Call,Diya,Won,26,2370.44,0.0,61631.49,61631.49,35975.87,25655.62,2026-01,Q1,2026,LEAD-01486,Converted,32,Existing
ORD-01487,2026-03-16,CUST-0204,Business Client 0204,Retailer,Gurugram,North,Houseware,Kitchenware,Trade Show,Meera,Lost,96,579.91,0.0,55671.04,55671.04,34738.57,20932.47,2026-03,Q1,2026,LEAD-01487,Lost,28,Existing
ORD-01488,2026-08-27,CUST-0237,Business Client 0237,Retailer,Surat,West,Home Decor,Decorative Lamps,Sales Call,Arjun,Won,66,3753.09,0.15,247704.12,210548.5,155185.76,55362.74,2026-08,Q3,2026,LEAD-01488,Converted,23,Existing
ORD-01489,2025-01-21,CUST-0340,Business Client 0340,Interior Designer,Nagpur,Central,Home Decor,Rugs,Website,Arjun,Won,24,2711.97,0.2,65087.2,52069.76,37418.48,14651.28,2025-01,Q1,2025,LEAD-01489,Converted,14,New
ORD-01490,2025-10-30,CUST-0283,Business Client 0283,Retailer,Surat,West,Gifts,Gift Sets,Referral,Meera,Won,28,835.19,0.05,23385.36,22216.1,13378.79,8837.31,2025-10,Q4,2025,LEAD-01490,Converted,42,Existing
ORD-01491,2025-03-25,CUST-0178,Business Client 0178,Interior Designer,Lucknow,North,Home Decor,Wall Decor,Website,Ishita,Won,38,935.79,0.0,35559.89,35559.89,27153.62,8406.27,2025-03,Q1,2025,LEAD-01491,Converted,45,New
ORD-01492,2026-03-29,CUST-0260,Business Client 0260,Importer,Delhi,North,Home Textiles,Bedsheets,Website,Aarav,Won,88,1905.31,0.15,167666.91,142516.88,110090.88,32426.0,2026-03,Q1,2026,LEAD-01492,Converted,26,Existing
ORD-01493,2026-01-22,CUST-0276,Business Client 0276,Interior Designer,Gurugram,North,Gifts,Festive Gifts,Sales Call,Arjun,Won,97,1405.01,0.1,136286.17,122657.56,85719.68,36937.88,2026-01,Q1,2026,LEAD-01493,Converted,23,New
ORD-01494,2026-05-22,CUST-0144,Business Client 0144,Retailer,Delhi,North,Home Textiles,Cushion Covers,Trade Show,Kabir,Won,45,2018.32,0.0,90824.2,90824.2,55930.29,34893.91,2026-05,Q2,2026,LEAD-01494,Converted,23,Existing
ORD-01495,2025-09-14,CUST-0109,Business Client 0109,Distributor,Surat,West,Gifts,Corporate Gifts,Website,Rohan,Won,91,2336.79,0.05,212647.7,202015.31,123268.76,78746.55,2025-09,Q3,2025,LEAD-01495,Converted,14,New
ORD-01496,2026-07-24,CUST-0201,Business Client 0201,Manufacturer,Nagpur,Central,Home Textiles,Cushion Covers,Website,Rohan,Won,82,1038.54,0.2,85160.62,68128.49,46002.99,22125.5,2026-07,Q3,2026,LEAD-01496,Converted,5,Existing
ORD-01497,2026-06-11,CUST-0289,Business Client 0289,Institutional Buyer,Ahmedabad,West,Home Decor,Decorative Lamps,Trade Show,Rohan,Lost,51,3093.22,0.2,157754.01,126203.21,82764.83,43438.38,2026-06,Q2,2026,LEAD-01497,Lost,8,Existing
ORD-01498,2025-06-11,CUST-0371,Business Client 0371,Distributor,Ahmedabad,West,Houseware,Utility,Website,Ishita,Won,90,2960.8,0.0,266472.07,266472.07,188152.01,78320.06,2025-06,Q2,2025,LEAD-01498,Converted,16,New
ORD-01499,2025-06-12,CUST-0291,Business Client 0291,Interior Designer,Kochi,South,Houseware,Kitchenware,Sales Call,Arjun,Won,30,563.92,0.05,16917.47,16071.59,10738.23,5333.36,2025-06,Q2,2025,LEAD-01499,Converted,44,Existing
ORD-01500,2026-06-08,CUST-0148,Business Client 0148,Distributor,Bhubaneswar,East,Home Decor,Rugs,Website,Meera,Won,47,3230.82,0.05,151848.63,144256.2,95620.06,48636.14,2026-06,Q2,2026,LEAD-01500,Converted,18,Existing
